ISO-10303-21;
HEADER;
/* Generated by software containing ST-Developer
 * from STEP Tools, Inc. (www.steptools.com) 
 */

FILE_DESCRIPTION(
/* description */ (''),
/* implementation_level */ '2;1');

FILE_NAME(
/* name */ 'new_window_sensor.step',
/* time_stamp */ '2025-08-06T23:43:29+02:00',
/* author */ (''),
/* organization */ (''),
/* preprocessor_version */ 'ST-DEVELOPER v20',
/* originating_system */ 'Autodesk Translation Framework v13.20.0.188',

/* authorisation */ '');

FILE_SCHEMA (('AUTOMOTIVE_DESIGN { 1 0 10303 214 3 1 1 }'));
ENDSEC;

DATA;
#10=MECHANICAL_DESIGN_GEOMETRIC_PRESENTATION_REPRESENTATION('',(#13,#14),
#4478);
#11=SHAPE_REPRESENTATION_RELATIONSHIP('SRR','None',#4485,#12);
#12=ADVANCED_BREP_SHAPE_REPRESENTATION('',(#15,#16),#4477);
#13=STYLED_ITEM('',(#4494),#15);
#14=STYLED_ITEM('',(#4494),#16);
#15=MANIFOLD_SOLID_BREP('K\X\F6rper1',#2771);
#16=MANIFOLD_SOLID_BREP('K\X\F6rper5',#2772);
#17=FACE_BOUND('',#211,.T.);
#18=FACE_BOUND('',#212,.T.);
#19=FACE_BOUND('',#265,.T.);
#20=FACE_BOUND('',#266,.T.);
#21=FACE_BOUND('',#279,.T.);
#22=FACE_BOUND('',#280,.T.);
#23=FACE_BOUND('',#283,.T.);
#24=FACE_BOUND('',#284,.T.);
#25=FACE_BOUND('',#289,.T.);
#26=FACE_BOUND('',#293,.T.);
#27=FACE_BOUND('',#301,.T.);
#28=FACE_BOUND('',#304,.T.);
#29=CIRCLE('',#2796,1.5);
#30=CIRCLE('',#2797,1.5);
#31=CIRCLE('',#2805,1.5);
#32=CIRCLE('',#2807,1.5);
#33=CIRCLE('',#2848,0.5);
#34=CIRCLE('',#2849,0.5);
#35=CIRCLE('',#2852,0.5);
#36=CIRCLE('',#2853,0.5);
#37=CIRCLE('',#2873,1.5);
#38=CIRCLE('',#2874,1.5);
#39=CIRCLE('',#2878,2.5);
#40=CIRCLE('',#2886,2.5);
#41=CIRCLE('',#2891,2.5);
#42=CIRCLE('',#2897,2.5);
#43=CIRCLE('',#2903,2.5);
#44=CIRCLE('',#2905,1.5);
#45=CIRCLE('',#2907,2.5);
#46=CIRCLE('',#2909,1.5);
#47=CYLINDRICAL_SURFACE('',#2789,2.5);
#48=CYLINDRICAL_SURFACE('',#2800,2.5);
#49=CYLINDRICAL_SURFACE('',#2804,1.5);
#50=CYLINDRICAL_SURFACE('',#2806,1.5);
#51=CYLINDRICAL_SURFACE('',#2847,0.5);
#52=CYLINDRICAL_SURFACE('',#2851,0.5);
#53=CYLINDRICAL_SURFACE('',#2875,2.5);
#54=CYLINDRICAL_SURFACE('',#2892,2.5);
#55=CYLINDRICAL_SURFACE('',#2902,2.5);
#56=CYLINDRICAL_SURFACE('',#2906,2.5);
#57=CYLINDRICAL_SURFACE('',#2910,1.5);
#58=CYLINDRICAL_SURFACE('',#2911,1.5);
#59=FACE_OUTER_BOUND('',#207,.T.);
#60=FACE_OUTER_BOUND('',#208,.T.);
#61=FACE_OUTER_BOUND('',#209,.T.);
#62=FACE_OUTER_BOUND('',#210,.T.);
#63=FACE_OUTER_BOUND('',#213,.T.);
#64=FACE_OUTER_BOUND('',#214,.T.);
#65=FACE_OUTER_BOUND('',#215,.T.);
#66=FACE_OUTER_BOUND('',#216,.T.);
#67=FACE_OUTER_BOUND('',#217,.T.);
#68=FACE_OUTER_BOUND('',#218,.T.);
#69=FACE_OUTER_BOUND('',#219,.T.);
#70=FACE_OUTER_BOUND('',#220,.T.);
#71=FACE_OUTER_BOUND('',#221,.T.);
#72=FACE_OUTER_BOUND('',#222,.T.);
#73=FACE_OUTER_BOUND('',#223,.T.);
#74=FACE_OUTER_BOUND('',#224,.T.);
#75=FACE_OUTER_BOUND('',#225,.T.);
#76=FACE_OUTER_BOUND('',#226,.T.);
#77=FACE_OUTER_BOUND('',#227,.T.);
#78=FACE_OUTER_BOUND('',#228,.T.);
#79=FACE_OUTER_BOUND('',#229,.T.);
#80=FACE_OUTER_BOUND('',#230,.T.);
#81=FACE_OUTER_BOUND('',#231,.T.);
#82=FACE_OUTER_BOUND('',#232,.T.);
#83=FACE_OUTER_BOUND('',#233,.T.);
#84=FACE_OUTER_BOUND('',#234,.T.);
#85=FACE_OUTER_BOUND('',#235,.T.);
#86=FACE_OUTER_BOUND('',#236,.T.);
#87=FACE_OUTER_BOUND('',#237,.T.);
#88=FACE_OUTER_BOUND('',#238,.T.);
#89=FACE_OUTER_BOUND('',#239,.T.);
#90=FACE_OUTER_BOUND('',#240,.T.);
#91=FACE_OUTER_BOUND('',#241,.T.);
#92=FACE_OUTER_BOUND('',#242,.T.);
#93=FACE_OUTER_BOUND('',#243,.T.);
#94=FACE_OUTER_BOUND('',#244,.T.);
#95=FACE_OUTER_BOUND('',#245,.T.);
#96=FACE_OUTER_BOUND('',#246,.T.);
#97=FACE_OUTER_BOUND('',#247,.T.);
#98=FACE_OUTER_BOUND('',#248,.T.);
#99=FACE_OUTER_BOUND('',#249,.T.);
#100=FACE_OUTER_BOUND('',#250,.T.);
#101=FACE_OUTER_BOUND('',#251,.T.);
#102=FACE_OUTER_BOUND('',#252,.T.);
#103=FACE_OUTER_BOUND('',#253,.T.);
#104=FACE_OUTER_BOUND('',#254,.T.);
#105=FACE_OUTER_BOUND('',#255,.T.);
#106=FACE_OUTER_BOUND('',#256,.T.);
#107=FACE_OUTER_BOUND('',#257,.T.);
#108=FACE_OUTER_BOUND('',#258,.T.);
#109=FACE_OUTER_BOUND('',#259,.T.);
#110=FACE_OUTER_BOUND('',#260,.T.);
#111=FACE_OUTER_BOUND('',#261,.T.);
#112=FACE_OUTER_BOUND('',#262,.T.);
#113=FACE_OUTER_BOUND('',#263,.T.);
#114=FACE_OUTER_BOUND('',#264,.T.);
#115=FACE_OUTER_BOUND('',#267,.T.);
#116=FACE_OUTER_BOUND('',#268,.T.);
#117=FACE_OUTER_BOUND('',#269,.T.);
#118=FACE_OUTER_BOUND('',#270,.T.);
#119=FACE_OUTER_BOUND('',#271,.T.);
#120=FACE_OUTER_BOUND('',#272,.T.);
#121=FACE_OUTER_BOUND('',#273,.T.);
#122=FACE_OUTER_BOUND('',#274,.T.);
#123=FACE_OUTER_BOUND('',#275,.T.);
#124=FACE_OUTER_BOUND('',#276,.T.);
#125=FACE_OUTER_BOUND('',#277,.T.);
#126=FACE_OUTER_BOUND('',#278,.T.);
#127=FACE_OUTER_BOUND('',#281,.T.);
#128=FACE_OUTER_BOUND('',#282,.T.);
#129=FACE_OUTER_BOUND('',#285,.T.);
#130=FACE_OUTER_BOUND('',#286,.T.);
#131=FACE_OUTER_BOUND('',#287,.T.);
#132=FACE_OUTER_BOUND('',#288,.T.);
#133=FACE_OUTER_BOUND('',#290,.T.);
#134=FACE_OUTER_BOUND('',#291,.T.);
#135=FACE_OUTER_BOUND('',#292,.T.);
#136=FACE_OUTER_BOUND('',#294,.T.);
#137=FACE_OUTER_BOUND('',#295,.T.);
#138=FACE_OUTER_BOUND('',#296,.T.);
#139=FACE_OUTER_BOUND('',#297,.T.);
#140=FACE_OUTER_BOUND('',#298,.T.);
#141=FACE_OUTER_BOUND('',#299,.T.);
#142=FACE_OUTER_BOUND('',#300,.T.);
#143=FACE_OUTER_BOUND('',#302,.T.);
#144=FACE_OUTER_BOUND('',#303,.T.);
#145=FACE_OUTER_BOUND('',#305,.T.);
#146=FACE_OUTER_BOUND('',#306,.T.);
#147=FACE_OUTER_BOUND('',#307,.T.);
#148=FACE_OUTER_BOUND('',#308,.T.);
#149=FACE_OUTER_BOUND('',#309,.T.);
#150=FACE_OUTER_BOUND('',#310,.T.);
#151=FACE_OUTER_BOUND('',#311,.T.);
#152=FACE_OUTER_BOUND('',#312,.T.);
#153=FACE_OUTER_BOUND('',#313,.T.);
#154=FACE_OUTER_BOUND('',#314,.T.);
#155=FACE_OUTER_BOUND('',#315,.T.);
#156=FACE_OUTER_BOUND('',#316,.T.);
#157=FACE_OUTER_BOUND('',#317,.T.);
#158=FACE_OUTER_BOUND('',#318,.T.);
#159=FACE_OUTER_BOUND('',#319,.T.);
#160=FACE_OUTER_BOUND('',#320,.T.);
#161=FACE_OUTER_BOUND('',#321,.T.);
#162=FACE_OUTER_BOUND('',#322,.T.);
#163=FACE_OUTER_BOUND('',#323,.T.);
#164=FACE_OUTER_BOUND('',#324,.T.);
#165=FACE_OUTER_BOUND('',#325,.T.);
#166=FACE_OUTER_BOUND('',#326,.T.);
#167=FACE_OUTER_BOUND('',#327,.T.);
#168=FACE_OUTER_BOUND('',#328,.T.);
#169=FACE_OUTER_BOUND('',#329,.T.);
#170=FACE_OUTER_BOUND('',#330,.T.);
#171=FACE_OUTER_BOUND('',#331,.T.);
#172=FACE_OUTER_BOUND('',#332,.T.);
#173=FACE_OUTER_BOUND('',#333,.T.);
#174=FACE_OUTER_BOUND('',#334,.T.);
#175=FACE_OUTER_BOUND('',#335,.T.);
#176=FACE_OUTER_BOUND('',#336,.T.);
#177=FACE_OUTER_BOUND('',#337,.T.);
#178=FACE_OUTER_BOUND('',#338,.T.);
#179=FACE_OUTER_BOUND('',#339,.T.);
#180=FACE_OUTER_BOUND('',#340,.T.);
#181=FACE_OUTER_BOUND('',#341,.T.);
#182=FACE_OUTER_BOUND('',#342,.T.);
#183=FACE_OUTER_BOUND('',#343,.T.);
#184=FACE_OUTER_BOUND('',#344,.T.);
#185=FACE_OUTER_BOUND('',#345,.T.);
#186=FACE_OUTER_BOUND('',#346,.T.);
#187=FACE_OUTER_BOUND('',#347,.T.);
#188=FACE_OUTER_BOUND('',#348,.T.);
#189=FACE_OUTER_BOUND('',#349,.T.);
#190=FACE_OUTER_BOUND('',#350,.T.);
#191=FACE_OUTER_BOUND('',#351,.T.);
#192=FACE_OUTER_BOUND('',#352,.T.);
#193=FACE_OUTER_BOUND('',#353,.T.);
#194=FACE_OUTER_BOUND('',#354,.T.);
#195=FACE_OUTER_BOUND('',#355,.T.);
#196=FACE_OUTER_BOUND('',#356,.T.);
#197=FACE_OUTER_BOUND('',#357,.T.);
#198=FACE_OUTER_BOUND('',#358,.T.);
#199=FACE_OUTER_BOUND('',#359,.T.);
#200=FACE_OUTER_BOUND('',#360,.T.);
#201=FACE_OUTER_BOUND('',#361,.T.);
#202=FACE_OUTER_BOUND('',#362,.T.);
#203=FACE_OUTER_BOUND('',#363,.T.);
#204=FACE_OUTER_BOUND('',#364,.T.);
#205=FACE_OUTER_BOUND('',#365,.T.);
#206=FACE_OUTER_BOUND('',#366,.T.);
#207=EDGE_LOOP('',(#1715,#1716,#1717,#1718,#1719,#1720));
#208=EDGE_LOOP('',(#1721,#1722,#1723,#1724,#1725,#1726));
#209=EDGE_LOOP('',(#1727,#1728,#1729,#1730,#1731,#1732));
#210=EDGE_LOOP('',(#1733,#1734,#1735,#1736,#1737,#1738,#1739,#1740,#1741,
#1742,#1743,#1744,#1745,#1746,#1747,#1748,#1749,#1750,#1751,#1752,#1753,
#1754,#1755,#1756,#1757,#1758,#1759,#1760,#1761,#1762,#1763,#1764,#1765,
#1766));
#211=EDGE_LOOP('',(#1767));
#212=EDGE_LOOP('',(#1768));
#213=EDGE_LOOP('',(#1769,#1770,#1771,#1772));
#214=EDGE_LOOP('',(#1773,#1774,#1775,#1776,#1777,#1778,#1779,#1780,#1781,
#1782,#1783));
#215=EDGE_LOOP('',(#1784,#1785,#1786,#1787,#1788,#1789));
#216=EDGE_LOOP('',(#1790,#1791,#1792,#1793,#1794,#1795,#1796,#1797,#1798,
#1799,#1800));
#217=EDGE_LOOP('',(#1801,#1802,#1803,#1804));
#218=EDGE_LOOP('',(#1805,#1806,#1807,#1808));
#219=EDGE_LOOP('',(#1809,#1810,#1811,#1812));
#220=EDGE_LOOP('',(#1813,#1814,#1815,#1816));
#221=EDGE_LOOP('',(#1817,#1818,#1819,#1820));
#222=EDGE_LOOP('',(#1821,#1822,#1823,#1824));
#223=EDGE_LOOP('',(#1825,#1826,#1827,#1828));
#224=EDGE_LOOP('',(#1829,#1830,#1831,#1832,#1833));
#225=EDGE_LOOP('',(#1834,#1835,#1836,#1837,#1838));
#226=EDGE_LOOP('',(#1839,#1840,#1841,#1842));
#227=EDGE_LOOP('',(#1843,#1844,#1845,#1846));
#228=EDGE_LOOP('',(#1847,#1848,#1849,#1850));
#229=EDGE_LOOP('',(#1851,#1852,#1853,#1854));
#230=EDGE_LOOP('',(#1855,#1856,#1857,#1858));
#231=EDGE_LOOP('',(#1859,#1860,#1861,#1862));
#232=EDGE_LOOP('',(#1863,#1864,#1865,#1866));
#233=EDGE_LOOP('',(#1867,#1868,#1869,#1870));
#234=EDGE_LOOP('',(#1871,#1872,#1873,#1874));
#235=EDGE_LOOP('',(#1875,#1876,#1877,#1878));
#236=EDGE_LOOP('',(#1879,#1880,#1881,#1882));
#237=EDGE_LOOP('',(#1883,#1884,#1885,#1886));
#238=EDGE_LOOP('',(#1887,#1888,#1889,#1890));
#239=EDGE_LOOP('',(#1891,#1892,#1893,#1894));
#240=EDGE_LOOP('',(#1895,#1896,#1897,#1898,#1899,#1900));
#241=EDGE_LOOP('',(#1901,#1902,#1903,#1904,#1905,#1906));
#242=EDGE_LOOP('',(#1907,#1908,#1909,#1910,#1911,#1912));
#243=EDGE_LOOP('',(#1913,#1914,#1915,#1916,#1917,#1918,#1919,#1920,#1921,
#1922,#1923,#1924,#1925,#1926));
#244=EDGE_LOOP('',(#1927,#1928,#1929,#1930));
#245=EDGE_LOOP('',(#1931,#1932,#1933,#1934));
#246=EDGE_LOOP('',(#1935,#1936,#1937,#1938));
#247=EDGE_LOOP('',(#1939,#1940,#1941,#1942));
#248=EDGE_LOOP('',(#1943,#1944,#1945,#1946));
#249=EDGE_LOOP('',(#1947,#1948,#1949,#1950));
#250=EDGE_LOOP('',(#1951,#1952,#1953,#1954));
#251=EDGE_LOOP('',(#1955,#1956,#1957,#1958));
#252=EDGE_LOOP('',(#1959,#1960,#1961,#1962));
#253=EDGE_LOOP('',(#1963,#1964,#1965,#1966));
#254=EDGE_LOOP('',(#1967,#1968,#1969,#1970));
#255=EDGE_LOOP('',(#1971,#1972,#1973,#1974));
#256=EDGE_LOOP('',(#1975,#1976,#1977,#1978));
#257=EDGE_LOOP('',(#1979,#1980,#1981,#1982));
#258=EDGE_LOOP('',(#1983,#1984,#1985,#1986));
#259=EDGE_LOOP('',(#1987));
#260=EDGE_LOOP('',(#1988,#1989,#1990,#1991));
#261=EDGE_LOOP('',(#1992));
#262=EDGE_LOOP('',(#1993,#1994,#1995,#1996));
#263=EDGE_LOOP('',(#1997,#1998,#1999,#2000));
#264=EDGE_LOOP('',(#2001,#2002,#2003,#2004));
#265=EDGE_LOOP('',(#2005));
#266=EDGE_LOOP('',(#2006));
#267=EDGE_LOOP('',(#2007,#2008,#2009,#2010,#2011,#2012,#2013,#2014));
#268=EDGE_LOOP('',(#2015,#2016,#2017,#2018));
#269=EDGE_LOOP('',(#2019,#2020,#2021,#2022));
#270=EDGE_LOOP('',(#2023,#2024,#2025,#2026));
#271=EDGE_LOOP('',(#2027,#2028,#2029,#2030));
#272=EDGE_LOOP('',(#2031,#2032,#2033,#2034));
#273=EDGE_LOOP('',(#2035,#2036,#2037,#2038));
#274=EDGE_LOOP('',(#2039,#2040,#2041,#2042));
#275=EDGE_LOOP('',(#2043,#2044,#2045,#2046,#2047));
#276=EDGE_LOOP('',(#2048,#2049,#2050,#2051,#2052));
#277=EDGE_LOOP('',(#2053,#2054,#2055,#2056));
#278=EDGE_LOOP('',(#2057,#2058,#2059,#2060,#2061,#2062,#2063,#2064,#2065,
#2066,#2067,#2068,#2069,#2070,#2071,#2072));
#279=EDGE_LOOP('',(#2073));
#280=EDGE_LOOP('',(#2074));
#281=EDGE_LOOP('',(#2075,#2076,#2077,#2078));
#282=EDGE_LOOP('',(#2079,#2080,#2081,#2082,#2083,#2084,#2085,#2086,#2087,
#2088,#2089,#2090,#2091,#2092,#2093,#2094,#2095,#2096,#2097,#2098,#2099,
#2100,#2101,#2102,#2103,#2104,#2105,#2106,#2107,#2108));
#283=EDGE_LOOP('',(#2109));
#284=EDGE_LOOP('',(#2110));
#285=EDGE_LOOP('',(#2111,#2112,#2113,#2114,#2115,#2116,#2117,#2118,#2119,
#2120));
#286=EDGE_LOOP('',(#2121,#2122,#2123,#2124,#2125,#2126));
#287=EDGE_LOOP('',(#2127,#2128,#2129,#2130));
#288=EDGE_LOOP('',(#2131,#2132,#2133,#2134,#2135,#2136,#2137,#2138));
#289=EDGE_LOOP('',(#2139));
#290=EDGE_LOOP('',(#2140,#2141,#2142,#2143,#2144));
#291=EDGE_LOOP('',(#2145,#2146,#2147,#2148,#2149,#2150));
#292=EDGE_LOOP('',(#2151,#2152,#2153,#2154,#2155,#2156,#2157,#2158));
#293=EDGE_LOOP('',(#2159));
#294=EDGE_LOOP('',(#2160,#2161,#2162,#2163,#2164,#2165,#2166,#2167,#2168,
#2169));
#295=EDGE_LOOP('',(#2170,#2171,#2172,#2173,#2174,#2175,#2176,#2177,#2178,
#2179,#2180,#2181));
#296=EDGE_LOOP('',(#2182,#2183,#2184,#2185,#2186));
#297=EDGE_LOOP('',(#2187,#2188,#2189,#2190,#2191));
#298=EDGE_LOOP('',(#2192,#2193,#2194,#2195));
#299=EDGE_LOOP('',(#2196,#2197,#2198,#2199));
#300=EDGE_LOOP('',(#2200));
#301=EDGE_LOOP('',(#2201));
#302=EDGE_LOOP('',(#2202,#2203,#2204,#2205));
#303=EDGE_LOOP('',(#2206));
#304=EDGE_LOOP('',(#2207));
#305=EDGE_LOOP('',(#2208,#2209,#2210,#2211));
#306=EDGE_LOOP('',(#2212,#2213,#2214,#2215));
#307=EDGE_LOOP('',(#2216,#2217,#2218,#2219));
#308=EDGE_LOOP('',(#2220,#2221,#2222,#2223));
#309=EDGE_LOOP('',(#2224,#2225,#2226,#2227));
#310=EDGE_LOOP('',(#2228,#2229,#2230,#2231));
#311=EDGE_LOOP('',(#2232,#2233,#2234,#2235));
#312=EDGE_LOOP('',(#2236,#2237,#2238,#2239));
#313=EDGE_LOOP('',(#2240,#2241,#2242,#2243));
#314=EDGE_LOOP('',(#2244,#2245,#2246,#2247));
#315=EDGE_LOOP('',(#2248,#2249,#2250,#2251));
#316=EDGE_LOOP('',(#2252,#2253,#2254,#2255));
#317=EDGE_LOOP('',(#2256,#2257,#2258,#2259));
#318=EDGE_LOOP('',(#2260,#2261,#2262,#2263));
#319=EDGE_LOOP('',(#2264,#2265,#2266,#2267));
#320=EDGE_LOOP('',(#2268,#2269,#2270,#2271));
#321=EDGE_LOOP('',(#2272,#2273,#2274,#2275));
#322=EDGE_LOOP('',(#2276,#2277,#2278,#2279));
#323=EDGE_LOOP('',(#2280,#2281,#2282,#2283));
#324=EDGE_LOOP('',(#2284,#2285,#2286,#2287));
#325=EDGE_LOOP('',(#2288,#2289,#2290,#2291));
#326=EDGE_LOOP('',(#2292,#2293,#2294,#2295));
#327=EDGE_LOOP('',(#2296,#2297,#2298,#2299));
#328=EDGE_LOOP('',(#2300,#2301,#2302,#2303));
#329=EDGE_LOOP('',(#2304,#2305,#2306,#2307,#2308,#2309));
#330=EDGE_LOOP('',(#2310,#2311,#2312,#2313));
#331=EDGE_LOOP('',(#2314,#2315,#2316,#2317,#2318,#2319,#2320,#2321,#2322,
#2323,#2324,#2325,#2326,#2327));
#332=EDGE_LOOP('',(#2328,#2329,#2330,#2331,#2332));
#333=EDGE_LOOP('',(#2333,#2334,#2335,#2336));
#334=EDGE_LOOP('',(#2337,#2338,#2339,#2340));
#335=EDGE_LOOP('',(#2341,#2342,#2343,#2344));
#336=EDGE_LOOP('',(#2345,#2346,#2347,#2348));
#337=EDGE_LOOP('',(#2349,#2350,#2351,#2352));
#338=EDGE_LOOP('',(#2353,#2354,#2355,#2356));
#339=EDGE_LOOP('',(#2357,#2358,#2359,#2360));
#340=EDGE_LOOP('',(#2361,#2362,#2363,#2364));
#341=EDGE_LOOP('',(#2365,#2366,#2367,#2368));
#342=EDGE_LOOP('',(#2369,#2370,#2371,#2372));
#343=EDGE_LOOP('',(#2373,#2374,#2375,#2376));
#344=EDGE_LOOP('',(#2377,#2378,#2379,#2380,#2381));
#345=EDGE_LOOP('',(#2382,#2383,#2384,#2385));
#346=EDGE_LOOP('',(#2386,#2387,#2388,#2389));
#347=EDGE_LOOP('',(#2390,#2391,#2392,#2393));
#348=EDGE_LOOP('',(#2394,#2395,#2396,#2397));
#349=EDGE_LOOP('',(#2398,#2399,#2400,#2401));
#350=EDGE_LOOP('',(#2402,#2403,#2404,#2405));
#351=EDGE_LOOP('',(#2406,#2407,#2408,#2409));
#352=EDGE_LOOP('',(#2410,#2411,#2412,#2413));
#353=EDGE_LOOP('',(#2414,#2415,#2416,#2417));
#354=EDGE_LOOP('',(#2418,#2419,#2420,#2421));
#355=EDGE_LOOP('',(#2422,#2423,#2424,#2425));
#356=EDGE_LOOP('',(#2426,#2427,#2428,#2429,#2430,#2431,#2432,#2433,#2434,
#2435,#2436,#2437));
#357=EDGE_LOOP('',(#2438,#2439,#2440,#2441,#2442,#2443));
#358=EDGE_LOOP('',(#2444,#2445,#2446,#2447));
#359=EDGE_LOOP('',(#2448,#2449,#2450,#2451,#2452,#2453));
#360=EDGE_LOOP('',(#2454,#2455,#2456,#2457));
#361=EDGE_LOOP('',(#2458,#2459,#2460,#2461,#2462,#2463));
#362=EDGE_LOOP('',(#2464,#2465,#2466,#2467));
#363=EDGE_LOOP('',(#2468,#2469,#2470,#2471,#2472,#2473));
#364=EDGE_LOOP('',(#2474,#2475,#2476,#2477));
#365=EDGE_LOOP('',(#2478,#2479,#2480,#2481,#2482));
#366=EDGE_LOOP('',(#2483,#2484,#2485,#2486));
#367=LINE('',#3700,#715);
#368=LINE('',#3704,#716);
#369=LINE('',#3706,#717);
#370=LINE('',#3707,#718);
#371=LINE('',#3712,#719);
#372=LINE('',#3717,#720);
#373=LINE('',#3720,#721);
#374=LINE('',#3722,#722);
#375=LINE('',#3724,#723);
#376=LINE('',#3727,#724);
#377=LINE('',#3730,#725);
#378=LINE('',#3732,#726);
#379=LINE('',#3734,#727);
#380=LINE('',#3736,#728);
#381=LINE('',#3738,#729);
#382=LINE('',#3740,#730);
#383=LINE('',#3742,#731);
#384=LINE('',#3744,#732);
#385=LINE('',#3746,#733);
#386=LINE('',#3748,#734);
#387=LINE('',#3750,#735);
#388=LINE('',#3752,#736);
#389=LINE('',#3754,#737);
#390=LINE('',#3756,#738);
#391=LINE('',#3758,#739);
#392=LINE('',#3760,#740);
#393=LINE('',#3762,#741);
#394=LINE('',#3764,#742);
#395=LINE('',#3766,#743);
#396=LINE('',#3768,#744);
#397=LINE('',#3770,#745);
#398=LINE('',#3772,#746);
#399=LINE('',#3774,#747);
#400=LINE('',#3776,#748);
#401=LINE('',#3778,#749);
#402=LINE('',#3780,#750);
#403=LINE('',#3782,#751);
#404=LINE('',#3784,#752);
#405=LINE('',#3786,#753);
#406=LINE('',#3788,#754);
#407=LINE('',#3790,#755);
#408=LINE('',#3792,#756);
#409=LINE('',#3793,#757);
#410=LINE('',#3799,#758);
#411=LINE('',#3802,#759);
#412=LINE('',#3804,#760);
#413=LINE('',#3806,#761);
#414=LINE('',#3808,#762);
#415=LINE('',#3810,#763);
#416=LINE('',#3812,#764);
#417=LINE('',#3814,#765);
#418=LINE('',#3815,#766);
#419=LINE('',#3821,#767);
#420=LINE('',#3823,#768);
#421=LINE('',#3825,#769);
#422=LINE('',#3827,#770);
#423=LINE('',#3829,#771);
#424=LINE('',#3831,#772);
#425=LINE('',#3833,#773);
#426=LINE('',#3834,#774);
#427=LINE('',#3837,#775);
#428=LINE('',#3841,#776);
#429=LINE('',#3845,#777);
#430=LINE('',#3847,#778);
#431=LINE('',#3848,#779);
#432=LINE('',#3851,#780);
#433=LINE('',#3852,#781);
#434=LINE('',#3856,#782);
#435=LINE('',#3857,#783);
#436=LINE('',#3858,#784);
#437=LINE('',#3861,#785);
#438=LINE('',#3862,#786);
#439=LINE('',#3866,#787);
#440=LINE('',#3868,#788);
#441=LINE('',#3870,#789);
#442=LINE('',#3871,#790);
#443=LINE('',#3875,#791);
#444=LINE('',#3877,#792);
#445=LINE('',#3879,#793);
#446=LINE('',#3881,#794);
#447=LINE('',#3882,#795);
#448=LINE('',#3886,#796);
#449=LINE('',#3888,#797);
#450=LINE('',#3890,#798);
#451=LINE('',#3892,#799);
#452=LINE('',#3893,#800);
#453=LINE('',#3896,#801);
#454=LINE('',#3898,#802);
#455=LINE('',#3899,#803);
#456=LINE('',#3902,#804);
#457=LINE('',#3904,#805);
#458=LINE('',#3905,#806);
#459=LINE('',#3908,#807);
#460=LINE('',#3910,#808);
#461=LINE('',#3911,#809);
#462=LINE('',#3914,#810);
#463=LINE('',#3916,#811);
#464=LINE('',#3917,#812);
#465=LINE('',#3920,#813);
#466=LINE('',#3922,#814);
#467=LINE('',#3923,#815);
#468=LINE('',#3926,#816);
#469=LINE('',#3928,#817);
#470=LINE('',#3929,#818);
#471=LINE('',#3931,#819);
#472=LINE('',#3932,#820);
#473=LINE('',#3935,#821);
#474=LINE('',#3937,#822);
#475=LINE('',#3938,#823);
#476=LINE('',#3941,#824);
#477=LINE('',#3943,#825);
#478=LINE('',#3944,#826);
#479=LINE('',#3946,#827);
#480=LINE('',#3947,#828);
#481=LINE('',#3949,#829);
#482=LINE('',#3950,#830);
#483=LINE('',#3952,#831);
#484=LINE('',#3953,#832);
#485=LINE('',#3955,#833);
#486=LINE('',#3957,#834);
#487=LINE('',#3960,#835);
#488=LINE('',#3961,#836);
#489=LINE('',#3964,#837);
#490=LINE('',#3965,#838);
#491=LINE('',#3967,#839);
#492=LINE('',#3968,#840);
#493=LINE('',#3971,#841);
#494=LINE('',#3972,#842);
#495=LINE('',#3974,#843);
#496=LINE('',#3976,#844);
#497=LINE('',#3979,#845);
#498=LINE('',#3981,#846);
#499=LINE('',#3983,#847);
#500=LINE('',#3987,#848);
#501=LINE('',#3989,#849);
#502=LINE('',#3990,#850);
#503=LINE('',#3993,#851);
#504=LINE('',#3994,#852);
#505=LINE('',#3996,#853);
#506=LINE('',#3999,#854);
#507=LINE('',#4001,#855);
#508=LINE('',#4002,#856);
#509=LINE('',#4005,#857);
#510=LINE('',#4006,#858);
#511=LINE('',#4008,#859);
#512=LINE('',#4013,#860);
#513=LINE('',#4020,#861);
#514=LINE('',#4024,#862);
#515=LINE('',#4025,#863);
#516=LINE('',#4027,#864);
#517=LINE('',#4028,#865);
#518=LINE('',#4032,#866);
#519=LINE('',#4034,#867);
#520=LINE('',#4036,#868);
#521=LINE('',#4038,#869);
#522=LINE('',#4039,#870);
#523=LINE('',#4041,#871);
#524=LINE('',#4042,#872);
#525=LINE('',#4044,#873);
#526=LINE('',#4046,#874);
#527=LINE('',#4049,#875);
#528=LINE('',#4050,#876);
#529=LINE('',#4054,#877);
#530=LINE('',#4056,#878);
#531=LINE('',#4064,#879);
#532=LINE('',#4066,#880);
#533=LINE('',#4067,#881);
#534=LINE('',#4070,#882);
#535=LINE('',#4072,#883);
#536=LINE('',#4074,#884);
#537=LINE('',#4076,#885);
#538=LINE('',#4078,#886);
#539=LINE('',#4080,#887);
#540=LINE('',#4082,#888);
#541=LINE('',#4084,#889);
#542=LINE('',#4086,#890);
#543=LINE('',#4088,#891);
#544=LINE('',#4090,#892);
#545=LINE('',#4092,#893);
#546=LINE('',#4094,#894);
#547=LINE('',#4096,#895);
#548=LINE('',#4098,#896);
#549=LINE('',#4100,#897);
#550=LINE('',#4102,#898);
#551=LINE('',#4104,#899);
#552=LINE('',#4106,#900);
#553=LINE('',#4108,#901);
#554=LINE('',#4110,#902);
#555=LINE('',#4112,#903);
#556=LINE('',#4114,#904);
#557=LINE('',#4116,#905);
#558=LINE('',#4118,#906);
#559=LINE('',#4120,#907);
#560=LINE('',#4122,#908);
#561=LINE('',#4124,#909);
#562=LINE('',#4125,#910);
#563=LINE('',#4134,#911);
#564=LINE('',#4142,#912);
#565=LINE('',#4148,#913);
#566=LINE('',#4152,#914);
#567=LINE('',#4154,#915);
#568=LINE('',#4155,#916);
#569=LINE('',#4158,#917);
#570=LINE('',#4159,#918);
#571=LINE('',#4162,#919);
#572=LINE('',#4164,#920);
#573=LINE('',#4166,#921);
#574=LINE('',#4168,#922);
#575=LINE('',#4170,#923);
#576=LINE('',#4172,#924);
#577=LINE('',#4173,#925);
#578=LINE('',#4178,#926);
#579=LINE('',#4180,#927);
#580=LINE('',#4182,#928);
#581=LINE('',#4183,#929);
#582=LINE('',#4186,#930);
#583=LINE('',#4188,#931);
#584=LINE('',#4193,#932);
#585=LINE('',#4195,#933);
#586=LINE('',#4197,#934);
#587=LINE('',#4199,#935);
#588=LINE('',#4201,#936);
#589=LINE('',#4203,#937);
#590=LINE('',#4205,#938);
#591=LINE('',#4206,#939);
#592=LINE('',#4219,#940);
#593=LINE('',#4221,#941);
#594=LINE('',#4223,#942);
#595=LINE('',#4225,#943);
#596=LINE('',#4227,#944);
#597=LINE('',#4229,#945);
#598=LINE('',#4230,#946);
#599=LINE('',#4232,#947);
#600=LINE('',#4233,#948);
#601=LINE('',#4236,#949);
#602=LINE('',#4237,#950);
#603=LINE('',#4240,#951);
#604=LINE('',#4241,#952);
#605=LINE('',#4244,#953);
#606=LINE('',#4245,#954);
#607=LINE('',#4248,#955);
#608=LINE('',#4255,#956);
#609=LINE('',#4261,#957);
#610=LINE('',#4263,#958);
#611=LINE('',#4267,#959);
#612=LINE('',#4268,#960);
#613=LINE('',#4269,#961);
#614=LINE('',#4272,#962);
#615=LINE('',#4273,#963);
#616=LINE('',#4276,#964);
#617=LINE('',#4277,#965);
#618=LINE('',#4280,#966);
#619=LINE('',#4281,#967);
#620=LINE('',#4283,#968);
#621=LINE('',#4284,#969);
#622=LINE('',#4287,#970);
#623=LINE('',#4288,#971);
#624=LINE('',#4290,#972);
#625=LINE('',#4292,#973);
#626=LINE('',#4294,#974);
#627=LINE('',#4297,#975);
#628=LINE('',#4300,#976);
#629=LINE('',#4301,#977);
#630=LINE('',#4304,#978);
#631=LINE('',#4305,#979);
#632=LINE('',#4308,#980);
#633=LINE('',#4309,#981);
#634=LINE('',#4312,#982);
#635=LINE('',#4313,#983);
#636=LINE('',#4315,#984);
#637=LINE('',#4317,#985);
#638=LINE('',#4319,#986);
#639=LINE('',#4321,#987);
#640=LINE('',#4323,#988);
#641=LINE('',#4327,#989);
#642=LINE('',#4329,#990);
#643=LINE('',#4330,#991);
#644=LINE('',#4334,#992);
#645=LINE('',#4336,#993);
#646=LINE('',#4338,#994);
#647=LINE('',#4339,#995);
#648=LINE('',#4342,#996);
#649=LINE('',#4344,#997);
#650=LINE('',#4346,#998);
#651=LINE('',#4348,#999);
#652=LINE('',#4350,#1000);
#653=LINE('',#4352,#1001);
#654=LINE('',#4354,#1002);
#655=LINE('',#4356,#1003);
#656=LINE('',#4358,#1004);
#657=LINE('',#4360,#1005);
#658=LINE('',#4362,#1006);
#659=LINE('',#4364,#1007);
#660=LINE('',#4365,#1008);
#661=LINE('',#4367,#1009);
#662=LINE('',#4368,#1010);
#663=LINE('',#4371,#1011);
#664=LINE('',#4372,#1012);
#665=LINE('',#4375,#1013);
#666=LINE('',#4376,#1014);
#667=LINE('',#4379,#1015);
#668=LINE('',#4380,#1016);
#669=LINE('',#4383,#1017);
#670=LINE('',#4384,#1018);
#671=LINE('',#4387,#1019);
#672=LINE('',#4388,#1020);
#673=LINE('',#4391,#1021);
#674=LINE('',#4392,#1022);
#675=LINE('',#4395,#1023);
#676=LINE('',#4396,#1024);
#677=LINE('',#4399,#1025);
#678=LINE('',#4400,#1026);
#679=LINE('',#4403,#1027);
#680=LINE('',#4404,#1028);
#681=LINE('',#4407,#1029);
#682=LINE('',#4408,#1030);
#683=LINE('',#4411,#1031);
#684=LINE('',#4412,#1032);
#685=LINE('',#4415,#1033);
#686=LINE('',#4416,#1034);
#687=LINE('',#4418,#1035);
#688=LINE('',#4420,#1036);
#689=LINE('',#4422,#1037);
#690=LINE('',#4424,#1038);
#691=LINE('',#4426,#1039);
#692=LINE('',#4428,#1040);
#693=LINE('',#4430,#1041);
#694=LINE('',#4432,#1042);
#695=LINE('',#4434,#1043);
#696=LINE('',#4436,#1044);
#697=LINE('',#4438,#1045);
#698=LINE('',#4441,#1046);
#699=LINE('',#4443,#1047);
#700=LINE('',#4445,#1048);
#701=LINE('',#4446,#1049);
#702=LINE('',#4449,#1050);
#703=LINE('',#4451,#1051);
#704=LINE('',#4452,#1052);
#705=LINE('',#4455,#1053);
#706=LINE('',#4457,#1054);
#707=LINE('',#4458,#1055);
#708=LINE('',#4460,#1056);
#709=LINE('',#4461,#1057);
#710=LINE('',#4464,#1058);
#711=LINE('',#4466,#1059);
#712=LINE('',#4470,#1060);
#713=LINE('',#4471,#1061);
#714=LINE('',#4473,#1062);
#715=VECTOR('',#2978,10.);
#716=VECTOR('',#2981,10.);
#717=VECTOR('',#2982,10.);
#718=VECTOR('',#2983,10.);
#719=VECTOR('',#2988,10.);
#720=VECTOR('',#2993,10.);
#721=VECTOR('',#2996,10.);
#722=VECTOR('',#2997,10.);
#723=VECTOR('',#2998,10.);
#724=VECTOR('',#3001,10.);
#725=VECTOR('',#3004,10.);
#726=VECTOR('',#3005,10.);
#727=VECTOR('',#3006,10.);
#728=VECTOR('',#3007,10.);
#729=VECTOR('',#3008,10.);
#730=VECTOR('',#3009,10.);
#731=VECTOR('',#3010,10.);
#732=VECTOR('',#3011,10.);
#733=VECTOR('',#3012,10.);
#734=VECTOR('',#3013,10.);
#735=VECTOR('',#3014,10.);
#736=VECTOR('',#3015,10.);
#737=VECTOR('',#3016,10.);
#738=VECTOR('',#3017,10.);
#739=VECTOR('',#3018,10.);
#740=VECTOR('',#3019,10.);
#741=VECTOR('',#3020,10.);
#742=VECTOR('',#3021,10.);
#743=VECTOR('',#3022,10.);
#744=VECTOR('',#3023,10.);
#745=VECTOR('',#3024,10.);
#746=VECTOR('',#3025,10.);
#747=VECTOR('',#3026,10.);
#748=VECTOR('',#3027,10.);
#749=VECTOR('',#3028,10.);
#750=VECTOR('',#3029,10.);
#751=VECTOR('',#3030,10.);
#752=VECTOR('',#3031,10.);
#753=VECTOR('',#3032,10.);
#754=VECTOR('',#3033,10.);
#755=VECTOR('',#3034,10.);
#756=VECTOR('',#3035,10.);
#757=VECTOR('',#3036,10.);
#758=VECTOR('',#3043,10.);
#759=VECTOR('',#3046,10.);
#760=VECTOR('',#3047,10.);
#761=VECTOR('',#3048,10.);
#762=VECTOR('',#3049,10.);
#763=VECTOR('',#3050,10.);
#764=VECTOR('',#3051,10.);
#765=VECTOR('',#3052,10.);
#766=VECTOR('',#3053,10.);
#767=VECTOR('',#3062,10.);
#768=VECTOR('',#3063,10.);
#769=VECTOR('',#3064,10.);
#770=VECTOR('',#3065,10.);
#771=VECTOR('',#3066,10.);
#772=VECTOR('',#3067,10.);
#773=VECTOR('',#3068,10.);
#774=VECTOR('',#3069,10.);
#775=VECTOR('',#3072,1.5);
#776=VECTOR('',#3077,1.5);
#777=VECTOR('',#3082,10.);
#778=VECTOR('',#3083,10.);
#779=VECTOR('',#3084,10.);
#780=VECTOR('',#3087,10.);
#781=VECTOR('',#3088,10.);
#782=VECTOR('',#3091,10.);
#783=VECTOR('',#3092,10.);
#784=VECTOR('',#3093,10.);
#785=VECTOR('',#3096,10.);
#786=VECTOR('',#3097,10.);
#787=VECTOR('',#3100,10.);
#788=VECTOR('',#3101,10.);
#789=VECTOR('',#3102,10.);
#790=VECTOR('',#3103,10.);
#791=VECTOR('',#3106,10.);
#792=VECTOR('',#3107,10.);
#793=VECTOR('',#3108,10.);
#794=VECTOR('',#3109,10.);
#795=VECTOR('',#3110,10.);
#796=VECTOR('',#3113,10.);
#797=VECTOR('',#3114,10.);
#798=VECTOR('',#3115,10.);
#799=VECTOR('',#3116,10.);
#800=VECTOR('',#3117,10.);
#801=VECTOR('',#3120,10.);
#802=VECTOR('',#3121,10.);
#803=VECTOR('',#3122,10.);
#804=VECTOR('',#3125,10.);
#805=VECTOR('',#3126,10.);
#806=VECTOR('',#3127,10.);
#807=VECTOR('',#3130,10.);
#808=VECTOR('',#3131,10.);
#809=VECTOR('',#3132,10.);
#810=VECTOR('',#3135,10.);
#811=VECTOR('',#3136,10.);
#812=VECTOR('',#3137,10.);
#813=VECTOR('',#3140,10.);
#814=VECTOR('',#3141,10.);
#815=VECTOR('',#3142,10.);
#816=VECTOR('',#3145,10.);
#817=VECTOR('',#3146,10.);
#818=VECTOR('',#3147,10.);
#819=VECTOR('',#3150,10.);
#820=VECTOR('',#3151,10.);
#821=VECTOR('',#3154,10.);
#822=VECTOR('',#3155,10.);
#823=VECTOR('',#3156,10.);
#824=VECTOR('',#3159,10.);
#825=VECTOR('',#3160,10.);
#826=VECTOR('',#3161,10.);
#827=VECTOR('',#3164,10.);
#828=VECTOR('',#3165,10.);
#829=VECTOR('',#3168,10.);
#830=VECTOR('',#3169,10.);
#831=VECTOR('',#3172,10.);
#832=VECTOR('',#3173,10.);
#833=VECTOR('',#3176,10.);
#834=VECTOR('',#3179,10.);
#835=VECTOR('',#3182,10.);
#836=VECTOR('',#3183,10.);
#837=VECTOR('',#3186,10.);
#838=VECTOR('',#3187,10.);
#839=VECTOR('',#3190,10.);
#840=VECTOR('',#3191,10.);
#841=VECTOR('',#3196,10.);
#842=VECTOR('',#3197,10.);
#843=VECTOR('',#3200,10.);
#844=VECTOR('',#3203,10.);
#845=VECTOR('',#3208,10.);
#846=VECTOR('',#3211,10.);
#847=VECTOR('',#3214,10.);
#848=VECTOR('',#3219,10.);
#849=VECTOR('',#3220,10.);
#850=VECTOR('',#3221,10.);
#851=VECTOR('',#3224,10.);
#852=VECTOR('',#3225,10.);
#853=VECTOR('',#3228,10.);
#854=VECTOR('',#3231,10.);
#855=VECTOR('',#3232,10.);
#856=VECTOR('',#3233,10.);
#857=VECTOR('',#3236,10.);
#858=VECTOR('',#3237,10.);
#859=VECTOR('',#3240,10.);
#860=VECTOR('',#3245,0.5);
#861=VECTOR('',#3254,0.5);
#862=VECTOR('',#3261,10.);
#863=VECTOR('',#3262,10.);
#864=VECTOR('',#3265,10.);
#865=VECTOR('',#3266,10.);
#866=VECTOR('',#3271,10.);
#867=VECTOR('',#3272,10.);
#868=VECTOR('',#3273,10.);
#869=VECTOR('',#3274,10.);
#870=VECTOR('',#3275,10.);
#871=VECTOR('',#3278,10.);
#872=VECTOR('',#3279,10.);
#873=VECTOR('',#3282,10.);
#874=VECTOR('',#3285,10.);
#875=VECTOR('',#3290,10.);
#876=VECTOR('',#3291,10.);
#877=VECTOR('',#3298,10.);
#878=VECTOR('',#3301,10.);
#879=VECTOR('',#3310,10.);
#880=VECTOR('',#3311,10.);
#881=VECTOR('',#3312,10.);
#882=VECTOR('',#3315,10.);
#883=VECTOR('',#3316,10.);
#884=VECTOR('',#3317,10.);
#885=VECTOR('',#3318,10.);
#886=VECTOR('',#3319,10.);
#887=VECTOR('',#3320,10.);
#888=VECTOR('',#3321,10.);
#889=VECTOR('',#3322,10.);
#890=VECTOR('',#3323,10.);
#891=VECTOR('',#3324,10.);
#892=VECTOR('',#3325,10.);
#893=VECTOR('',#3326,10.);
#894=VECTOR('',#3327,10.);
#895=VECTOR('',#3328,10.);
#896=VECTOR('',#3329,10.);
#897=VECTOR('',#3330,10.);
#898=VECTOR('',#3331,10.);
#899=VECTOR('',#3332,10.);
#900=VECTOR('',#3333,10.);
#901=VECTOR('',#3334,10.);
#902=VECTOR('',#3335,10.);
#903=VECTOR('',#3336,10.);
#904=VECTOR('',#3337,10.);
#905=VECTOR('',#3338,10.);
#906=VECTOR('',#3339,10.);
#907=VECTOR('',#3340,10.);
#908=VECTOR('',#3341,10.);
#909=VECTOR('',#3342,10.);
#910=VECTOR('',#3343,10.);
#911=VECTOR('',#3352,10.);
#912=VECTOR('',#3359,10.);
#913=VECTOR('',#3366,10.);
#914=VECTOR('',#3369,10.);
#915=VECTOR('',#3370,10.);
#916=VECTOR('',#3371,10.);
#917=VECTOR('',#3374,10.);
#918=VECTOR('',#3375,10.);
#919=VECTOR('',#3378,10.);
#920=VECTOR('',#3379,10.);
#921=VECTOR('',#3380,10.);
#922=VECTOR('',#3381,10.);
#923=VECTOR('',#3382,10.);
#924=VECTOR('',#3383,10.);
#925=VECTOR('',#3384,10.);
#926=VECTOR('',#3389,10.);
#927=VECTOR('',#3390,10.);
#928=VECTOR('',#3391,10.);
#929=VECTOR('',#3392,10.);
#930=VECTOR('',#3395,10.);
#931=VECTOR('',#3396,10.);
#932=VECTOR('',#3401,10.);
#933=VECTOR('',#3402,10.);
#934=VECTOR('',#3403,10.);
#935=VECTOR('',#3404,10.);
#936=VECTOR('',#3405,10.);
#937=VECTOR('',#3406,10.);
#938=VECTOR('',#3407,10.);
#939=VECTOR('',#3408,10.);
#940=VECTOR('',#3425,10.);
#941=VECTOR('',#3426,10.);
#942=VECTOR('',#3427,10.);
#943=VECTOR('',#3428,10.);
#944=VECTOR('',#3429,10.);
#945=VECTOR('',#3430,10.);
#946=VECTOR('',#3431,10.);
#947=VECTOR('',#3432,10.);
#948=VECTOR('',#3433,10.);
#949=VECTOR('',#3436,10.);
#950=VECTOR('',#3437,10.);
#951=VECTOR('',#3440,10.);
#952=VECTOR('',#3441,10.);
#953=VECTOR('',#3444,10.);
#954=VECTOR('',#3445,10.);
#955=VECTOR('',#3448,2.5);
#956=VECTOR('',#3457,2.5);
#957=VECTOR('',#3466,1.5);
#958=VECTOR('',#3469,1.5);
#959=VECTOR('',#3472,10.);
#960=VECTOR('',#3473,10.);
#961=VECTOR('',#3474,10.);
#962=VECTOR('',#3477,10.);
#963=VECTOR('',#3478,10.);
#964=VECTOR('',#3481,10.);
#965=VECTOR('',#3482,10.);
#966=VECTOR('',#3485,10.);
#967=VECTOR('',#3486,10.);
#968=VECTOR('',#3489,10.);
#969=VECTOR('',#3490,10.);
#970=VECTOR('',#3495,10.);
#971=VECTOR('',#3496,10.);
#972=VECTOR('',#3499,10.);
#973=VECTOR('',#3502,10.);
#974=VECTOR('',#3505,10.);
#975=VECTOR('',#3510,10.);
#976=VECTOR('',#3513,10.);
#977=VECTOR('',#3514,10.);
#978=VECTOR('',#3517,10.);
#979=VECTOR('',#3518,10.);
#980=VECTOR('',#3521,10.);
#981=VECTOR('',#3522,10.);
#982=VECTOR('',#3525,10.);
#983=VECTOR('',#3526,10.);
#984=VECTOR('',#3529,10.);
#985=VECTOR('',#3532,10.);
#986=VECTOR('',#3535,10.);
#987=VECTOR('',#3538,10.);
#988=VECTOR('',#3541,10.);
#989=VECTOR('',#3546,10.);
#990=VECTOR('',#3547,10.);
#991=VECTOR('',#3548,10.);
#992=VECTOR('',#3551,10.);
#993=VECTOR('',#3552,10.);
#994=VECTOR('',#3553,10.);
#995=VECTOR('',#3554,10.);
#996=VECTOR('',#3557,10.);
#997=VECTOR('',#3558,10.);
#998=VECTOR('',#3559,10.);
#999=VECTOR('',#3560,10.);
#1000=VECTOR('',#3561,10.);
#1001=VECTOR('',#3562,10.);
#1002=VECTOR('',#3563,10.);
#1003=VECTOR('',#3564,10.);
#1004=VECTOR('',#3565,10.);
#1005=VECTOR('',#3566,10.);
#1006=VECTOR('',#3567,10.);
#1007=VECTOR('',#3568,10.);
#1008=VECTOR('',#3569,10.);
#1009=VECTOR('',#3572,10.);
#1010=VECTOR('',#3573,10.);
#1011=VECTOR('',#3576,10.);
#1012=VECTOR('',#3577,10.);
#1013=VECTOR('',#3580,10.);
#1014=VECTOR('',#3581,10.);
#1015=VECTOR('',#3584,10.);
#1016=VECTOR('',#3585,10.);
#1017=VECTOR('',#3588,10.);
#1018=VECTOR('',#3589,10.);
#1019=VECTOR('',#3592,10.);
#1020=VECTOR('',#3593,10.);
#1021=VECTOR('',#3596,10.);
#1022=VECTOR('',#3597,10.);
#1023=VECTOR('',#3600,10.);
#1024=VECTOR('',#3601,10.);
#1025=VECTOR('',#3604,10.);
#1026=VECTOR('',#3605,10.);
#1027=VECTOR('',#3608,10.);
#1028=VECTOR('',#3609,10.);
#1029=VECTOR('',#3612,10.);
#1030=VECTOR('',#3613,10.);
#1031=VECTOR('',#3616,10.);
#1032=VECTOR('',#3617,10.);
#1033=VECTOR('',#3620,10.);
#1034=VECTOR('',#3621,10.);
#1035=VECTOR('',#3624,10.);
#1036=VECTOR('',#3627,10.);
#1037=VECTOR('',#3630,10.);
#1038=VECTOR('',#3633,10.);
#1039=VECTOR('',#3636,10.);
#1040=VECTOR('',#3639,10.);
#1041=VECTOR('',#3642,10.);
#1042=VECTOR('',#3645,10.);
#1043=VECTOR('',#3648,10.);
#1044=VECTOR('',#3651,10.);
#1045=VECTOR('',#3654,10.);
#1046=VECTOR('',#3657,10.);
#1047=VECTOR('',#3658,10.);
#1048=VECTOR('',#3659,10.);
#1049=VECTOR('',#3660,10.);
#1050=VECTOR('',#3663,10.);
#1051=VECTOR('',#3664,10.);
#1052=VECTOR('',#3665,10.);
#1053=VECTOR('',#3668,10.);
#1054=VECTOR('',#3669,10.);
#1055=VECTOR('',#3670,10.);
#1056=VECTOR('',#3673,10.);
#1057=VECTOR('',#3674,10.);
#1058=VECTOR('',#3679,10.);
#1059=VECTOR('',#3682,10.);
#1060=VECTOR('',#3687,10.);
#1061=VECTOR('',#3688,10.);
#1062=VECTOR('',#3691,10.);
#1063=ELLIPSE('',#2787,3.53553391268704,2.5);
#1064=ELLIPSE('',#2788,3.53553390593274,2.5);
#1065=ELLIPSE('',#2790,3.53553389266729,2.5);
#1066=ELLIPSE('',#2791,3.53553389917843,2.5);
#1067=ELLIPSE('',#2792,3.53553391268704,2.5);
#1068=ELLIPSE('',#2794,3.53553390593274,2.5);
#1069=ELLIPSE('',#2801,3.53553392595249,2.5);
#1070=ELLIPSE('',#2802,3.53553390593274,2.5);
#1071=ELLIPSE('',#2871,3.53553384595453,2.5);
#1072=ELLIPSE('',#2876,4.99999991517802,2.5);
#1073=ELLIPSE('',#2877,3.53553391268704,2.5);
#1074=ELLIPSE('',#2879,3.53553391268704,2.5);
#1075=ELLIPSE('',#2880,3.53553391268704,2.5);
#1076=ELLIPSE('',#2881,3.53553389917843,2.5);
#1077=ELLIPSE('',#2883,3.53553390593274,2.5);
#1078=ELLIPSE('',#2889,3.53553390593274,2.5);
#1079=ELLIPSE('',#2893,3.53553390593274,2.5);
#1080=ELLIPSE('',#2894,5.00000000000001,2.5);
#1081=ELLIPSE('',#2895,3.53553390593274,2.5);
#1082=ELLIPSE('',#2896,3.53553390593274,2.5);
#1083=VERTEX_POINT('',#3696);
#1084=VERTEX_POINT('',#3697);
#1085=VERTEX_POINT('',#3699);
#1086=VERTEX_POINT('',#3701);
#1087=VERTEX_POINT('',#3703);
#1088=VERTEX_POINT('',#3705);
#1089=VERTEX_POINT('',#3709);
#1090=VERTEX_POINT('',#3711);
#1091=VERTEX_POINT('',#3713);
#1092=VERTEX_POINT('',#3715);
#1093=VERTEX_POINT('',#3719);
#1094=VERTEX_POINT('',#3721);
#1095=VERTEX_POINT('',#3723);
#1096=VERTEX_POINT('',#3725);
#1097=VERTEX_POINT('',#3729);
#1098=VERTEX_POINT('',#3731);
#1099=VERTEX_POINT('',#3733);
#1100=VERTEX_POINT('',#3735);
#1101=VERTEX_POINT('',#3737);
#1102=VERTEX_POINT('',#3739);
#1103=VERTEX_POINT('',#3741);
#1104=VERTEX_POINT('',#3743);
#1105=VERTEX_POINT('',#3745);
#1106=VERTEX_POINT('',#3747);
#1107=VERTEX_POINT('',#3749);
#1108=VERTEX_POINT('',#3751);
#1109=VERTEX_POINT('',#3753);
#1110=VERTEX_POINT('',#3755);
#1111=VERTEX_POINT('',#3757);
#1112=VERTEX_POINT('',#3759);
#1113=VERTEX_POINT('',#3761);
#1114=VERTEX_POINT('',#3763);
#1115=VERTEX_POINT('',#3765);
#1116=VERTEX_POINT('',#3767);
#1117=VERTEX_POINT('',#3769);
#1118=VERTEX_POINT('',#3771);
#1119=VERTEX_POINT('',#3773);
#1120=VERTEX_POINT('',#3775);
#1121=VERTEX_POINT('',#3777);
#1122=VERTEX_POINT('',#3779);
#1123=VERTEX_POINT('',#3781);
#1124=VERTEX_POINT('',#3783);
#1125=VERTEX_POINT('',#3785);
#1126=VERTEX_POINT('',#3787);
#1127=VERTEX_POINT('',#3789);
#1128=VERTEX_POINT('',#3791);
#1129=VERTEX_POINT('',#3794);
#1130=VERTEX_POINT('',#3796);
#1131=VERTEX_POINT('',#3801);
#1132=VERTEX_POINT('',#3803);
#1133=VERTEX_POINT('',#3805);
#1134=VERTEX_POINT('',#3807);
#1135=VERTEX_POINT('',#3809);
#1136=VERTEX_POINT('',#3811);
#1137=VERTEX_POINT('',#3813);
#1138=VERTEX_POINT('',#3820);
#1139=VERTEX_POINT('',#3822);
#1140=VERTEX_POINT('',#3824);
#1141=VERTEX_POINT('',#3826);
#1142=VERTEX_POINT('',#3828);
#1143=VERTEX_POINT('',#3830);
#1144=VERTEX_POINT('',#3832);
#1145=VERTEX_POINT('',#3836);
#1146=VERTEX_POINT('',#3840);
#1147=VERTEX_POINT('',#3844);
#1148=VERTEX_POINT('',#3846);
#1149=VERTEX_POINT('',#3850);
#1150=VERTEX_POINT('',#3854);
#1151=VERTEX_POINT('',#3855);
#1152=VERTEX_POINT('',#3860);
#1153=VERTEX_POINT('',#3864);
#1154=VERTEX_POINT('',#3865);
#1155=VERTEX_POINT('',#3867);
#1156=VERTEX_POINT('',#3869);
#1157=VERTEX_POINT('',#3873);
#1158=VERTEX_POINT('',#3874);
#1159=VERTEX_POINT('',#3876);
#1160=VERTEX_POINT('',#3878);
#1161=VERTEX_POINT('',#3880);
#1162=VERTEX_POINT('',#3884);
#1163=VERTEX_POINT('',#3885);
#1164=VERTEX_POINT('',#3887);
#1165=VERTEX_POINT('',#3889);
#1166=VERTEX_POINT('',#3891);
#1167=VERTEX_POINT('',#3895);
#1168=VERTEX_POINT('',#3897);
#1169=VERTEX_POINT('',#3901);
#1170=VERTEX_POINT('',#3903);
#1171=VERTEX_POINT('',#3907);
#1172=VERTEX_POINT('',#3909);
#1173=VERTEX_POINT('',#3913);
#1174=VERTEX_POINT('',#3915);
#1175=VERTEX_POINT('',#3919);
#1176=VERTEX_POINT('',#3921);
#1177=VERTEX_POINT('',#3925);
#1178=VERTEX_POINT('',#3927);
#1179=VERTEX_POINT('',#3934);
#1180=VERTEX_POINT('',#3936);
#1181=VERTEX_POINT('',#3940);
#1182=VERTEX_POINT('',#3942);
#1183=VERTEX_POINT('',#3959);
#1184=VERTEX_POINT('',#3963);
#1185=VERTEX_POINT('',#3986);
#1186=VERTEX_POINT('',#3988);
#1187=VERTEX_POINT('',#3992);
#1188=VERTEX_POINT('',#3998);
#1189=VERTEX_POINT('',#4000);
#1190=VERTEX_POINT('',#4004);
#1191=VERTEX_POINT('',#4010);
#1192=VERTEX_POINT('',#4012);
#1193=VERTEX_POINT('',#4017);
#1194=VERTEX_POINT('',#4019);
#1195=VERTEX_POINT('',#4031);
#1196=VERTEX_POINT('',#4033);
#1197=VERTEX_POINT('',#4035);
#1198=VERTEX_POINT('',#4037);
#1199=VERTEX_POINT('',#4060);
#1200=VERTEX_POINT('',#4061);
#1201=VERTEX_POINT('',#4063);
#1202=VERTEX_POINT('',#4065);
#1203=VERTEX_POINT('',#4069);
#1204=VERTEX_POINT('',#4071);
#1205=VERTEX_POINT('',#4073);
#1206=VERTEX_POINT('',#4075);
#1207=VERTEX_POINT('',#4077);
#1208=VERTEX_POINT('',#4079);
#1209=VERTEX_POINT('',#4081);
#1210=VERTEX_POINT('',#4083);
#1211=VERTEX_POINT('',#4085);
#1212=VERTEX_POINT('',#4087);
#1213=VERTEX_POINT('',#4089);
#1214=VERTEX_POINT('',#4091);
#1215=VERTEX_POINT('',#4093);
#1216=VERTEX_POINT('',#4095);
#1217=VERTEX_POINT('',#4097);
#1218=VERTEX_POINT('',#4099);
#1219=VERTEX_POINT('',#4101);
#1220=VERTEX_POINT('',#4103);
#1221=VERTEX_POINT('',#4105);
#1222=VERTEX_POINT('',#4107);
#1223=VERTEX_POINT('',#4109);
#1224=VERTEX_POINT('',#4111);
#1225=VERTEX_POINT('',#4113);
#1226=VERTEX_POINT('',#4115);
#1227=VERTEX_POINT('',#4117);
#1228=VERTEX_POINT('',#4119);
#1229=VERTEX_POINT('',#4121);
#1230=VERTEX_POINT('',#4123);
#1231=VERTEX_POINT('',#4126);
#1232=VERTEX_POINT('',#4128);
#1233=VERTEX_POINT('',#4131);
#1234=VERTEX_POINT('',#4133);
#1235=VERTEX_POINT('',#4135);
#1236=VERTEX_POINT('',#4137);
#1237=VERTEX_POINT('',#4139);
#1238=VERTEX_POINT('',#4141);
#1239=VERTEX_POINT('',#4143);
#1240=VERTEX_POINT('',#4147);
#1241=VERTEX_POINT('',#4149);
#1242=VERTEX_POINT('',#4151);
#1243=VERTEX_POINT('',#4153);
#1244=VERTEX_POINT('',#4157);
#1245=VERTEX_POINT('',#4161);
#1246=VERTEX_POINT('',#4163);
#1247=VERTEX_POINT('',#4165);
#1248=VERTEX_POINT('',#4167);
#1249=VERTEX_POINT('',#4169);
#1250=VERTEX_POINT('',#4171);
#1251=VERTEX_POINT('',#4174);
#1252=VERTEX_POINT('',#4177);
#1253=VERTEX_POINT('',#4179);
#1254=VERTEX_POINT('',#4181);
#1255=VERTEX_POINT('',#4185);
#1256=VERTEX_POINT('',#4187);
#1257=VERTEX_POINT('',#4191);
#1258=VERTEX_POINT('',#4192);
#1259=VERTEX_POINT('',#4194);
#1260=VERTEX_POINT('',#4196);
#1261=VERTEX_POINT('',#4198);
#1262=VERTEX_POINT('',#4200);
#1263=VERTEX_POINT('',#4202);
#1264=VERTEX_POINT('',#4204);
#1265=VERTEX_POINT('',#4207);
#1266=VERTEX_POINT('',#4210);
#1267=VERTEX_POINT('',#4212);
#1268=VERTEX_POINT('',#4218);
#1269=VERTEX_POINT('',#4220);
#1270=VERTEX_POINT('',#4222);
#1271=VERTEX_POINT('',#4224);
#1272=VERTEX_POINT('',#4226);
#1273=VERTEX_POINT('',#4228);
#1274=VERTEX_POINT('',#4231);
#1275=VERTEX_POINT('',#4235);
#1276=VERTEX_POINT('',#4239);
#1277=VERTEX_POINT('',#4243);
#1278=VERTEX_POINT('',#4247);
#1279=VERTEX_POINT('',#4251);
#1280=VERTEX_POINT('',#4254);
#1281=VERTEX_POINT('',#4258);
#1282=VERTEX_POINT('',#4265);
#1283=VERTEX_POINT('',#4266);
#1284=VERTEX_POINT('',#4271);
#1285=VERTEX_POINT('',#4275);
#1286=VERTEX_POINT('',#4279);
#1287=VERTEX_POINT('',#4299);
#1288=VERTEX_POINT('',#4303);
#1289=VERTEX_POINT('',#4307);
#1290=VERTEX_POINT('',#4311);
#1291=VERTEX_POINT('',#4326);
#1292=VERTEX_POINT('',#4328);
#1293=VERTEX_POINT('',#4332);
#1294=VERTEX_POINT('',#4333);
#1295=VERTEX_POINT('',#4335);
#1296=VERTEX_POINT('',#4337);
#1297=VERTEX_POINT('',#4341);
#1298=VERTEX_POINT('',#4343);
#1299=VERTEX_POINT('',#4345);
#1300=VERTEX_POINT('',#4347);
#1301=VERTEX_POINT('',#4349);
#1302=VERTEX_POINT('',#4351);
#1303=VERTEX_POINT('',#4353);
#1304=VERTEX_POINT('',#4355);
#1305=VERTEX_POINT('',#4357);
#1306=VERTEX_POINT('',#4359);
#1307=VERTEX_POINT('',#4361);
#1308=VERTEX_POINT('',#4363);
#1309=VERTEX_POINT('',#4370);
#1310=VERTEX_POINT('',#4374);
#1311=VERTEX_POINT('',#4378);
#1312=VERTEX_POINT('',#4382);
#1313=VERTEX_POINT('',#4386);
#1314=VERTEX_POINT('',#4390);
#1315=VERTEX_POINT('',#4394);
#1316=VERTEX_POINT('',#4398);
#1317=VERTEX_POINT('',#4402);
#1318=VERTEX_POINT('',#4406);
#1319=VERTEX_POINT('',#4410);
#1320=VERTEX_POINT('',#4414);
#1321=VERTEX_POINT('',#4440);
#1322=VERTEX_POINT('',#4442);
#1323=VERTEX_POINT('',#4444);
#1324=VERTEX_POINT('',#4448);
#1325=VERTEX_POINT('',#4450);
#1326=VERTEX_POINT('',#4454);
#1327=VERTEX_POINT('',#4456);
#1328=VERTEX_POINT('',#4469);
#1329=EDGE_CURVE('',#1083,#1084,#1063,.T.);
#1330=EDGE_CURVE('',#1085,#1084,#367,.T.);
#1331=EDGE_CURVE('',#1085,#1086,#1064,.T.);
#1332=EDGE_CURVE('',#1087,#1086,#368,.T.);
#1333=EDGE_CURVE('',#1088,#1087,#369,.T.);
#1334=EDGE_CURVE('',#1088,#1083,#370,.T.);
#1335=EDGE_CURVE('',#1089,#1083,#1065,.T.);
#1336=EDGE_CURVE('',#1090,#1089,#371,.T.);
#1337=EDGE_CURVE('',#1091,#1090,#1066,.T.);
#1338=EDGE_CURVE('',#1092,#1091,#1067,.T.);
#1339=EDGE_CURVE('',#1084,#1092,#372,.T.);
#1340=EDGE_CURVE('',#1093,#1091,#373,.T.);
#1341=EDGE_CURVE('',#1094,#1093,#374,.T.);
#1342=EDGE_CURVE('',#1094,#1095,#375,.T.);
#1343=EDGE_CURVE('',#1095,#1096,#1068,.T.);
#1344=EDGE_CURVE('',#1092,#1096,#376,.T.);
#1345=EDGE_CURVE('',#1089,#1097,#377,.T.);
#1346=EDGE_CURVE('',#1098,#1097,#378,.T.);
#1347=EDGE_CURVE('',#1098,#1099,#379,.T.);
#1348=EDGE_CURVE('',#1100,#1099,#380,.T.);
#1349=EDGE_CURVE('',#1100,#1101,#381,.T.);
#1350=EDGE_CURVE('',#1102,#1101,#382,.T.);
#1351=EDGE_CURVE('',#1102,#1103,#383,.T.);
#1352=EDGE_CURVE('',#1104,#1103,#384,.T.);
#1353=EDGE_CURVE('',#1104,#1105,#385,.T.);
#1354=EDGE_CURVE('',#1106,#1105,#386,.T.);
#1355=EDGE_CURVE('',#1106,#1107,#387,.T.);
#1356=EDGE_CURVE('',#1108,#1107,#388,.T.);
#1357=EDGE_CURVE('',#1108,#1109,#389,.T.);
#1358=EDGE_CURVE('',#1110,#1109,#390,.T.);
#1359=EDGE_CURVE('',#1110,#1111,#391,.T.);
#1360=EDGE_CURVE('',#1112,#1111,#392,.T.);
#1361=EDGE_CURVE('',#1112,#1113,#393,.T.);
#1362=EDGE_CURVE('',#1114,#1113,#394,.T.);
#1363=EDGE_CURVE('',#1114,#1115,#395,.T.);
#1364=EDGE_CURVE('',#1116,#1115,#396,.T.);
#1365=EDGE_CURVE('',#1116,#1117,#397,.T.);
#1366=EDGE_CURVE('',#1118,#1117,#398,.T.);
#1367=EDGE_CURVE('',#1118,#1119,#399,.T.);
#1368=EDGE_CURVE('',#1120,#1119,#400,.T.);
#1369=EDGE_CURVE('',#1120,#1121,#401,.T.);
#1370=EDGE_CURVE('',#1121,#1122,#402,.T.);
#1371=EDGE_CURVE('',#1122,#1123,#403,.T.);
#1372=EDGE_CURVE('',#1123,#1124,#404,.T.);
#1373=EDGE_CURVE('',#1124,#1125,#405,.T.);
#1374=EDGE_CURVE('',#1125,#1126,#406,.T.);
#1375=EDGE_CURVE('',#1126,#1127,#407,.T.);
#1376=EDGE_CURVE('',#1127,#1128,#408,.T.);
#1377=EDGE_CURVE('',#1128,#1090,#409,.T.);
#1378=EDGE_CURVE('',#1129,#1129,#29,.T.);
#1379=EDGE_CURVE('',#1130,#1130,#30,.T.);
#1380=EDGE_CURVE('',#1096,#1085,#410,.T.);
#1381=EDGE_CURVE('',#1131,#1128,#411,.T.);
#1382=EDGE_CURVE('',#1132,#1131,#412,.T.);
#1383=EDGE_CURVE('',#1132,#1133,#413,.T.);
#1384=EDGE_CURVE('',#1133,#1134,#414,.T.);
#1385=EDGE_CURVE('',#1134,#1135,#415,.T.);
#1386=EDGE_CURVE('',#1136,#1135,#416,.T.);
#1387=EDGE_CURVE('',#1137,#1136,#417,.T.);
#1388=EDGE_CURVE('',#1093,#1137,#418,.T.);
#1389=EDGE_CURVE('',#1086,#1121,#1069,.T.);
#1390=EDGE_CURVE('',#1122,#1095,#1070,.T.);
#1391=EDGE_CURVE('',#1138,#1094,#419,.T.);
#1392=EDGE_CURVE('',#1139,#1138,#420,.T.);
#1393=EDGE_CURVE('',#1140,#1139,#421,.T.);
#1394=EDGE_CURVE('',#1140,#1141,#422,.T.);
#1395=EDGE_CURVE('',#1141,#1142,#423,.T.);
#1396=EDGE_CURVE('',#1142,#1143,#424,.T.);
#1397=EDGE_CURVE('',#1144,#1143,#425,.T.);
#1398=EDGE_CURVE('',#1144,#1123,#426,.T.);
#1399=EDGE_CURVE('',#1129,#1145,#427,.T.);
#1400=EDGE_CURVE('',#1145,#1145,#31,.T.);
#1401=EDGE_CURVE('',#1130,#1146,#428,.T.);
#1402=EDGE_CURVE('',#1146,#1146,#32,.T.);
#1403=EDGE_CURVE('',#1101,#1147,#429,.T.);
#1404=EDGE_CURVE('',#1147,#1148,#430,.T.);
#1405=EDGE_CURVE('',#1148,#1102,#431,.T.);
#1406=EDGE_CURVE('',#1149,#1100,#432,.T.);
#1407=EDGE_CURVE('',#1149,#1147,#433,.T.);
#1408=EDGE_CURVE('',#1150,#1151,#434,.T.);
#1409=EDGE_CURVE('',#1151,#1116,#435,.T.);
#1410=EDGE_CURVE('',#1115,#1150,#436,.T.);
#1411=EDGE_CURVE('',#1151,#1152,#437,.T.);
#1412=EDGE_CURVE('',#1117,#1152,#438,.T.);
#1413=EDGE_CURVE('',#1153,#1154,#439,.T.);
#1414=EDGE_CURVE('',#1154,#1155,#440,.T.);
#1415=EDGE_CURVE('',#1155,#1156,#441,.T.);
#1416=EDGE_CURVE('',#1153,#1156,#442,.T.);
#1417=EDGE_CURVE('',#1157,#1158,#443,.T.);
#1418=EDGE_CURVE('',#1158,#1159,#444,.T.);
#1419=EDGE_CURVE('',#1159,#1160,#445,.T.);
#1420=EDGE_CURVE('',#1160,#1161,#446,.T.);
#1421=EDGE_CURVE('',#1161,#1157,#447,.T.);
#1422=EDGE_CURVE('',#1162,#1163,#448,.T.);
#1423=EDGE_CURVE('',#1163,#1164,#449,.T.);
#1424=EDGE_CURVE('',#1164,#1165,#450,.T.);
#1425=EDGE_CURVE('',#1165,#1166,#451,.T.);
#1426=EDGE_CURVE('',#1166,#1162,#452,.T.);
#1427=EDGE_CURVE('',#1163,#1167,#453,.T.);
#1428=EDGE_CURVE('',#1167,#1168,#454,.T.);
#1429=EDGE_CURVE('',#1168,#1164,#455,.T.);
#1430=EDGE_CURVE('',#1167,#1169,#456,.T.);
#1431=EDGE_CURVE('',#1169,#1170,#457,.T.);
#1432=EDGE_CURVE('',#1170,#1168,#458,.T.);
#1433=EDGE_CURVE('',#1171,#1170,#459,.T.);
#1434=EDGE_CURVE('',#1169,#1172,#460,.T.);
#1435=EDGE_CURVE('',#1172,#1171,#461,.T.);
#1436=EDGE_CURVE('',#1173,#1171,#462,.T.);
#1437=EDGE_CURVE('',#1172,#1174,#463,.T.);
#1438=EDGE_CURVE('',#1174,#1173,#464,.T.);
#1439=EDGE_CURVE('',#1175,#1173,#465,.T.);
#1440=EDGE_CURVE('',#1174,#1176,#466,.T.);
#1441=EDGE_CURVE('',#1176,#1175,#467,.T.);
#1442=EDGE_CURVE('',#1177,#1175,#468,.T.);
#1443=EDGE_CURVE('',#1176,#1178,#469,.T.);
#1444=EDGE_CURVE('',#1178,#1177,#470,.T.);
#1445=EDGE_CURVE('',#1158,#1162,#471,.T.);
#1446=EDGE_CURVE('',#1166,#1159,#472,.T.);
#1447=EDGE_CURVE('',#1179,#1177,#473,.T.);
#1448=EDGE_CURVE('',#1178,#1180,#474,.T.);
#1449=EDGE_CURVE('',#1180,#1179,#475,.T.);
#1450=EDGE_CURVE('',#1181,#1179,#476,.T.);
#1451=EDGE_CURVE('',#1180,#1182,#477,.T.);
#1452=EDGE_CURVE('',#1182,#1181,#478,.T.);
#1453=EDGE_CURVE('',#1154,#1157,#479,.T.);
#1454=EDGE_CURVE('',#1161,#1155,#480,.T.);
#1455=EDGE_CURVE('',#1156,#1181,#481,.T.);
#1456=EDGE_CURVE('',#1182,#1153,#482,.T.);
#1457=EDGE_CURVE('',#1156,#1112,#483,.T.);
#1458=EDGE_CURVE('',#1111,#1181,#484,.T.);
#1459=EDGE_CURVE('',#1113,#1155,#485,.T.);
#1460=EDGE_CURVE('',#1161,#1114,#486,.T.);
#1461=EDGE_CURVE('',#1183,#1160,#487,.T.);
#1462=EDGE_CURVE('',#1150,#1183,#488,.T.);
#1463=EDGE_CURVE('',#1165,#1184,#489,.T.);
#1464=EDGE_CURVE('',#1184,#1183,#490,.T.);
#1465=EDGE_CURVE('',#1184,#1148,#491,.T.);
#1466=EDGE_CURVE('',#1103,#1164,#492,.T.);
#1467=EDGE_CURVE('',#1171,#1106,#493,.T.);
#1468=EDGE_CURVE('',#1105,#1170,#494,.T.);
#1469=EDGE_CURVE('',#1107,#1173,#495,.T.);
#1470=EDGE_CURVE('',#1168,#1104,#496,.T.);
#1471=EDGE_CURVE('',#1175,#1108,#497,.T.);
#1472=EDGE_CURVE('',#1179,#1110,#498,.T.);
#1473=EDGE_CURVE('',#1109,#1177,#499,.T.);
#1474=EDGE_CURVE('',#1119,#1185,#500,.T.);
#1475=EDGE_CURVE('',#1185,#1186,#501,.T.);
#1476=EDGE_CURVE('',#1186,#1120,#502,.T.);
#1477=EDGE_CURVE('',#1187,#1118,#503,.T.);
#1478=EDGE_CURVE('',#1187,#1185,#504,.T.);
#1479=EDGE_CURVE('',#1152,#1187,#505,.T.);
#1480=EDGE_CURVE('',#1097,#1188,#506,.T.);
#1481=EDGE_CURVE('',#1188,#1189,#507,.T.);
#1482=EDGE_CURVE('',#1189,#1098,#508,.T.);
#1483=EDGE_CURVE('',#1189,#1190,#509,.T.);
#1484=EDGE_CURVE('',#1099,#1190,#510,.T.);
#1485=EDGE_CURVE('',#1190,#1149,#511,.T.);
#1486=EDGE_CURVE('',#1191,#1191,#33,.T.);
#1487=EDGE_CURVE('',#1191,#1192,#512,.T.);
#1488=EDGE_CURVE('',#1192,#1192,#34,.T.);
#1489=EDGE_CURVE('',#1193,#1193,#35,.T.);
#1490=EDGE_CURVE('',#1193,#1194,#513,.T.);
#1491=EDGE_CURVE('',#1194,#1194,#36,.T.);
#1492=EDGE_CURVE('',#1135,#1140,#514,.T.);
#1493=EDGE_CURVE('',#1141,#1134,#515,.T.);
#1494=EDGE_CURVE('',#1143,#1132,#516,.T.);
#1495=EDGE_CURVE('',#1133,#1142,#517,.T.);
#1496=EDGE_CURVE('',#1131,#1195,#518,.T.);
#1497=EDGE_CURVE('',#1195,#1196,#519,.T.);
#1498=EDGE_CURVE('',#1196,#1197,#520,.T.);
#1499=EDGE_CURVE('',#1197,#1198,#521,.T.);
#1500=EDGE_CURVE('',#1198,#1144,#522,.T.);
#1501=EDGE_CURVE('',#1195,#1127,#523,.T.);
#1502=EDGE_CURVE('',#1196,#1126,#524,.T.);
#1503=EDGE_CURVE('',#1197,#1125,#525,.T.);
#1504=EDGE_CURVE('',#1198,#1124,#526,.T.);
#1505=EDGE_CURVE('',#1139,#1136,#527,.T.);
#1506=EDGE_CURVE('',#1137,#1138,#528,.T.);
#1507=EDGE_CURVE('',#1088,#1188,#529,.T.);
#1508=EDGE_CURVE('',#1186,#1087,#530,.T.);
#1509=EDGE_CURVE('',#1199,#1200,#1071,.T.);
#1510=EDGE_CURVE('',#1200,#1201,#531,.T.);
#1511=EDGE_CURVE('',#1202,#1201,#532,.T.);
#1512=EDGE_CURVE('',#1199,#1202,#533,.T.);
#1513=EDGE_CURVE('',#1200,#1203,#534,.T.);
#1514=EDGE_CURVE('',#1204,#1203,#535,.T.);
#1515=EDGE_CURVE('',#1205,#1204,#536,.T.);
#1516=EDGE_CURVE('',#1206,#1205,#537,.T.);
#1517=EDGE_CURVE('',#1206,#1207,#538,.T.);
#1518=EDGE_CURVE('',#1208,#1207,#539,.T.);
#1519=EDGE_CURVE('',#1209,#1208,#540,.T.);
#1520=EDGE_CURVE('',#1210,#1209,#541,.T.);
#1521=EDGE_CURVE('',#1211,#1210,#542,.T.);
#1522=EDGE_CURVE('',#1212,#1211,#543,.T.);
#1523=EDGE_CURVE('',#1213,#1212,#544,.T.);
#1524=EDGE_CURVE('',#1214,#1213,#545,.T.);
#1525=EDGE_CURVE('',#1215,#1214,#546,.T.);
#1526=EDGE_CURVE('',#1216,#1215,#547,.T.);
#1527=EDGE_CURVE('',#1217,#1216,#548,.T.);
#1528=EDGE_CURVE('',#1218,#1217,#549,.T.);
#1529=EDGE_CURVE('',#1219,#1218,#550,.T.);
#1530=EDGE_CURVE('',#1220,#1219,#551,.T.);
#1531=EDGE_CURVE('',#1221,#1220,#552,.T.);
#1532=EDGE_CURVE('',#1222,#1221,#553,.T.);
#1533=EDGE_CURVE('',#1223,#1222,#554,.T.);
#1534=EDGE_CURVE('',#1224,#1223,#555,.T.);
#1535=EDGE_CURVE('',#1225,#1224,#556,.T.);
#1536=EDGE_CURVE('',#1226,#1225,#557,.T.);
#1537=EDGE_CURVE('',#1227,#1226,#558,.T.);
#1538=EDGE_CURVE('',#1228,#1227,#559,.T.);
#1539=EDGE_CURVE('',#1229,#1228,#560,.T.);
#1540=EDGE_CURVE('',#1230,#1229,#561,.T.);
#1541=EDGE_CURVE('',#1201,#1230,#562,.T.);
#1542=EDGE_CURVE('',#1231,#1231,#37,.T.);
#1543=EDGE_CURVE('',#1232,#1232,#38,.T.);
#1544=EDGE_CURVE('',#1233,#1199,#1072,.T.);
#1545=EDGE_CURVE('',#1234,#1233,#563,.T.);
#1546=EDGE_CURVE('',#1235,#1234,#1073,.T.);
#1547=EDGE_CURVE('',#1236,#1235,#39,.T.);
#1548=EDGE_CURVE('',#1237,#1236,#1074,.T.);
#1549=EDGE_CURVE('',#1238,#1237,#564,.T.);
#1550=EDGE_CURVE('',#1239,#1238,#1075,.T.);
#1551=EDGE_CURVE('',#1203,#1239,#1076,.T.);
#1552=EDGE_CURVE('',#1238,#1240,#565,.T.);
#1553=EDGE_CURVE('',#1240,#1241,#1077,.T.);
#1554=EDGE_CURVE('',#1241,#1242,#566,.T.);
#1555=EDGE_CURVE('',#1243,#1242,#567,.T.);
#1556=EDGE_CURVE('',#1239,#1243,#568,.T.);
#1557=EDGE_CURVE('',#1244,#1237,#569,.T.);
#1558=EDGE_CURVE('',#1244,#1240,#570,.T.);
#1559=EDGE_CURVE('',#1245,#1233,#571,.T.);
#1560=EDGE_CURVE('',#1246,#1245,#572,.T.);
#1561=EDGE_CURVE('',#1247,#1246,#573,.T.);
#1562=EDGE_CURVE('',#1248,#1247,#574,.T.);
#1563=EDGE_CURVE('',#1249,#1248,#575,.T.);
#1564=EDGE_CURVE('',#1250,#1249,#576,.T.);
#1565=EDGE_CURVE('',#1234,#1250,#577,.T.);
#1566=EDGE_CURVE('',#1251,#1251,#40,.T.);
#1567=EDGE_CURVE('',#1235,#1252,#578,.T.);
#1568=EDGE_CURVE('',#1252,#1253,#579,.T.);
#1569=EDGE_CURVE('',#1253,#1254,#580,.T.);
#1570=EDGE_CURVE('',#1254,#1236,#581,.T.);
#1571=EDGE_CURVE('',#1255,#1254,#582,.T.);
#1572=EDGE_CURVE('',#1256,#1255,#583,.T.);
#1573=EDGE_CURVE('',#1256,#1244,#1078,.T.);
#1574=EDGE_CURVE('',#1257,#1258,#584,.T.);
#1575=EDGE_CURVE('',#1259,#1258,#585,.T.);
#1576=EDGE_CURVE('',#1260,#1259,#586,.T.);
#1577=EDGE_CURVE('',#1261,#1260,#587,.T.);
#1578=EDGE_CURVE('',#1262,#1261,#588,.T.);
#1579=EDGE_CURVE('',#1263,#1262,#589,.T.);
#1580=EDGE_CURVE('',#1264,#1263,#590,.T.);
#1581=EDGE_CURVE('',#1257,#1264,#591,.T.);
#1582=EDGE_CURVE('',#1265,#1265,#41,.T.);
#1583=EDGE_CURVE('',#1258,#1266,#1079,.T.);
#1584=EDGE_CURVE('',#1267,#1257,#1080,.T.);
#1585=EDGE_CURVE('',#1207,#1267,#1081,.T.);
#1586=EDGE_CURVE('',#1241,#1206,#1082,.T.);
#1587=EDGE_CURVE('',#1266,#1256,#42,.T.);
#1588=EDGE_CURVE('',#1268,#1266,#592,.T.);
#1589=EDGE_CURVE('',#1269,#1268,#593,.T.);
#1590=EDGE_CURVE('',#1270,#1269,#594,.T.);
#1591=EDGE_CURVE('',#1271,#1270,#595,.T.);
#1592=EDGE_CURVE('',#1272,#1271,#596,.T.);
#1593=EDGE_CURVE('',#1273,#1272,#597,.T.);
#1594=EDGE_CURVE('',#1214,#1273,#598,.T.);
#1595=EDGE_CURVE('',#1274,#1213,#599,.T.);
#1596=EDGE_CURVE('',#1259,#1274,#600,.F.);
#1597=EDGE_CURVE('',#1275,#1205,#601,.T.);
#1598=EDGE_CURVE('',#1242,#1275,#602,.T.);
#1599=EDGE_CURVE('',#1255,#1276,#603,.T.);
#1600=EDGE_CURVE('',#1276,#1268,#604,.T.);
#1601=EDGE_CURVE('',#1277,#1267,#605,.T.);
#1602=EDGE_CURVE('',#1208,#1277,#606,.T.);
#1603=EDGE_CURVE('',#1265,#1278,#607,.T.);
#1604=EDGE_CURVE('',#1278,#1278,#43,.T.);
#1605=EDGE_CURVE('',#1279,#1279,#44,.T.);
#1606=EDGE_CURVE('',#1251,#1280,#608,.T.);
#1607=EDGE_CURVE('',#1280,#1280,#45,.T.);
#1608=EDGE_CURVE('',#1281,#1281,#46,.T.);
#1609=EDGE_CURVE('',#1281,#1232,#609,.T.);
#1610=EDGE_CURVE('',#1279,#1231,#610,.T.);
#1611=EDGE_CURVE('',#1282,#1283,#611,.T.);
#1612=EDGE_CURVE('',#1283,#1250,#612,.F.);
#1613=EDGE_CURVE('',#1249,#1282,#613,.T.);
#1614=EDGE_CURVE('',#1248,#1284,#614,.T.);
#1615=EDGE_CURVE('',#1284,#1282,#615,.T.);
#1616=EDGE_CURVE('',#1247,#1285,#616,.T.);
#1617=EDGE_CURVE('',#1285,#1284,#617,.T.);
#1618=EDGE_CURVE('',#1246,#1286,#618,.T.);
#1619=EDGE_CURVE('',#1286,#1285,#619,.T.);
#1620=EDGE_CURVE('',#1245,#1202,#620,.T.);
#1621=EDGE_CURVE('',#1202,#1286,#621,.T.);
#1622=EDGE_CURVE('',#1282,#1227,#622,.T.);
#1623=EDGE_CURVE('',#1226,#1283,#623,.T.);
#1624=EDGE_CURVE('',#1228,#1284,#624,.T.);
#1625=EDGE_CURVE('',#1285,#1229,#625,.T.);
#1626=EDGE_CURVE('',#1230,#1286,#626,.T.);
#1627=EDGE_CURVE('',#1264,#1277,#627,.T.);
#1628=EDGE_CURVE('',#1287,#1277,#628,.T.);
#1629=EDGE_CURVE('',#1263,#1287,#629,.T.);
#1630=EDGE_CURVE('',#1288,#1287,#630,.T.);
#1631=EDGE_CURVE('',#1262,#1288,#631,.T.);
#1632=EDGE_CURVE('',#1289,#1288,#632,.T.);
#1633=EDGE_CURVE('',#1261,#1289,#633,.T.);
#1634=EDGE_CURVE('',#1290,#1289,#634,.T.);
#1635=EDGE_CURVE('',#1260,#1290,#635,.T.);
#1636=EDGE_CURVE('',#1274,#1290,#636,.T.);
#1637=EDGE_CURVE('',#1287,#1209,#637,.T.);
#1638=EDGE_CURVE('',#1210,#1288,#638,.T.);
#1639=EDGE_CURVE('',#1289,#1211,#639,.T.);
#1640=EDGE_CURVE('',#1212,#1290,#640,.T.);
#1641=EDGE_CURVE('',#1291,#1253,#641,.T.);
#1642=EDGE_CURVE('',#1291,#1292,#642,.T.);
#1643=EDGE_CURVE('',#1292,#1276,#643,.T.);
#1644=EDGE_CURVE('',#1293,#1294,#644,.T.);
#1645=EDGE_CURVE('',#1294,#1295,#645,.T.);
#1646=EDGE_CURVE('',#1295,#1296,#646,.T.);
#1647=EDGE_CURVE('',#1296,#1293,#647,.T.);
#1648=EDGE_CURVE('',#1297,#1294,#648,.T.);
#1649=EDGE_CURVE('',#1298,#1297,#649,.T.);
#1650=EDGE_CURVE('',#1299,#1298,#650,.T.);
#1651=EDGE_CURVE('',#1300,#1299,#651,.T.);
#1652=EDGE_CURVE('',#1301,#1300,#652,.T.);
#1653=EDGE_CURVE('',#1302,#1301,#653,.T.);
#1654=EDGE_CURVE('',#1303,#1302,#654,.T.);
#1655=EDGE_CURVE('',#1304,#1303,#655,.T.);
#1656=EDGE_CURVE('',#1305,#1304,#656,.T.);
#1657=EDGE_CURVE('',#1306,#1305,#657,.T.);
#1658=EDGE_CURVE('',#1307,#1306,#658,.T.);
#1659=EDGE_CURVE('',#1308,#1307,#659,.T.);
#1660=EDGE_CURVE('',#1295,#1308,#660,.T.);
#1661=EDGE_CURVE('',#1272,#1296,#661,.F.);
#1662=EDGE_CURVE('',#1308,#1273,#662,.T.);
#1663=EDGE_CURVE('',#1307,#1309,#663,.T.);
#1664=EDGE_CURVE('',#1309,#1273,#664,.T.);
#1665=EDGE_CURVE('',#1306,#1310,#665,.T.);
#1666=EDGE_CURVE('',#1310,#1309,#666,.T.);
#1667=EDGE_CURVE('',#1305,#1311,#667,.T.);
#1668=EDGE_CURVE('',#1311,#1310,#668,.T.);
#1669=EDGE_CURVE('',#1304,#1312,#669,.T.);
#1670=EDGE_CURVE('',#1312,#1311,#670,.T.);
#1671=EDGE_CURVE('',#1303,#1313,#671,.T.);
#1672=EDGE_CURVE('',#1313,#1312,#672,.T.);
#1673=EDGE_CURVE('',#1302,#1314,#673,.T.);
#1674=EDGE_CURVE('',#1314,#1313,#674,.T.);
#1675=EDGE_CURVE('',#1301,#1315,#675,.T.);
#1676=EDGE_CURVE('',#1315,#1314,#676,.T.);
#1677=EDGE_CURVE('',#1300,#1316,#677,.T.);
#1678=EDGE_CURVE('',#1316,#1315,#678,.T.);
#1679=EDGE_CURVE('',#1299,#1317,#679,.T.);
#1680=EDGE_CURVE('',#1317,#1316,#680,.T.);
#1681=EDGE_CURVE('',#1298,#1318,#681,.T.);
#1682=EDGE_CURVE('',#1318,#1317,#682,.T.);
#1683=EDGE_CURVE('',#1297,#1319,#683,.T.);
#1684=EDGE_CURVE('',#1319,#1318,#684,.T.);
#1685=EDGE_CURVE('',#1293,#1320,#685,.T.);
#1686=EDGE_CURVE('',#1320,#1319,#686,.T.);
#1687=EDGE_CURVE('',#1309,#1215,#687,.T.);
#1688=EDGE_CURVE('',#1216,#1310,#688,.T.);
#1689=EDGE_CURVE('',#1311,#1217,#689,.T.);
#1690=EDGE_CURVE('',#1218,#1312,#690,.T.);
#1691=EDGE_CURVE('',#1313,#1219,#691,.T.);
#1692=EDGE_CURVE('',#1220,#1314,#692,.T.);
#1693=EDGE_CURVE('',#1315,#1221,#693,.T.);
#1694=EDGE_CURVE('',#1222,#1316,#694,.T.);
#1695=EDGE_CURVE('',#1317,#1223,#695,.T.);
#1696=EDGE_CURVE('',#1224,#1318,#696,.T.);
#1697=EDGE_CURVE('',#1319,#1225,#697,.T.);
#1698=EDGE_CURVE('',#1321,#1320,#698,.T.);
#1699=EDGE_CURVE('',#1321,#1322,#699,.T.);
#1700=EDGE_CURVE('',#1323,#1322,#700,.T.);
#1701=EDGE_CURVE('',#1252,#1323,#701,.T.);
#1702=EDGE_CURVE('',#1292,#1324,#702,.T.);
#1703=EDGE_CURVE('',#1324,#1325,#703,.T.);
#1704=EDGE_CURVE('',#1325,#1269,#704,.T.);
#1705=EDGE_CURVE('',#1326,#1325,#705,.T.);
#1706=EDGE_CURVE('',#1324,#1327,#706,.T.);
#1707=EDGE_CURVE('',#1327,#1326,#707,.T.);
#1708=EDGE_CURVE('',#1323,#1326,#708,.T.);
#1709=EDGE_CURVE('',#1327,#1291,#709,.T.);
#1710=EDGE_CURVE('',#1322,#1270,#710,.T.);
#1711=EDGE_CURVE('',#1271,#1321,#711,.T.);
#1712=EDGE_CURVE('',#1275,#1328,#712,.T.);
#1713=EDGE_CURVE('',#1328,#1243,#713,.T.);
#1714=EDGE_CURVE('',#1204,#1328,#714,.T.);
#1715=ORIENTED_EDGE('',*,*,#1329,.T.);
#1716=ORIENTED_EDGE('',*,*,#1330,.F.);
#1717=ORIENTED_EDGE('',*,*,#1331,.T.);
#1718=ORIENTED_EDGE('',*,*,#1332,.F.);
#1719=ORIENTED_EDGE('',*,*,#1333,.F.);
#1720=ORIENTED_EDGE('',*,*,#1334,.T.);
#1721=ORIENTED_EDGE('',*,*,#1329,.F.);
#1722=ORIENTED_EDGE('',*,*,#1335,.F.);
#1723=ORIENTED_EDGE('',*,*,#1336,.F.);
#1724=ORIENTED_EDGE('',*,*,#1337,.F.);
#1725=ORIENTED_EDGE('',*,*,#1338,.F.);
#1726=ORIENTED_EDGE('',*,*,#1339,.F.);
#1727=ORIENTED_EDGE('',*,*,#1338,.T.);
#1728=ORIENTED_EDGE('',*,*,#1340,.F.);
#1729=ORIENTED_EDGE('',*,*,#1341,.F.);
#1730=ORIENTED_EDGE('',*,*,#1342,.T.);
#1731=ORIENTED_EDGE('',*,*,#1343,.T.);
#1732=ORIENTED_EDGE('',*,*,#1344,.F.);
#1733=ORIENTED_EDGE('',*,*,#1336,.T.);
#1734=ORIENTED_EDGE('',*,*,#1345,.T.);
#1735=ORIENTED_EDGE('',*,*,#1346,.F.);
#1736=ORIENTED_EDGE('',*,*,#1347,.T.);
#1737=ORIENTED_EDGE('',*,*,#1348,.F.);
#1738=ORIENTED_EDGE('',*,*,#1349,.T.);
#1739=ORIENTED_EDGE('',*,*,#1350,.F.);
#1740=ORIENTED_EDGE('',*,*,#1351,.T.);
#1741=ORIENTED_EDGE('',*,*,#1352,.F.);
#1742=ORIENTED_EDGE('',*,*,#1353,.T.);
#1743=ORIENTED_EDGE('',*,*,#1354,.F.);
#1744=ORIENTED_EDGE('',*,*,#1355,.T.);
#1745=ORIENTED_EDGE('',*,*,#1356,.F.);
#1746=ORIENTED_EDGE('',*,*,#1357,.T.);
#1747=ORIENTED_EDGE('',*,*,#1358,.F.);
#1748=ORIENTED_EDGE('',*,*,#1359,.T.);
#1749=ORIENTED_EDGE('',*,*,#1360,.F.);
#1750=ORIENTED_EDGE('',*,*,#1361,.T.);
#1751=ORIENTED_EDGE('',*,*,#1362,.F.);
#1752=ORIENTED_EDGE('',*,*,#1363,.T.);
#1753=ORIENTED_EDGE('',*,*,#1364,.F.);
#1754=ORIENTED_EDGE('',*,*,#1365,.T.);
#1755=ORIENTED_EDGE('',*,*,#1366,.F.);
#1756=ORIENTED_EDGE('',*,*,#1367,.T.);
#1757=ORIENTED_EDGE('',*,*,#1368,.F.);
#1758=ORIENTED_EDGE('',*,*,#1369,.T.);
#1759=ORIENTED_EDGE('',*,*,#1370,.T.);
#1760=ORIENTED_EDGE('',*,*,#1371,.T.);
#1761=ORIENTED_EDGE('',*,*,#1372,.T.);
#1762=ORIENTED_EDGE('',*,*,#1373,.T.);
#1763=ORIENTED_EDGE('',*,*,#1374,.T.);
#1764=ORIENTED_EDGE('',*,*,#1375,.T.);
#1765=ORIENTED_EDGE('',*,*,#1376,.T.);
#1766=ORIENTED_EDGE('',*,*,#1377,.T.);
#1767=ORIENTED_EDGE('',*,*,#1378,.T.);
#1768=ORIENTED_EDGE('',*,*,#1379,.T.);
#1769=ORIENTED_EDGE('',*,*,#1339,.T.);
#1770=ORIENTED_EDGE('',*,*,#1344,.T.);
#1771=ORIENTED_EDGE('',*,*,#1380,.T.);
#1772=ORIENTED_EDGE('',*,*,#1330,.T.);
#1773=ORIENTED_EDGE('',*,*,#1337,.T.);
#1774=ORIENTED_EDGE('',*,*,#1377,.F.);
#1775=ORIENTED_EDGE('',*,*,#1381,.F.);
#1776=ORIENTED_EDGE('',*,*,#1382,.F.);
#1777=ORIENTED_EDGE('',*,*,#1383,.T.);
#1778=ORIENTED_EDGE('',*,*,#1384,.T.);
#1779=ORIENTED_EDGE('',*,*,#1385,.T.);
#1780=ORIENTED_EDGE('',*,*,#1386,.F.);
#1781=ORIENTED_EDGE('',*,*,#1387,.F.);
#1782=ORIENTED_EDGE('',*,*,#1388,.F.);
#1783=ORIENTED_EDGE('',*,*,#1340,.T.);
#1784=ORIENTED_EDGE('',*,*,#1370,.F.);
#1785=ORIENTED_EDGE('',*,*,#1389,.F.);
#1786=ORIENTED_EDGE('',*,*,#1331,.F.);
#1787=ORIENTED_EDGE('',*,*,#1380,.F.);
#1788=ORIENTED_EDGE('',*,*,#1343,.F.);
#1789=ORIENTED_EDGE('',*,*,#1390,.F.);
#1790=ORIENTED_EDGE('',*,*,#1390,.T.);
#1791=ORIENTED_EDGE('',*,*,#1342,.F.);
#1792=ORIENTED_EDGE('',*,*,#1391,.F.);
#1793=ORIENTED_EDGE('',*,*,#1392,.F.);
#1794=ORIENTED_EDGE('',*,*,#1393,.F.);
#1795=ORIENTED_EDGE('',*,*,#1394,.T.);
#1796=ORIENTED_EDGE('',*,*,#1395,.T.);
#1797=ORIENTED_EDGE('',*,*,#1396,.T.);
#1798=ORIENTED_EDGE('',*,*,#1397,.F.);
#1799=ORIENTED_EDGE('',*,*,#1398,.T.);
#1800=ORIENTED_EDGE('',*,*,#1371,.F.);
#1801=ORIENTED_EDGE('',*,*,#1378,.F.);
#1802=ORIENTED_EDGE('',*,*,#1399,.T.);
#1803=ORIENTED_EDGE('',*,*,#1400,.F.);
#1804=ORIENTED_EDGE('',*,*,#1399,.F.);
#1805=ORIENTED_EDGE('',*,*,#1379,.F.);
#1806=ORIENTED_EDGE('',*,*,#1401,.T.);
#1807=ORIENTED_EDGE('',*,*,#1402,.F.);
#1808=ORIENTED_EDGE('',*,*,#1401,.F.);
#1809=ORIENTED_EDGE('',*,*,#1350,.T.);
#1810=ORIENTED_EDGE('',*,*,#1403,.T.);
#1811=ORIENTED_EDGE('',*,*,#1404,.T.);
#1812=ORIENTED_EDGE('',*,*,#1405,.T.);
#1813=ORIENTED_EDGE('',*,*,#1403,.F.);
#1814=ORIENTED_EDGE('',*,*,#1349,.F.);
#1815=ORIENTED_EDGE('',*,*,#1406,.F.);
#1816=ORIENTED_EDGE('',*,*,#1407,.T.);
#1817=ORIENTED_EDGE('',*,*,#1408,.T.);
#1818=ORIENTED_EDGE('',*,*,#1409,.T.);
#1819=ORIENTED_EDGE('',*,*,#1364,.T.);
#1820=ORIENTED_EDGE('',*,*,#1410,.T.);
#1821=ORIENTED_EDGE('',*,*,#1409,.F.);
#1822=ORIENTED_EDGE('',*,*,#1411,.T.);
#1823=ORIENTED_EDGE('',*,*,#1412,.F.);
#1824=ORIENTED_EDGE('',*,*,#1365,.F.);
#1825=ORIENTED_EDGE('',*,*,#1413,.T.);
#1826=ORIENTED_EDGE('',*,*,#1414,.T.);
#1827=ORIENTED_EDGE('',*,*,#1415,.T.);
#1828=ORIENTED_EDGE('',*,*,#1416,.F.);
#1829=ORIENTED_EDGE('',*,*,#1417,.T.);
#1830=ORIENTED_EDGE('',*,*,#1418,.T.);
#1831=ORIENTED_EDGE('',*,*,#1419,.T.);
#1832=ORIENTED_EDGE('',*,*,#1420,.T.);
#1833=ORIENTED_EDGE('',*,*,#1421,.T.);
#1834=ORIENTED_EDGE('',*,*,#1422,.T.);
#1835=ORIENTED_EDGE('',*,*,#1423,.T.);
#1836=ORIENTED_EDGE('',*,*,#1424,.T.);
#1837=ORIENTED_EDGE('',*,*,#1425,.T.);
#1838=ORIENTED_EDGE('',*,*,#1426,.T.);
#1839=ORIENTED_EDGE('',*,*,#1427,.T.);
#1840=ORIENTED_EDGE('',*,*,#1428,.T.);
#1841=ORIENTED_EDGE('',*,*,#1429,.T.);
#1842=ORIENTED_EDGE('',*,*,#1423,.F.);
#1843=ORIENTED_EDGE('',*,*,#1430,.T.);
#1844=ORIENTED_EDGE('',*,*,#1431,.T.);
#1845=ORIENTED_EDGE('',*,*,#1432,.T.);
#1846=ORIENTED_EDGE('',*,*,#1428,.F.);
#1847=ORIENTED_EDGE('',*,*,#1433,.T.);
#1848=ORIENTED_EDGE('',*,*,#1431,.F.);
#1849=ORIENTED_EDGE('',*,*,#1434,.T.);
#1850=ORIENTED_EDGE('',*,*,#1435,.T.);
#1851=ORIENTED_EDGE('',*,*,#1436,.T.);
#1852=ORIENTED_EDGE('',*,*,#1435,.F.);
#1853=ORIENTED_EDGE('',*,*,#1437,.T.);
#1854=ORIENTED_EDGE('',*,*,#1438,.T.);
#1855=ORIENTED_EDGE('',*,*,#1439,.T.);
#1856=ORIENTED_EDGE('',*,*,#1438,.F.);
#1857=ORIENTED_EDGE('',*,*,#1440,.T.);
#1858=ORIENTED_EDGE('',*,*,#1441,.T.);
#1859=ORIENTED_EDGE('',*,*,#1442,.T.);
#1860=ORIENTED_EDGE('',*,*,#1441,.F.);
#1861=ORIENTED_EDGE('',*,*,#1443,.T.);
#1862=ORIENTED_EDGE('',*,*,#1444,.T.);
#1863=ORIENTED_EDGE('',*,*,#1445,.T.);
#1864=ORIENTED_EDGE('',*,*,#1426,.F.);
#1865=ORIENTED_EDGE('',*,*,#1446,.T.);
#1866=ORIENTED_EDGE('',*,*,#1418,.F.);
#1867=ORIENTED_EDGE('',*,*,#1447,.T.);
#1868=ORIENTED_EDGE('',*,*,#1444,.F.);
#1869=ORIENTED_EDGE('',*,*,#1448,.T.);
#1870=ORIENTED_EDGE('',*,*,#1449,.T.);
#1871=ORIENTED_EDGE('',*,*,#1450,.T.);
#1872=ORIENTED_EDGE('',*,*,#1449,.F.);
#1873=ORIENTED_EDGE('',*,*,#1451,.T.);
#1874=ORIENTED_EDGE('',*,*,#1452,.T.);
#1875=ORIENTED_EDGE('',*,*,#1453,.T.);
#1876=ORIENTED_EDGE('',*,*,#1421,.F.);
#1877=ORIENTED_EDGE('',*,*,#1454,.T.);
#1878=ORIENTED_EDGE('',*,*,#1414,.F.);
#1879=ORIENTED_EDGE('',*,*,#1455,.T.);
#1880=ORIENTED_EDGE('',*,*,#1452,.F.);
#1881=ORIENTED_EDGE('',*,*,#1456,.T.);
#1882=ORIENTED_EDGE('',*,*,#1416,.T.);
#1883=ORIENTED_EDGE('',*,*,#1455,.F.);
#1884=ORIENTED_EDGE('',*,*,#1457,.T.);
#1885=ORIENTED_EDGE('',*,*,#1360,.T.);
#1886=ORIENTED_EDGE('',*,*,#1458,.T.);
#1887=ORIENTED_EDGE('',*,*,#1415,.F.);
#1888=ORIENTED_EDGE('',*,*,#1459,.F.);
#1889=ORIENTED_EDGE('',*,*,#1361,.F.);
#1890=ORIENTED_EDGE('',*,*,#1457,.F.);
#1891=ORIENTED_EDGE('',*,*,#1454,.F.);
#1892=ORIENTED_EDGE('',*,*,#1460,.T.);
#1893=ORIENTED_EDGE('',*,*,#1362,.T.);
#1894=ORIENTED_EDGE('',*,*,#1459,.T.);
#1895=ORIENTED_EDGE('',*,*,#1410,.F.);
#1896=ORIENTED_EDGE('',*,*,#1363,.F.);
#1897=ORIENTED_EDGE('',*,*,#1460,.F.);
#1898=ORIENTED_EDGE('',*,*,#1420,.F.);
#1899=ORIENTED_EDGE('',*,*,#1461,.F.);
#1900=ORIENTED_EDGE('',*,*,#1462,.F.);
#1901=ORIENTED_EDGE('',*,*,#1419,.F.);
#1902=ORIENTED_EDGE('',*,*,#1446,.F.);
#1903=ORIENTED_EDGE('',*,*,#1425,.F.);
#1904=ORIENTED_EDGE('',*,*,#1463,.T.);
#1905=ORIENTED_EDGE('',*,*,#1464,.T.);
#1906=ORIENTED_EDGE('',*,*,#1461,.T.);
#1907=ORIENTED_EDGE('',*,*,#1405,.F.);
#1908=ORIENTED_EDGE('',*,*,#1465,.F.);
#1909=ORIENTED_EDGE('',*,*,#1463,.F.);
#1910=ORIENTED_EDGE('',*,*,#1424,.F.);
#1911=ORIENTED_EDGE('',*,*,#1466,.F.);
#1912=ORIENTED_EDGE('',*,*,#1351,.F.);
#1913=ORIENTED_EDGE('',*,*,#1422,.F.);
#1914=ORIENTED_EDGE('',*,*,#1445,.F.);
#1915=ORIENTED_EDGE('',*,*,#1417,.F.);
#1916=ORIENTED_EDGE('',*,*,#1453,.F.);
#1917=ORIENTED_EDGE('',*,*,#1413,.F.);
#1918=ORIENTED_EDGE('',*,*,#1456,.F.);
#1919=ORIENTED_EDGE('',*,*,#1451,.F.);
#1920=ORIENTED_EDGE('',*,*,#1448,.F.);
#1921=ORIENTED_EDGE('',*,*,#1443,.F.);
#1922=ORIENTED_EDGE('',*,*,#1440,.F.);
#1923=ORIENTED_EDGE('',*,*,#1437,.F.);
#1924=ORIENTED_EDGE('',*,*,#1434,.F.);
#1925=ORIENTED_EDGE('',*,*,#1430,.F.);
#1926=ORIENTED_EDGE('',*,*,#1427,.F.);
#1927=ORIENTED_EDGE('',*,*,#1433,.F.);
#1928=ORIENTED_EDGE('',*,*,#1467,.T.);
#1929=ORIENTED_EDGE('',*,*,#1354,.T.);
#1930=ORIENTED_EDGE('',*,*,#1468,.T.);
#1931=ORIENTED_EDGE('',*,*,#1436,.F.);
#1932=ORIENTED_EDGE('',*,*,#1469,.F.);
#1933=ORIENTED_EDGE('',*,*,#1355,.F.);
#1934=ORIENTED_EDGE('',*,*,#1467,.F.);
#1935=ORIENTED_EDGE('',*,*,#1429,.F.);
#1936=ORIENTED_EDGE('',*,*,#1470,.T.);
#1937=ORIENTED_EDGE('',*,*,#1352,.T.);
#1938=ORIENTED_EDGE('',*,*,#1466,.T.);
#1939=ORIENTED_EDGE('',*,*,#1432,.F.);
#1940=ORIENTED_EDGE('',*,*,#1468,.F.);
#1941=ORIENTED_EDGE('',*,*,#1353,.F.);
#1942=ORIENTED_EDGE('',*,*,#1470,.F.);
#1943=ORIENTED_EDGE('',*,*,#1439,.F.);
#1944=ORIENTED_EDGE('',*,*,#1471,.T.);
#1945=ORIENTED_EDGE('',*,*,#1356,.T.);
#1946=ORIENTED_EDGE('',*,*,#1469,.T.);
#1947=ORIENTED_EDGE('',*,*,#1450,.F.);
#1948=ORIENTED_EDGE('',*,*,#1458,.F.);
#1949=ORIENTED_EDGE('',*,*,#1359,.F.);
#1950=ORIENTED_EDGE('',*,*,#1472,.F.);
#1951=ORIENTED_EDGE('',*,*,#1447,.F.);
#1952=ORIENTED_EDGE('',*,*,#1472,.T.);
#1953=ORIENTED_EDGE('',*,*,#1358,.T.);
#1954=ORIENTED_EDGE('',*,*,#1473,.T.);
#1955=ORIENTED_EDGE('',*,*,#1442,.F.);
#1956=ORIENTED_EDGE('',*,*,#1473,.F.);
#1957=ORIENTED_EDGE('',*,*,#1357,.F.);
#1958=ORIENTED_EDGE('',*,*,#1471,.F.);
#1959=ORIENTED_EDGE('',*,*,#1368,.T.);
#1960=ORIENTED_EDGE('',*,*,#1474,.T.);
#1961=ORIENTED_EDGE('',*,*,#1475,.T.);
#1962=ORIENTED_EDGE('',*,*,#1476,.T.);
#1963=ORIENTED_EDGE('',*,*,#1474,.F.);
#1964=ORIENTED_EDGE('',*,*,#1367,.F.);
#1965=ORIENTED_EDGE('',*,*,#1477,.F.);
#1966=ORIENTED_EDGE('',*,*,#1478,.T.);
#1967=ORIENTED_EDGE('',*,*,#1366,.T.);
#1968=ORIENTED_EDGE('',*,*,#1412,.T.);
#1969=ORIENTED_EDGE('',*,*,#1479,.T.);
#1970=ORIENTED_EDGE('',*,*,#1477,.T.);
#1971=ORIENTED_EDGE('',*,*,#1346,.T.);
#1972=ORIENTED_EDGE('',*,*,#1480,.T.);
#1973=ORIENTED_EDGE('',*,*,#1481,.T.);
#1974=ORIENTED_EDGE('',*,*,#1482,.T.);
#1975=ORIENTED_EDGE('',*,*,#1482,.F.);
#1976=ORIENTED_EDGE('',*,*,#1483,.T.);
#1977=ORIENTED_EDGE('',*,*,#1484,.F.);
#1978=ORIENTED_EDGE('',*,*,#1347,.F.);
#1979=ORIENTED_EDGE('',*,*,#1348,.T.);
#1980=ORIENTED_EDGE('',*,*,#1484,.T.);
#1981=ORIENTED_EDGE('',*,*,#1485,.T.);
#1982=ORIENTED_EDGE('',*,*,#1406,.T.);
#1983=ORIENTED_EDGE('',*,*,#1486,.F.);
#1984=ORIENTED_EDGE('',*,*,#1487,.T.);
#1985=ORIENTED_EDGE('',*,*,#1488,.F.);
#1986=ORIENTED_EDGE('',*,*,#1487,.F.);
#1987=ORIENTED_EDGE('',*,*,#1486,.T.);
#1988=ORIENTED_EDGE('',*,*,#1489,.F.);
#1989=ORIENTED_EDGE('',*,*,#1490,.T.);
#1990=ORIENTED_EDGE('',*,*,#1491,.F.);
#1991=ORIENTED_EDGE('',*,*,#1490,.F.);
#1992=ORIENTED_EDGE('',*,*,#1489,.T.);
#1993=ORIENTED_EDGE('',*,*,#1492,.F.);
#1994=ORIENTED_EDGE('',*,*,#1385,.F.);
#1995=ORIENTED_EDGE('',*,*,#1493,.F.);
#1996=ORIENTED_EDGE('',*,*,#1394,.F.);
#1997=ORIENTED_EDGE('',*,*,#1494,.F.);
#1998=ORIENTED_EDGE('',*,*,#1396,.F.);
#1999=ORIENTED_EDGE('',*,*,#1495,.F.);
#2000=ORIENTED_EDGE('',*,*,#1383,.F.);
#2001=ORIENTED_EDGE('',*,*,#1495,.T.);
#2002=ORIENTED_EDGE('',*,*,#1395,.F.);
#2003=ORIENTED_EDGE('',*,*,#1493,.T.);
#2004=ORIENTED_EDGE('',*,*,#1384,.F.);
#2005=ORIENTED_EDGE('',*,*,#1491,.T.);
#2006=ORIENTED_EDGE('',*,*,#1488,.T.);
#2007=ORIENTED_EDGE('',*,*,#1494,.T.);
#2008=ORIENTED_EDGE('',*,*,#1382,.T.);
#2009=ORIENTED_EDGE('',*,*,#1496,.T.);
#2010=ORIENTED_EDGE('',*,*,#1497,.T.);
#2011=ORIENTED_EDGE('',*,*,#1498,.T.);
#2012=ORIENTED_EDGE('',*,*,#1499,.T.);
#2013=ORIENTED_EDGE('',*,*,#1500,.T.);
#2014=ORIENTED_EDGE('',*,*,#1397,.T.);
#2015=ORIENTED_EDGE('',*,*,#1497,.F.);
#2016=ORIENTED_EDGE('',*,*,#1501,.T.);
#2017=ORIENTED_EDGE('',*,*,#1375,.F.);
#2018=ORIENTED_EDGE('',*,*,#1502,.F.);
#2019=ORIENTED_EDGE('',*,*,#1498,.F.);
#2020=ORIENTED_EDGE('',*,*,#1502,.T.);
#2021=ORIENTED_EDGE('',*,*,#1374,.F.);
#2022=ORIENTED_EDGE('',*,*,#1503,.F.);
#2023=ORIENTED_EDGE('',*,*,#1499,.F.);
#2024=ORIENTED_EDGE('',*,*,#1503,.T.);
#2025=ORIENTED_EDGE('',*,*,#1373,.F.);
#2026=ORIENTED_EDGE('',*,*,#1504,.F.);
#2027=ORIENTED_EDGE('',*,*,#1496,.F.);
#2028=ORIENTED_EDGE('',*,*,#1381,.T.);
#2029=ORIENTED_EDGE('',*,*,#1376,.F.);
#2030=ORIENTED_EDGE('',*,*,#1501,.F.);
#2031=ORIENTED_EDGE('',*,*,#1387,.T.);
#2032=ORIENTED_EDGE('',*,*,#1505,.F.);
#2033=ORIENTED_EDGE('',*,*,#1392,.T.);
#2034=ORIENTED_EDGE('',*,*,#1506,.F.);
#2035=ORIENTED_EDGE('',*,*,#1492,.T.);
#2036=ORIENTED_EDGE('',*,*,#1393,.T.);
#2037=ORIENTED_EDGE('',*,*,#1505,.T.);
#2038=ORIENTED_EDGE('',*,*,#1386,.T.);
#2039=ORIENTED_EDGE('',*,*,#1500,.F.);
#2040=ORIENTED_EDGE('',*,*,#1504,.T.);
#2041=ORIENTED_EDGE('',*,*,#1372,.F.);
#2042=ORIENTED_EDGE('',*,*,#1398,.F.);
#2043=ORIENTED_EDGE('',*,*,#1335,.T.);
#2044=ORIENTED_EDGE('',*,*,#1334,.F.);
#2045=ORIENTED_EDGE('',*,*,#1507,.T.);
#2046=ORIENTED_EDGE('',*,*,#1480,.F.);
#2047=ORIENTED_EDGE('',*,*,#1345,.F.);
#2048=ORIENTED_EDGE('',*,*,#1389,.T.);
#2049=ORIENTED_EDGE('',*,*,#1369,.F.);
#2050=ORIENTED_EDGE('',*,*,#1476,.F.);
#2051=ORIENTED_EDGE('',*,*,#1508,.T.);
#2052=ORIENTED_EDGE('',*,*,#1332,.T.);
#2053=ORIENTED_EDGE('',*,*,#1388,.T.);
#2054=ORIENTED_EDGE('',*,*,#1506,.T.);
#2055=ORIENTED_EDGE('',*,*,#1391,.T.);
#2056=ORIENTED_EDGE('',*,*,#1341,.T.);
#2057=ORIENTED_EDGE('',*,*,#1475,.F.);
#2058=ORIENTED_EDGE('',*,*,#1478,.F.);
#2059=ORIENTED_EDGE('',*,*,#1479,.F.);
#2060=ORIENTED_EDGE('',*,*,#1411,.F.);
#2061=ORIENTED_EDGE('',*,*,#1408,.F.);
#2062=ORIENTED_EDGE('',*,*,#1462,.T.);
#2063=ORIENTED_EDGE('',*,*,#1464,.F.);
#2064=ORIENTED_EDGE('',*,*,#1465,.T.);
#2065=ORIENTED_EDGE('',*,*,#1404,.F.);
#2066=ORIENTED_EDGE('',*,*,#1407,.F.);
#2067=ORIENTED_EDGE('',*,*,#1485,.F.);
#2068=ORIENTED_EDGE('',*,*,#1483,.F.);
#2069=ORIENTED_EDGE('',*,*,#1481,.F.);
#2070=ORIENTED_EDGE('',*,*,#1507,.F.);
#2071=ORIENTED_EDGE('',*,*,#1333,.T.);
#2072=ORIENTED_EDGE('',*,*,#1508,.F.);
#2073=ORIENTED_EDGE('',*,*,#1400,.T.);
#2074=ORIENTED_EDGE('',*,*,#1402,.T.);
#2075=ORIENTED_EDGE('',*,*,#1509,.T.);
#2076=ORIENTED_EDGE('',*,*,#1510,.T.);
#2077=ORIENTED_EDGE('',*,*,#1511,.F.);
#2078=ORIENTED_EDGE('',*,*,#1512,.F.);
#2079=ORIENTED_EDGE('',*,*,#1513,.T.);
#2080=ORIENTED_EDGE('',*,*,#1514,.F.);
#2081=ORIENTED_EDGE('',*,*,#1515,.F.);
#2082=ORIENTED_EDGE('',*,*,#1516,.F.);
#2083=ORIENTED_EDGE('',*,*,#1517,.T.);
#2084=ORIENTED_EDGE('',*,*,#1518,.F.);
#2085=ORIENTED_EDGE('',*,*,#1519,.F.);
#2086=ORIENTED_EDGE('',*,*,#1520,.F.);
#2087=ORIENTED_EDGE('',*,*,#1521,.F.);
#2088=ORIENTED_EDGE('',*,*,#1522,.F.);
#2089=ORIENTED_EDGE('',*,*,#1523,.F.);
#2090=ORIENTED_EDGE('',*,*,#1524,.F.);
#2091=ORIENTED_EDGE('',*,*,#1525,.F.);
#2092=ORIENTED_EDGE('',*,*,#1526,.F.);
#2093=ORIENTED_EDGE('',*,*,#1527,.F.);
#2094=ORIENTED_EDGE('',*,*,#1528,.F.);
#2095=ORIENTED_EDGE('',*,*,#1529,.F.);
#2096=ORIENTED_EDGE('',*,*,#1530,.F.);
#2097=ORIENTED_EDGE('',*,*,#1531,.F.);
#2098=ORIENTED_EDGE('',*,*,#1532,.F.);
#2099=ORIENTED_EDGE('',*,*,#1533,.F.);
#2100=ORIENTED_EDGE('',*,*,#1534,.F.);
#2101=ORIENTED_EDGE('',*,*,#1535,.F.);
#2102=ORIENTED_EDGE('',*,*,#1536,.F.);
#2103=ORIENTED_EDGE('',*,*,#1537,.F.);
#2104=ORIENTED_EDGE('',*,*,#1538,.F.);
#2105=ORIENTED_EDGE('',*,*,#1539,.F.);
#2106=ORIENTED_EDGE('',*,*,#1540,.F.);
#2107=ORIENTED_EDGE('',*,*,#1541,.F.);
#2108=ORIENTED_EDGE('',*,*,#1510,.F.);
#2109=ORIENTED_EDGE('',*,*,#1542,.T.);
#2110=ORIENTED_EDGE('',*,*,#1543,.T.);
#2111=ORIENTED_EDGE('',*,*,#1513,.F.);
#2112=ORIENTED_EDGE('',*,*,#1509,.F.);
#2113=ORIENTED_EDGE('',*,*,#1544,.F.);
#2114=ORIENTED_EDGE('',*,*,#1545,.F.);
#2115=ORIENTED_EDGE('',*,*,#1546,.F.);
#2116=ORIENTED_EDGE('',*,*,#1547,.F.);
#2117=ORIENTED_EDGE('',*,*,#1548,.F.);
#2118=ORIENTED_EDGE('',*,*,#1549,.F.);
#2119=ORIENTED_EDGE('',*,*,#1550,.F.);
#2120=ORIENTED_EDGE('',*,*,#1551,.F.);
#2121=ORIENTED_EDGE('',*,*,#1550,.T.);
#2122=ORIENTED_EDGE('',*,*,#1552,.T.);
#2123=ORIENTED_EDGE('',*,*,#1553,.T.);
#2124=ORIENTED_EDGE('',*,*,#1554,.T.);
#2125=ORIENTED_EDGE('',*,*,#1555,.F.);
#2126=ORIENTED_EDGE('',*,*,#1556,.F.);
#2127=ORIENTED_EDGE('',*,*,#1549,.T.);
#2128=ORIENTED_EDGE('',*,*,#1557,.F.);
#2129=ORIENTED_EDGE('',*,*,#1558,.T.);
#2130=ORIENTED_EDGE('',*,*,#1552,.F.);
#2131=ORIENTED_EDGE('',*,*,#1545,.T.);
#2132=ORIENTED_EDGE('',*,*,#1559,.F.);
#2133=ORIENTED_EDGE('',*,*,#1560,.F.);
#2134=ORIENTED_EDGE('',*,*,#1561,.F.);
#2135=ORIENTED_EDGE('',*,*,#1562,.F.);
#2136=ORIENTED_EDGE('',*,*,#1563,.F.);
#2137=ORIENTED_EDGE('',*,*,#1564,.F.);
#2138=ORIENTED_EDGE('',*,*,#1565,.F.);
#2139=ORIENTED_EDGE('',*,*,#1566,.T.);
#2140=ORIENTED_EDGE('',*,*,#1547,.T.);
#2141=ORIENTED_EDGE('',*,*,#1567,.T.);
#2142=ORIENTED_EDGE('',*,*,#1568,.T.);
#2143=ORIENTED_EDGE('',*,*,#1569,.T.);
#2144=ORIENTED_EDGE('',*,*,#1570,.T.);
#2145=ORIENTED_EDGE('',*,*,#1548,.T.);
#2146=ORIENTED_EDGE('',*,*,#1570,.F.);
#2147=ORIENTED_EDGE('',*,*,#1571,.F.);
#2148=ORIENTED_EDGE('',*,*,#1572,.F.);
#2149=ORIENTED_EDGE('',*,*,#1573,.T.);
#2150=ORIENTED_EDGE('',*,*,#1557,.T.);
#2151=ORIENTED_EDGE('',*,*,#1574,.T.);
#2152=ORIENTED_EDGE('',*,*,#1575,.F.);
#2153=ORIENTED_EDGE('',*,*,#1576,.F.);
#2154=ORIENTED_EDGE('',*,*,#1577,.F.);
#2155=ORIENTED_EDGE('',*,*,#1578,.F.);
#2156=ORIENTED_EDGE('',*,*,#1579,.F.);
#2157=ORIENTED_EDGE('',*,*,#1580,.F.);
#2158=ORIENTED_EDGE('',*,*,#1581,.F.);
#2159=ORIENTED_EDGE('',*,*,#1582,.T.);
#2160=ORIENTED_EDGE('',*,*,#1583,.F.);
#2161=ORIENTED_EDGE('',*,*,#1574,.F.);
#2162=ORIENTED_EDGE('',*,*,#1584,.F.);
#2163=ORIENTED_EDGE('',*,*,#1585,.F.);
#2164=ORIENTED_EDGE('',*,*,#1517,.F.);
#2165=ORIENTED_EDGE('',*,*,#1586,.F.);
#2166=ORIENTED_EDGE('',*,*,#1553,.F.);
#2167=ORIENTED_EDGE('',*,*,#1558,.F.);
#2168=ORIENTED_EDGE('',*,*,#1573,.F.);
#2169=ORIENTED_EDGE('',*,*,#1587,.F.);
#2170=ORIENTED_EDGE('',*,*,#1583,.T.);
#2171=ORIENTED_EDGE('',*,*,#1588,.F.);
#2172=ORIENTED_EDGE('',*,*,#1589,.F.);
#2173=ORIENTED_EDGE('',*,*,#1590,.F.);
#2174=ORIENTED_EDGE('',*,*,#1591,.F.);
#2175=ORIENTED_EDGE('',*,*,#1592,.F.);
#2176=ORIENTED_EDGE('',*,*,#1593,.F.);
#2177=ORIENTED_EDGE('',*,*,#1594,.F.);
#2178=ORIENTED_EDGE('',*,*,#1524,.T.);
#2179=ORIENTED_EDGE('',*,*,#1595,.F.);
#2180=ORIENTED_EDGE('',*,*,#1596,.F.);
#2181=ORIENTED_EDGE('',*,*,#1575,.T.);
#2182=ORIENTED_EDGE('',*,*,#1586,.T.);
#2183=ORIENTED_EDGE('',*,*,#1516,.T.);
#2184=ORIENTED_EDGE('',*,*,#1597,.F.);
#2185=ORIENTED_EDGE('',*,*,#1598,.F.);
#2186=ORIENTED_EDGE('',*,*,#1554,.F.);
#2187=ORIENTED_EDGE('',*,*,#1587,.T.);
#2188=ORIENTED_EDGE('',*,*,#1572,.T.);
#2189=ORIENTED_EDGE('',*,*,#1599,.T.);
#2190=ORIENTED_EDGE('',*,*,#1600,.T.);
#2191=ORIENTED_EDGE('',*,*,#1588,.T.);
#2192=ORIENTED_EDGE('',*,*,#1585,.T.);
#2193=ORIENTED_EDGE('',*,*,#1601,.F.);
#2194=ORIENTED_EDGE('',*,*,#1602,.F.);
#2195=ORIENTED_EDGE('',*,*,#1518,.T.);
#2196=ORIENTED_EDGE('',*,*,#1582,.F.);
#2197=ORIENTED_EDGE('',*,*,#1603,.T.);
#2198=ORIENTED_EDGE('',*,*,#1604,.T.);
#2199=ORIENTED_EDGE('',*,*,#1603,.F.);
#2200=ORIENTED_EDGE('',*,*,#1604,.F.);
#2201=ORIENTED_EDGE('',*,*,#1605,.F.);
#2202=ORIENTED_EDGE('',*,*,#1566,.F.);
#2203=ORIENTED_EDGE('',*,*,#1606,.T.);
#2204=ORIENTED_EDGE('',*,*,#1607,.T.);
#2205=ORIENTED_EDGE('',*,*,#1606,.F.);
#2206=ORIENTED_EDGE('',*,*,#1607,.F.);
#2207=ORIENTED_EDGE('',*,*,#1608,.F.);
#2208=ORIENTED_EDGE('',*,*,#1608,.T.);
#2209=ORIENTED_EDGE('',*,*,#1609,.T.);
#2210=ORIENTED_EDGE('',*,*,#1543,.F.);
#2211=ORIENTED_EDGE('',*,*,#1609,.F.);
#2212=ORIENTED_EDGE('',*,*,#1605,.T.);
#2213=ORIENTED_EDGE('',*,*,#1610,.T.);
#2214=ORIENTED_EDGE('',*,*,#1542,.F.);
#2215=ORIENTED_EDGE('',*,*,#1610,.F.);
#2216=ORIENTED_EDGE('',*,*,#1611,.T.);
#2217=ORIENTED_EDGE('',*,*,#1612,.T.);
#2218=ORIENTED_EDGE('',*,*,#1564,.T.);
#2219=ORIENTED_EDGE('',*,*,#1613,.T.);
#2220=ORIENTED_EDGE('',*,*,#1563,.T.);
#2221=ORIENTED_EDGE('',*,*,#1614,.T.);
#2222=ORIENTED_EDGE('',*,*,#1615,.T.);
#2223=ORIENTED_EDGE('',*,*,#1613,.F.);
#2224=ORIENTED_EDGE('',*,*,#1562,.T.);
#2225=ORIENTED_EDGE('',*,*,#1616,.T.);
#2226=ORIENTED_EDGE('',*,*,#1617,.T.);
#2227=ORIENTED_EDGE('',*,*,#1614,.F.);
#2228=ORIENTED_EDGE('',*,*,#1561,.T.);
#2229=ORIENTED_EDGE('',*,*,#1618,.T.);
#2230=ORIENTED_EDGE('',*,*,#1619,.T.);
#2231=ORIENTED_EDGE('',*,*,#1616,.F.);
#2232=ORIENTED_EDGE('',*,*,#1560,.T.);
#2233=ORIENTED_EDGE('',*,*,#1620,.T.);
#2234=ORIENTED_EDGE('',*,*,#1621,.T.);
#2235=ORIENTED_EDGE('',*,*,#1618,.F.);
#2236=ORIENTED_EDGE('',*,*,#1544,.T.);
#2237=ORIENTED_EDGE('',*,*,#1512,.T.);
#2238=ORIENTED_EDGE('',*,*,#1620,.F.);
#2239=ORIENTED_EDGE('',*,*,#1559,.T.);
#2240=ORIENTED_EDGE('',*,*,#1611,.F.);
#2241=ORIENTED_EDGE('',*,*,#1622,.T.);
#2242=ORIENTED_EDGE('',*,*,#1537,.T.);
#2243=ORIENTED_EDGE('',*,*,#1623,.T.);
#2244=ORIENTED_EDGE('',*,*,#1615,.F.);
#2245=ORIENTED_EDGE('',*,*,#1624,.F.);
#2246=ORIENTED_EDGE('',*,*,#1538,.T.);
#2247=ORIENTED_EDGE('',*,*,#1622,.F.);
#2248=ORIENTED_EDGE('',*,*,#1617,.F.);
#2249=ORIENTED_EDGE('',*,*,#1625,.T.);
#2250=ORIENTED_EDGE('',*,*,#1539,.T.);
#2251=ORIENTED_EDGE('',*,*,#1624,.T.);
#2252=ORIENTED_EDGE('',*,*,#1619,.F.);
#2253=ORIENTED_EDGE('',*,*,#1626,.F.);
#2254=ORIENTED_EDGE('',*,*,#1540,.T.);
#2255=ORIENTED_EDGE('',*,*,#1625,.F.);
#2256=ORIENTED_EDGE('',*,*,#1621,.F.);
#2257=ORIENTED_EDGE('',*,*,#1511,.T.);
#2258=ORIENTED_EDGE('',*,*,#1541,.T.);
#2259=ORIENTED_EDGE('',*,*,#1626,.T.);
#2260=ORIENTED_EDGE('',*,*,#1584,.T.);
#2261=ORIENTED_EDGE('',*,*,#1581,.T.);
#2262=ORIENTED_EDGE('',*,*,#1627,.T.);
#2263=ORIENTED_EDGE('',*,*,#1601,.T.);
#2264=ORIENTED_EDGE('',*,*,#1628,.T.);
#2265=ORIENTED_EDGE('',*,*,#1627,.F.);
#2266=ORIENTED_EDGE('',*,*,#1580,.T.);
#2267=ORIENTED_EDGE('',*,*,#1629,.T.);
#2268=ORIENTED_EDGE('',*,*,#1630,.T.);
#2269=ORIENTED_EDGE('',*,*,#1629,.F.);
#2270=ORIENTED_EDGE('',*,*,#1579,.T.);
#2271=ORIENTED_EDGE('',*,*,#1631,.T.);
#2272=ORIENTED_EDGE('',*,*,#1632,.T.);
#2273=ORIENTED_EDGE('',*,*,#1631,.F.);
#2274=ORIENTED_EDGE('',*,*,#1578,.T.);
#2275=ORIENTED_EDGE('',*,*,#1633,.T.);
#2276=ORIENTED_EDGE('',*,*,#1634,.T.);
#2277=ORIENTED_EDGE('',*,*,#1633,.F.);
#2278=ORIENTED_EDGE('',*,*,#1577,.T.);
#2279=ORIENTED_EDGE('',*,*,#1635,.T.);
#2280=ORIENTED_EDGE('',*,*,#1576,.T.);
#2281=ORIENTED_EDGE('',*,*,#1596,.T.);
#2282=ORIENTED_EDGE('',*,*,#1636,.T.);
#2283=ORIENTED_EDGE('',*,*,#1635,.F.);
#2284=ORIENTED_EDGE('',*,*,#1628,.F.);
#2285=ORIENTED_EDGE('',*,*,#1637,.T.);
#2286=ORIENTED_EDGE('',*,*,#1519,.T.);
#2287=ORIENTED_EDGE('',*,*,#1602,.T.);
#2288=ORIENTED_EDGE('',*,*,#1630,.F.);
#2289=ORIENTED_EDGE('',*,*,#1638,.F.);
#2290=ORIENTED_EDGE('',*,*,#1520,.T.);
#2291=ORIENTED_EDGE('',*,*,#1637,.F.);
#2292=ORIENTED_EDGE('',*,*,#1632,.F.);
#2293=ORIENTED_EDGE('',*,*,#1639,.T.);
#2294=ORIENTED_EDGE('',*,*,#1521,.T.);
#2295=ORIENTED_EDGE('',*,*,#1638,.T.);
#2296=ORIENTED_EDGE('',*,*,#1634,.F.);
#2297=ORIENTED_EDGE('',*,*,#1640,.F.);
#2298=ORIENTED_EDGE('',*,*,#1522,.T.);
#2299=ORIENTED_EDGE('',*,*,#1639,.F.);
#2300=ORIENTED_EDGE('',*,*,#1636,.F.);
#2301=ORIENTED_EDGE('',*,*,#1595,.T.);
#2302=ORIENTED_EDGE('',*,*,#1523,.T.);
#2303=ORIENTED_EDGE('',*,*,#1640,.T.);
#2304=ORIENTED_EDGE('',*,*,#1599,.F.);
#2305=ORIENTED_EDGE('',*,*,#1571,.T.);
#2306=ORIENTED_EDGE('',*,*,#1569,.F.);
#2307=ORIENTED_EDGE('',*,*,#1641,.F.);
#2308=ORIENTED_EDGE('',*,*,#1642,.T.);
#2309=ORIENTED_EDGE('',*,*,#1643,.T.);
#2310=ORIENTED_EDGE('',*,*,#1644,.T.);
#2311=ORIENTED_EDGE('',*,*,#1645,.T.);
#2312=ORIENTED_EDGE('',*,*,#1646,.T.);
#2313=ORIENTED_EDGE('',*,*,#1647,.T.);
#2314=ORIENTED_EDGE('',*,*,#1645,.F.);
#2315=ORIENTED_EDGE('',*,*,#1648,.F.);
#2316=ORIENTED_EDGE('',*,*,#1649,.F.);
#2317=ORIENTED_EDGE('',*,*,#1650,.F.);
#2318=ORIENTED_EDGE('',*,*,#1651,.F.);
#2319=ORIENTED_EDGE('',*,*,#1652,.F.);
#2320=ORIENTED_EDGE('',*,*,#1653,.F.);
#2321=ORIENTED_EDGE('',*,*,#1654,.F.);
#2322=ORIENTED_EDGE('',*,*,#1655,.F.);
#2323=ORIENTED_EDGE('',*,*,#1656,.F.);
#2324=ORIENTED_EDGE('',*,*,#1657,.F.);
#2325=ORIENTED_EDGE('',*,*,#1658,.F.);
#2326=ORIENTED_EDGE('',*,*,#1659,.F.);
#2327=ORIENTED_EDGE('',*,*,#1660,.F.);
#2328=ORIENTED_EDGE('',*,*,#1593,.T.);
#2329=ORIENTED_EDGE('',*,*,#1661,.T.);
#2330=ORIENTED_EDGE('',*,*,#1646,.F.);
#2331=ORIENTED_EDGE('',*,*,#1660,.T.);
#2332=ORIENTED_EDGE('',*,*,#1662,.T.);
#2333=ORIENTED_EDGE('',*,*,#1659,.T.);
#2334=ORIENTED_EDGE('',*,*,#1663,.T.);
#2335=ORIENTED_EDGE('',*,*,#1664,.T.);
#2336=ORIENTED_EDGE('',*,*,#1662,.F.);
#2337=ORIENTED_EDGE('',*,*,#1658,.T.);
#2338=ORIENTED_EDGE('',*,*,#1665,.T.);
#2339=ORIENTED_EDGE('',*,*,#1666,.T.);
#2340=ORIENTED_EDGE('',*,*,#1663,.F.);
#2341=ORIENTED_EDGE('',*,*,#1657,.T.);
#2342=ORIENTED_EDGE('',*,*,#1667,.T.);
#2343=ORIENTED_EDGE('',*,*,#1668,.T.);
#2344=ORIENTED_EDGE('',*,*,#1665,.F.);
#2345=ORIENTED_EDGE('',*,*,#1656,.T.);
#2346=ORIENTED_EDGE('',*,*,#1669,.T.);
#2347=ORIENTED_EDGE('',*,*,#1670,.T.);
#2348=ORIENTED_EDGE('',*,*,#1667,.F.);
#2349=ORIENTED_EDGE('',*,*,#1655,.T.);
#2350=ORIENTED_EDGE('',*,*,#1671,.T.);
#2351=ORIENTED_EDGE('',*,*,#1672,.T.);
#2352=ORIENTED_EDGE('',*,*,#1669,.F.);
#2353=ORIENTED_EDGE('',*,*,#1654,.T.);
#2354=ORIENTED_EDGE('',*,*,#1673,.T.);
#2355=ORIENTED_EDGE('',*,*,#1674,.T.);
#2356=ORIENTED_EDGE('',*,*,#1671,.F.);
#2357=ORIENTED_EDGE('',*,*,#1653,.T.);
#2358=ORIENTED_EDGE('',*,*,#1675,.T.);
#2359=ORIENTED_EDGE('',*,*,#1676,.T.);
#2360=ORIENTED_EDGE('',*,*,#1673,.F.);
#2361=ORIENTED_EDGE('',*,*,#1652,.T.);
#2362=ORIENTED_EDGE('',*,*,#1677,.T.);
#2363=ORIENTED_EDGE('',*,*,#1678,.T.);
#2364=ORIENTED_EDGE('',*,*,#1675,.F.);
#2365=ORIENTED_EDGE('',*,*,#1651,.T.);
#2366=ORIENTED_EDGE('',*,*,#1679,.T.);
#2367=ORIENTED_EDGE('',*,*,#1680,.T.);
#2368=ORIENTED_EDGE('',*,*,#1677,.F.);
#2369=ORIENTED_EDGE('',*,*,#1650,.T.);
#2370=ORIENTED_EDGE('',*,*,#1681,.T.);
#2371=ORIENTED_EDGE('',*,*,#1682,.T.);
#2372=ORIENTED_EDGE('',*,*,#1679,.F.);
#2373=ORIENTED_EDGE('',*,*,#1649,.T.);
#2374=ORIENTED_EDGE('',*,*,#1683,.T.);
#2375=ORIENTED_EDGE('',*,*,#1684,.T.);
#2376=ORIENTED_EDGE('',*,*,#1681,.F.);
#2377=ORIENTED_EDGE('',*,*,#1648,.T.);
#2378=ORIENTED_EDGE('',*,*,#1644,.F.);
#2379=ORIENTED_EDGE('',*,*,#1685,.T.);
#2380=ORIENTED_EDGE('',*,*,#1686,.T.);
#2381=ORIENTED_EDGE('',*,*,#1683,.F.);
#2382=ORIENTED_EDGE('',*,*,#1664,.F.);
#2383=ORIENTED_EDGE('',*,*,#1687,.T.);
#2384=ORIENTED_EDGE('',*,*,#1525,.T.);
#2385=ORIENTED_EDGE('',*,*,#1594,.T.);
#2386=ORIENTED_EDGE('',*,*,#1666,.F.);
#2387=ORIENTED_EDGE('',*,*,#1688,.F.);
#2388=ORIENTED_EDGE('',*,*,#1526,.T.);
#2389=ORIENTED_EDGE('',*,*,#1687,.F.);
#2390=ORIENTED_EDGE('',*,*,#1668,.F.);
#2391=ORIENTED_EDGE('',*,*,#1689,.T.);
#2392=ORIENTED_EDGE('',*,*,#1527,.T.);
#2393=ORIENTED_EDGE('',*,*,#1688,.T.);
#2394=ORIENTED_EDGE('',*,*,#1670,.F.);
#2395=ORIENTED_EDGE('',*,*,#1690,.F.);
#2396=ORIENTED_EDGE('',*,*,#1528,.T.);
#2397=ORIENTED_EDGE('',*,*,#1689,.F.);
#2398=ORIENTED_EDGE('',*,*,#1672,.F.);
#2399=ORIENTED_EDGE('',*,*,#1691,.T.);
#2400=ORIENTED_EDGE('',*,*,#1529,.T.);
#2401=ORIENTED_EDGE('',*,*,#1690,.T.);
#2402=ORIENTED_EDGE('',*,*,#1674,.F.);
#2403=ORIENTED_EDGE('',*,*,#1692,.F.);
#2404=ORIENTED_EDGE('',*,*,#1530,.T.);
#2405=ORIENTED_EDGE('',*,*,#1691,.F.);
#2406=ORIENTED_EDGE('',*,*,#1676,.F.);
#2407=ORIENTED_EDGE('',*,*,#1693,.T.);
#2408=ORIENTED_EDGE('',*,*,#1531,.T.);
#2409=ORIENTED_EDGE('',*,*,#1692,.T.);
#2410=ORIENTED_EDGE('',*,*,#1678,.F.);
#2411=ORIENTED_EDGE('',*,*,#1694,.F.);
#2412=ORIENTED_EDGE('',*,*,#1532,.T.);
#2413=ORIENTED_EDGE('',*,*,#1693,.F.);
#2414=ORIENTED_EDGE('',*,*,#1680,.F.);
#2415=ORIENTED_EDGE('',*,*,#1695,.T.);
#2416=ORIENTED_EDGE('',*,*,#1533,.T.);
#2417=ORIENTED_EDGE('',*,*,#1694,.T.);
#2418=ORIENTED_EDGE('',*,*,#1682,.F.);
#2419=ORIENTED_EDGE('',*,*,#1696,.F.);
#2420=ORIENTED_EDGE('',*,*,#1534,.T.);
#2421=ORIENTED_EDGE('',*,*,#1695,.F.);
#2422=ORIENTED_EDGE('',*,*,#1684,.F.);
#2423=ORIENTED_EDGE('',*,*,#1697,.T.);
#2424=ORIENTED_EDGE('',*,*,#1535,.T.);
#2425=ORIENTED_EDGE('',*,*,#1696,.T.);
#2426=ORIENTED_EDGE('',*,*,#1546,.T.);
#2427=ORIENTED_EDGE('',*,*,#1565,.T.);
#2428=ORIENTED_EDGE('',*,*,#1612,.F.);
#2429=ORIENTED_EDGE('',*,*,#1623,.F.);
#2430=ORIENTED_EDGE('',*,*,#1536,.T.);
#2431=ORIENTED_EDGE('',*,*,#1697,.F.);
#2432=ORIENTED_EDGE('',*,*,#1686,.F.);
#2433=ORIENTED_EDGE('',*,*,#1698,.F.);
#2434=ORIENTED_EDGE('',*,*,#1699,.T.);
#2435=ORIENTED_EDGE('',*,*,#1700,.F.);
#2436=ORIENTED_EDGE('',*,*,#1701,.F.);
#2437=ORIENTED_EDGE('',*,*,#1567,.F.);
#2438=ORIENTED_EDGE('',*,*,#1600,.F.);
#2439=ORIENTED_EDGE('',*,*,#1643,.F.);
#2440=ORIENTED_EDGE('',*,*,#1702,.T.);
#2441=ORIENTED_EDGE('',*,*,#1703,.T.);
#2442=ORIENTED_EDGE('',*,*,#1704,.T.);
#2443=ORIENTED_EDGE('',*,*,#1589,.T.);
#2444=ORIENTED_EDGE('',*,*,#1705,.T.);
#2445=ORIENTED_EDGE('',*,*,#1703,.F.);
#2446=ORIENTED_EDGE('',*,*,#1706,.T.);
#2447=ORIENTED_EDGE('',*,*,#1707,.T.);
#2448=ORIENTED_EDGE('',*,*,#1568,.F.);
#2449=ORIENTED_EDGE('',*,*,#1701,.T.);
#2450=ORIENTED_EDGE('',*,*,#1708,.T.);
#2451=ORIENTED_EDGE('',*,*,#1707,.F.);
#2452=ORIENTED_EDGE('',*,*,#1709,.T.);
#2453=ORIENTED_EDGE('',*,*,#1641,.T.);
#2454=ORIENTED_EDGE('',*,*,#1642,.F.);
#2455=ORIENTED_EDGE('',*,*,#1709,.F.);
#2456=ORIENTED_EDGE('',*,*,#1706,.F.);
#2457=ORIENTED_EDGE('',*,*,#1702,.F.);
#2458=ORIENTED_EDGE('',*,*,#1708,.F.);
#2459=ORIENTED_EDGE('',*,*,#1700,.T.);
#2460=ORIENTED_EDGE('',*,*,#1710,.T.);
#2461=ORIENTED_EDGE('',*,*,#1590,.T.);
#2462=ORIENTED_EDGE('',*,*,#1704,.F.);
#2463=ORIENTED_EDGE('',*,*,#1705,.F.);
#2464=ORIENTED_EDGE('',*,*,#1710,.F.);
#2465=ORIENTED_EDGE('',*,*,#1699,.F.);
#2466=ORIENTED_EDGE('',*,*,#1711,.F.);
#2467=ORIENTED_EDGE('',*,*,#1591,.T.);
#2468=ORIENTED_EDGE('',*,*,#1661,.F.);
#2469=ORIENTED_EDGE('',*,*,#1592,.T.);
#2470=ORIENTED_EDGE('',*,*,#1711,.T.);
#2471=ORIENTED_EDGE('',*,*,#1698,.T.);
#2472=ORIENTED_EDGE('',*,*,#1685,.F.);
#2473=ORIENTED_EDGE('',*,*,#1647,.F.);
#2474=ORIENTED_EDGE('',*,*,#1598,.T.);
#2475=ORIENTED_EDGE('',*,*,#1712,.T.);
#2476=ORIENTED_EDGE('',*,*,#1713,.T.);
#2477=ORIENTED_EDGE('',*,*,#1555,.T.);
#2478=ORIENTED_EDGE('',*,*,#1551,.T.);
#2479=ORIENTED_EDGE('',*,*,#1556,.T.);
#2480=ORIENTED_EDGE('',*,*,#1713,.F.);
#2481=ORIENTED_EDGE('',*,*,#1714,.F.);
#2482=ORIENTED_EDGE('',*,*,#1514,.T.);
#2483=ORIENTED_EDGE('',*,*,#1714,.T.);
#2484=ORIENTED_EDGE('',*,*,#1712,.F.);
#2485=ORIENTED_EDGE('',*,*,#1597,.T.);
#2486=ORIENTED_EDGE('',*,*,#1515,.T.);
#2487=PLANE('',#2786);
#2488=PLANE('',#2793);
#2489=PLANE('',#2795);
#2490=PLANE('',#2798);
#2491=PLANE('',#2799);
#2492=PLANE('',#2803);
#2493=PLANE('',#2808);
#2494=PLANE('',#2809);
#2495=PLANE('',#2810);
#2496=PLANE('',#2811);
#2497=PLANE('',#2812);
#2498=PLANE('',#2813);
#2499=PLANE('',#2814);
#2500=PLANE('',#2815);
#2501=PLANE('',#2816);
#2502=PLANE('',#2817);
#2503=PLANE('',#2818);
#2504=PLANE('',#2819);
#2505=PLANE('',#2820);
#2506=PLANE('',#2821);
#2507=PLANE('',#2822);
#2508=PLANE('',#2823);
#2509=PLANE('',#2824);
#2510=PLANE('',#2825);
#2511=PLANE('',#2826);
#2512=PLANE('',#2827);
#2513=PLANE('',#2828);
#2514=PLANE('',#2829);
#2515=PLANE('',#2830);
#2516=PLANE('',#2831);
#2517=PLANE('',#2832);
#2518=PLANE('',#2833);
#2519=PLANE('',#2834);
#2520=PLANE('',#2835);
#2521=PLANE('',#2836);
#2522=PLANE('',#2837);
#2523=PLANE('',#2838);
#2524=PLANE('',#2839);
#2525=PLANE('',#2840);
#2526=PLANE('',#2841);
#2527=PLANE('',#2842);
#2528=PLANE('',#2843);
#2529=PLANE('',#2844);
#2530=PLANE('',#2845);
#2531=PLANE('',#2846);
#2532=PLANE('',#2850);
#2533=PLANE('',#2854);
#2534=PLANE('',#2855);
#2535=PLANE('',#2856);
#2536=PLANE('',#2857);
#2537=PLANE('',#2858);
#2538=PLANE('',#2859);
#2539=PLANE('',#2860);
#2540=PLANE('',#2861);
#2541=PLANE('',#2862);
#2542=PLANE('',#2863);
#2543=PLANE('',#2864);
#2544=PLANE('',#2865);
#2545=PLANE('',#2866);
#2546=PLANE('',#2867);
#2547=PLANE('',#2868);
#2548=PLANE('',#2869);
#2549=PLANE('',#2870);
#2550=PLANE('',#2872);
#2551=PLANE('',#2882);
#2552=PLANE('',#2884);
#2553=PLANE('',#2885);
#2554=PLANE('',#2887);
#2555=PLANE('',#2888);
#2556=PLANE('',#2890);
#2557=PLANE('',#2898);
#2558=PLANE('',#2899);
#2559=PLANE('',#2900);
#2560=PLANE('',#2901);
#2561=PLANE('',#2904);
#2562=PLANE('',#2908);
#2563=PLANE('',#2912);
#2564=PLANE('',#2913);
#2565=PLANE('',#2914);
#2566=PLANE('',#2915);
#2567=PLANE('',#2916);
#2568=PLANE('',#2917);
#2569=PLANE('',#2918);
#2570=PLANE('',#2919);
#2571=PLANE('',#2920);
#2572=PLANE('',#2921);
#2573=PLANE('',#2922);
#2574=PLANE('',#2923);
#2575=PLANE('',#2924);
#2576=PLANE('',#2925);
#2577=PLANE('',#2926);
#2578=PLANE('',#2927);
#2579=PLANE('',#2928);
#2580=PLANE('',#2929);
#2581=PLANE('',#2930);
#2582=PLANE('',#2931);
#2583=PLANE('',#2932);
#2584=PLANE('',#2933);
#2585=PLANE('',#2934);
#2586=PLANE('',#2935);
#2587=PLANE('',#2936);
#2588=PLANE('',#2937);
#2589=PLANE('',#2938);
#2590=PLANE('',#2939);
#2591=PLANE('',#2940);
#2592=PLANE('',#2941);
#2593=PLANE('',#2942);
#2594=PLANE('',#2943);
#2595=PLANE('',#2944);
#2596=PLANE('',#2945);
#2597=PLANE('',#2946);
#2598=PLANE('',#2947);
#2599=PLANE('',#2948);
#2600=PLANE('',#2949);
#2601=PLANE('',#2950);
#2602=PLANE('',#2951);
#2603=PLANE('',#2952);
#2604=PLANE('',#2953);
#2605=PLANE('',#2954);
#2606=PLANE('',#2955);
#2607=PLANE('',#2956);
#2608=PLANE('',#2957);
#2609=PLANE('',#2958);
#2610=PLANE('',#2959);
#2611=PLANE('',#2960);
#2612=PLANE('',#2961);
#2613=PLANE('',#2962);
#2614=PLANE('',#2963);
#2615=PLANE('',#2964);
#2616=PLANE('',#2965);
#2617=PLANE('',#2966);
#2618=PLANE('',#2967);
#2619=PLANE('',#2968);
#2620=PLANE('',#2969);
#2621=PLANE('',#2970);
#2622=PLANE('',#2971);
#2623=ADVANCED_FACE('',(#59),#2487,.T.);
#2624=ADVANCED_FACE('',(#60),#47,.F.);
#2625=ADVANCED_FACE('',(#61),#2488,.T.);
#2626=ADVANCED_FACE('',(#62,#17,#18),#2489,.T.);
#2627=ADVANCED_FACE('',(#63),#2490,.T.);
#2628=ADVANCED_FACE('',(#64),#2491,.T.);
#2629=ADVANCED_FACE('',(#65),#48,.F.);
#2630=ADVANCED_FACE('',(#66),#2492,.T.);
#2631=ADVANCED_FACE('',(#67),#49,.F.);
#2632=ADVANCED_FACE('',(#68),#50,.F.);
#2633=ADVANCED_FACE('',(#69),#2493,.T.);
#2634=ADVANCED_FACE('',(#70),#2494,.T.);
#2635=ADVANCED_FACE('',(#71),#2495,.T.);
#2636=ADVANCED_FACE('',(#72),#2496,.T.);
#2637=ADVANCED_FACE('',(#73),#2497,.T.);
#2638=ADVANCED_FACE('',(#74),#2498,.T.);
#2639=ADVANCED_FACE('',(#75),#2499,.T.);
#2640=ADVANCED_FACE('',(#76),#2500,.T.);
#2641=ADVANCED_FACE('',(#77),#2501,.T.);
#2642=ADVANCED_FACE('',(#78),#2502,.T.);
#2643=ADVANCED_FACE('',(#79),#2503,.T.);
#2644=ADVANCED_FACE('',(#80),#2504,.T.);
#2645=ADVANCED_FACE('',(#81),#2505,.T.);
#2646=ADVANCED_FACE('',(#82),#2506,.T.);
#2647=ADVANCED_FACE('',(#83),#2507,.T.);
#2648=ADVANCED_FACE('',(#84),#2508,.T.);
#2649=ADVANCED_FACE('',(#85),#2509,.T.);
#2650=ADVANCED_FACE('',(#86),#2510,.T.);
#2651=ADVANCED_FACE('',(#87),#2511,.T.);
#2652=ADVANCED_FACE('',(#88),#2512,.T.);
#2653=ADVANCED_FACE('',(#89),#2513,.T.);
#2654=ADVANCED_FACE('',(#90),#2514,.T.);
#2655=ADVANCED_FACE('',(#91),#2515,.T.);
#2656=ADVANCED_FACE('',(#92),#2516,.T.);
#2657=ADVANCED_FACE('',(#93),#2517,.T.);
#2658=ADVANCED_FACE('',(#94),#2518,.T.);
#2659=ADVANCED_FACE('',(#95),#2519,.T.);
#2660=ADVANCED_FACE('',(#96),#2520,.T.);
#2661=ADVANCED_FACE('',(#97),#2521,.T.);
#2662=ADVANCED_FACE('',(#98),#2522,.T.);
#2663=ADVANCED_FACE('',(#99),#2523,.T.);
#2664=ADVANCED_FACE('',(#100),#2524,.T.);
#2665=ADVANCED_FACE('',(#101),#2525,.T.);
#2666=ADVANCED_FACE('',(#102),#2526,.T.);
#2667=ADVANCED_FACE('',(#103),#2527,.T.);
#2668=ADVANCED_FACE('',(#104),#2528,.T.);
#2669=ADVANCED_FACE('',(#105),#2529,.T.);
#2670=ADVANCED_FACE('',(#106),#2530,.T.);
#2671=ADVANCED_FACE('',(#107),#2531,.T.);
#2672=ADVANCED_FACE('',(#108),#51,.T.);
#2673=ADVANCED_FACE('',(#109),#2532,.T.);
#2674=ADVANCED_FACE('',(#110),#52,.T.);
#2675=ADVANCED_FACE('',(#111),#2533,.T.);
#2676=ADVANCED_FACE('',(#112),#2534,.T.);
#2677=ADVANCED_FACE('',(#113),#2535,.T.);
#2678=ADVANCED_FACE('',(#114,#19,#20),#2536,.T.);
#2679=ADVANCED_FACE('',(#115),#2537,.T.);
#2680=ADVANCED_FACE('',(#116),#2538,.T.);
#2681=ADVANCED_FACE('',(#117),#2539,.T.);
#2682=ADVANCED_FACE('',(#118),#2540,.T.);
#2683=ADVANCED_FACE('',(#119),#2541,.T.);
#2684=ADVANCED_FACE('',(#120),#2542,.T.);
#2685=ADVANCED_FACE('',(#121),#2543,.T.);
#2686=ADVANCED_FACE('',(#122),#2544,.T.);
#2687=ADVANCED_FACE('',(#123),#2545,.T.);
#2688=ADVANCED_FACE('',(#124),#2546,.T.);
#2689=ADVANCED_FACE('',(#125),#2547,.T.);
#2690=ADVANCED_FACE('',(#126,#21,#22),#2548,.F.);
#2691=ADVANCED_FACE('',(#127),#2549,.T.);
#2692=ADVANCED_FACE('',(#128,#23,#24),#2550,.F.);
#2693=ADVANCED_FACE('',(#129),#53,.F.);
#2694=ADVANCED_FACE('',(#130),#2551,.T.);
#2695=ADVANCED_FACE('',(#131),#2552,.F.);
#2696=ADVANCED_FACE('',(#132,#25),#2553,.T.);
#2697=ADVANCED_FACE('',(#133),#2554,.T.);
#2698=ADVANCED_FACE('',(#134),#2555,.T.);
#2699=ADVANCED_FACE('',(#135,#26),#2556,.T.);
#2700=ADVANCED_FACE('',(#136),#54,.F.);
#2701=ADVANCED_FACE('',(#137),#2557,.T.);
#2702=ADVANCED_FACE('',(#138),#2558,.T.);
#2703=ADVANCED_FACE('',(#139),#2559,.T.);
#2704=ADVANCED_FACE('',(#140),#2560,.T.);
#2705=ADVANCED_FACE('',(#141),#55,.F.);
#2706=ADVANCED_FACE('',(#142,#27),#2561,.T.);
#2707=ADVANCED_FACE('',(#143),#56,.F.);
#2708=ADVANCED_FACE('',(#144,#28),#2562,.T.);
#2709=ADVANCED_FACE('',(#145),#57,.F.);
#2710=ADVANCED_FACE('',(#146),#58,.F.);
#2711=ADVANCED_FACE('',(#147),#2563,.T.);
#2712=ADVANCED_FACE('',(#148),#2564,.T.);
#2713=ADVANCED_FACE('',(#149),#2565,.T.);
#2714=ADVANCED_FACE('',(#150),#2566,.T.);
#2715=ADVANCED_FACE('',(#151),#2567,.T.);
#2716=ADVANCED_FACE('',(#152),#2568,.T.);
#2717=ADVANCED_FACE('',(#153),#2569,.T.);
#2718=ADVANCED_FACE('',(#154),#2570,.T.);
#2719=ADVANCED_FACE('',(#155),#2571,.T.);
#2720=ADVANCED_FACE('',(#156),#2572,.T.);
#2721=ADVANCED_FACE('',(#157),#2573,.T.);
#2722=ADVANCED_FACE('',(#158),#2574,.T.);
#2723=ADVANCED_FACE('',(#159),#2575,.T.);
#2724=ADVANCED_FACE('',(#160),#2576,.T.);
#2725=ADVANCED_FACE('',(#161),#2577,.T.);
#2726=ADVANCED_FACE('',(#162),#2578,.T.);
#2727=ADVANCED_FACE('',(#163),#2579,.T.);
#2728=ADVANCED_FACE('',(#164),#2580,.T.);
#2729=ADVANCED_FACE('',(#165),#2581,.T.);
#2730=ADVANCED_FACE('',(#166),#2582,.T.);
#2731=ADVANCED_FACE('',(#167),#2583,.T.);
#2732=ADVANCED_FACE('',(#168),#2584,.T.);
#2733=ADVANCED_FACE('',(#169),#2585,.T.);
#2734=ADVANCED_FACE('',(#170),#2586,.T.);
#2735=ADVANCED_FACE('',(#171),#2587,.T.);
#2736=ADVANCED_FACE('',(#172),#2588,.T.);
#2737=ADVANCED_FACE('',(#173),#2589,.T.);
#2738=ADVANCED_FACE('',(#174),#2590,.T.);
#2739=ADVANCED_FACE('',(#175),#2591,.T.);
#2740=ADVANCED_FACE('',(#176),#2592,.T.);
#2741=ADVANCED_FACE('',(#177),#2593,.T.);
#2742=ADVANCED_FACE('',(#178),#2594,.T.);
#2743=ADVANCED_FACE('',(#179),#2595,.T.);
#2744=ADVANCED_FACE('',(#180),#2596,.T.);
#2745=ADVANCED_FACE('',(#181),#2597,.T.);
#2746=ADVANCED_FACE('',(#182),#2598,.T.);
#2747=ADVANCED_FACE('',(#183),#2599,.T.);
#2748=ADVANCED_FACE('',(#184),#2600,.T.);
#2749=ADVANCED_FACE('',(#185),#2601,.T.);
#2750=ADVANCED_FACE('',(#186),#2602,.T.);
#2751=ADVANCED_FACE('',(#187),#2603,.T.);
#2752=ADVANCED_FACE('',(#188),#2604,.T.);
#2753=ADVANCED_FACE('',(#189),#2605,.T.);
#2754=ADVANCED_FACE('',(#190),#2606,.T.);
#2755=ADVANCED_FACE('',(#191),#2607,.T.);
#2756=ADVANCED_FACE('',(#192),#2608,.T.);
#2757=ADVANCED_FACE('',(#193),#2609,.T.);
#2758=ADVANCED_FACE('',(#194),#2610,.T.);
#2759=ADVANCED_FACE('',(#195),#2611,.T.);
#2760=ADVANCED_FACE('',(#196),#2612,.T.);
#2761=ADVANCED_FACE('',(#197),#2613,.T.);
#2762=ADVANCED_FACE('',(#198),#2614,.T.);
#2763=ADVANCED_FACE('',(#199),#2615,.T.);
#2764=ADVANCED_FACE('',(#200),#2616,.T.);
#2765=ADVANCED_FACE('',(#201),#2617,.T.);
#2766=ADVANCED_FACE('',(#202),#2618,.T.);
#2767=ADVANCED_FACE('',(#203),#2619,.T.);
#2768=ADVANCED_FACE('',(#204),#2620,.F.);
#2769=ADVANCED_FACE('',(#205),#2621,.T.);
#2770=ADVANCED_FACE('',(#206),#2622,.T.);
#2771=CLOSED_SHELL('',(#2623,#2624,#2625,#2626,#2627,#2628,#2629,#2630,
#2631,#2632,#2633,#2634,#2635,#2636,#2637,#2638,#2639,#2640,#2641,#2642,
#2643,#2644,#2645,#2646,#2647,#2648,#2649,#2650,#2651,#2652,#2653,#2654,
#2655,#2656,#2657,#2658,#2659,#2660,#2661,#2662,#2663,#2664,#2665,#2666,
#2667,#2668,#2669,#2670,#2671,#2672,#2673,#2674,#2675,#2676,#2677,#2678,
#2679,#2680,#2681,#2682,#2683,#2684,#2685,#2686,#2687,#2688,#2689,#2690));
#2772=CLOSED_SHELL('',(#2691,#2692,#2693,#2694,#2695,#2696,#2697,#2698,
#2699,#2700,#2701,#2702,#2703,#2704,#2705,#2706,#2707,#2708,#2709,#2710,
#2711,#2712,#2713,#2714,#2715,#2716,#2717,#2718,#2719,#2720,#2721,#2722,
#2723,#2724,#2725,#2726,#2727,#2728,#2729,#2730,#2731,#2732,#2733,#2734,
#2735,#2736,#2737,#2738,#2739,#2740,#2741,#2742,#2743,#2744,#2745,#2746,
#2747,#2748,#2749,#2750,#2751,#2752,#2753,#2754,#2755,#2756,#2757,#2758,
#2759,#2760,#2761,#2762,#2763,#2764,#2765,#2766,#2767,#2768,#2769,#2770));
#2773=DERIVED_UNIT_ELEMENT(#2775,1.);
#2774=DERIVED_UNIT_ELEMENT(#4480,-3.);
#2775=(
MASS_UNIT()
NAMED_UNIT(*)
SI_UNIT(.KILO.,.GRAM.)
);
#2776=DERIVED_UNIT((#2773,#2774));
#2777=MEASURE_REPRESENTATION_ITEM('density measure',
POSITIVE_RATIO_MEASURE(7850.),#2776);
#2778=PROPERTY_DEFINITION_REPRESENTATION(#2783,#2780);
#2779=PROPERTY_DEFINITION_REPRESENTATION(#2784,#2781);
#2780=REPRESENTATION('material name',(#2782),#4477);
#2781=REPRESENTATION('density',(#2777),#4477);
#2782=DESCRIPTIVE_REPRESENTATION_ITEM('Stahl','Stahl');
#2783=PROPERTY_DEFINITION('material property','material name',#4487);
#2784=PROPERTY_DEFINITION('material property','density of part',#4487);
#2785=AXIS2_PLACEMENT_3D('',#3694,#2972,#2973);
#2786=AXIS2_PLACEMENT_3D('',#3695,#2974,#2975);
#2787=AXIS2_PLACEMENT_3D('',#3698,#2976,#2977);
#2788=AXIS2_PLACEMENT_3D('',#3702,#2979,#2980);
#2789=AXIS2_PLACEMENT_3D('',#3708,#2984,#2985);
#2790=AXIS2_PLACEMENT_3D('',#3710,#2986,#2987);
#2791=AXIS2_PLACEMENT_3D('',#3714,#2989,#2990);
#2792=AXIS2_PLACEMENT_3D('',#3716,#2991,#2992);
#2793=AXIS2_PLACEMENT_3D('',#3718,#2994,#2995);
#2794=AXIS2_PLACEMENT_3D('',#3726,#2999,#3000);
#2795=AXIS2_PLACEMENT_3D('',#3728,#3002,#3003);
#2796=AXIS2_PLACEMENT_3D('',#3795,#3037,#3038);
#2797=AXIS2_PLACEMENT_3D('',#3797,#3039,#3040);
#2798=AXIS2_PLACEMENT_3D('',#3798,#3041,#3042);
#2799=AXIS2_PLACEMENT_3D('',#3800,#3044,#3045);
#2800=AXIS2_PLACEMENT_3D('',#3816,#3054,#3055);
#2801=AXIS2_PLACEMENT_3D('',#3817,#3056,#3057);
#2802=AXIS2_PLACEMENT_3D('',#3818,#3058,#3059);
#2803=AXIS2_PLACEMENT_3D('',#3819,#3060,#3061);
#2804=AXIS2_PLACEMENT_3D('',#3835,#3070,#3071);
#2805=AXIS2_PLACEMENT_3D('',#3838,#3073,#3074);
#2806=AXIS2_PLACEMENT_3D('',#3839,#3075,#3076);
#2807=AXIS2_PLACEMENT_3D('',#3842,#3078,#3079);
#2808=AXIS2_PLACEMENT_3D('',#3843,#3080,#3081);
#2809=AXIS2_PLACEMENT_3D('',#3849,#3085,#3086);
#2810=AXIS2_PLACEMENT_3D('',#3853,#3089,#3090);
#2811=AXIS2_PLACEMENT_3D('',#3859,#3094,#3095);
#2812=AXIS2_PLACEMENT_3D('',#3863,#3098,#3099);
#2813=AXIS2_PLACEMENT_3D('',#3872,#3104,#3105);
#2814=AXIS2_PLACEMENT_3D('',#3883,#3111,#3112);
#2815=AXIS2_PLACEMENT_3D('',#3894,#3118,#3119);
#2816=AXIS2_PLACEMENT_3D('',#3900,#3123,#3124);
#2817=AXIS2_PLACEMENT_3D('',#3906,#3128,#3129);
#2818=AXIS2_PLACEMENT_3D('',#3912,#3133,#3134);
#2819=AXIS2_PLACEMENT_3D('',#3918,#3138,#3139);
#2820=AXIS2_PLACEMENT_3D('',#3924,#3143,#3144);
#2821=AXIS2_PLACEMENT_3D('',#3930,#3148,#3149);
#2822=AXIS2_PLACEMENT_3D('',#3933,#3152,#3153);
#2823=AXIS2_PLACEMENT_3D('',#3939,#3157,#3158);
#2824=AXIS2_PLACEMENT_3D('',#3945,#3162,#3163);
#2825=AXIS2_PLACEMENT_3D('',#3948,#3166,#3167);
#2826=AXIS2_PLACEMENT_3D('',#3951,#3170,#3171);
#2827=AXIS2_PLACEMENT_3D('',#3954,#3174,#3175);
#2828=AXIS2_PLACEMENT_3D('',#3956,#3177,#3178);
#2829=AXIS2_PLACEMENT_3D('',#3958,#3180,#3181);
#2830=AXIS2_PLACEMENT_3D('',#3962,#3184,#3185);
#2831=AXIS2_PLACEMENT_3D('',#3966,#3188,#3189);
#2832=AXIS2_PLACEMENT_3D('',#3969,#3192,#3193);
#2833=AXIS2_PLACEMENT_3D('',#3970,#3194,#3195);
#2834=AXIS2_PLACEMENT_3D('',#3973,#3198,#3199);
#2835=AXIS2_PLACEMENT_3D('',#3975,#3201,#3202);
#2836=AXIS2_PLACEMENT_3D('',#3977,#3204,#3205);
#2837=AXIS2_PLACEMENT_3D('',#3978,#3206,#3207);
#2838=AXIS2_PLACEMENT_3D('',#3980,#3209,#3210);
#2839=AXIS2_PLACEMENT_3D('',#3982,#3212,#3213);
#2840=AXIS2_PLACEMENT_3D('',#3984,#3215,#3216);
#2841=AXIS2_PLACEMENT_3D('',#3985,#3217,#3218);
#2842=AXIS2_PLACEMENT_3D('',#3991,#3222,#3223);
#2843=AXIS2_PLACEMENT_3D('',#3995,#3226,#3227);
#2844=AXIS2_PLACEMENT_3D('',#3997,#3229,#3230);
#2845=AXIS2_PLACEMENT_3D('',#4003,#3234,#3235);
#2846=AXIS2_PLACEMENT_3D('',#4007,#3238,#3239);
#2847=AXIS2_PLACEMENT_3D('',#4009,#3241,#3242);
#2848=AXIS2_PLACEMENT_3D('',#4011,#3243,#3244);
#2849=AXIS2_PLACEMENT_3D('',#4014,#3246,#3247);
#2850=AXIS2_PLACEMENT_3D('',#4015,#3248,#3249);
#2851=AXIS2_PLACEMENT_3D('',#4016,#3250,#3251);
#2852=AXIS2_PLACEMENT_3D('',#4018,#3252,#3253);
#2853=AXIS2_PLACEMENT_3D('',#4021,#3255,#3256);
#2854=AXIS2_PLACEMENT_3D('',#4022,#3257,#3258);
#2855=AXIS2_PLACEMENT_3D('',#4023,#3259,#3260);
#2856=AXIS2_PLACEMENT_3D('',#4026,#3263,#3264);
#2857=AXIS2_PLACEMENT_3D('',#4029,#3267,#3268);
#2858=AXIS2_PLACEMENT_3D('',#4030,#3269,#3270);
#2859=AXIS2_PLACEMENT_3D('',#4040,#3276,#3277);
#2860=AXIS2_PLACEMENT_3D('',#4043,#3280,#3281);
#2861=AXIS2_PLACEMENT_3D('',#4045,#3283,#3284);
#2862=AXIS2_PLACEMENT_3D('',#4047,#3286,#3287);
#2863=AXIS2_PLACEMENT_3D('',#4048,#3288,#3289);
#2864=AXIS2_PLACEMENT_3D('',#4051,#3292,#3293);
#2865=AXIS2_PLACEMENT_3D('',#4052,#3294,#3295);
#2866=AXIS2_PLACEMENT_3D('',#4053,#3296,#3297);
#2867=AXIS2_PLACEMENT_3D('',#4055,#3299,#3300);
#2868=AXIS2_PLACEMENT_3D('',#4057,#3302,#3303);
#2869=AXIS2_PLACEMENT_3D('',#4058,#3304,#3305);
#2870=AXIS2_PLACEMENT_3D('',#4059,#3306,#3307);
#2871=AXIS2_PLACEMENT_3D('',#4062,#3308,#3309);
#2872=AXIS2_PLACEMENT_3D('',#4068,#3313,#3314);
#2873=AXIS2_PLACEMENT_3D('',#4127,#3344,#3345);
#2874=AXIS2_PLACEMENT_3D('',#4129,#3346,#3347);
#2875=AXIS2_PLACEMENT_3D('',#4130,#3348,#3349);
#2876=AXIS2_PLACEMENT_3D('',#4132,#3350,#3351);
#2877=AXIS2_PLACEMENT_3D('',#4136,#3353,#3354);
#2878=AXIS2_PLACEMENT_3D('',#4138,#3355,#3356);
#2879=AXIS2_PLACEMENT_3D('',#4140,#3357,#3358);
#2880=AXIS2_PLACEMENT_3D('',#4144,#3360,#3361);
#2881=AXIS2_PLACEMENT_3D('',#4145,#3362,#3363);
#2882=AXIS2_PLACEMENT_3D('',#4146,#3364,#3365);
#2883=AXIS2_PLACEMENT_3D('',#4150,#3367,#3368);
#2884=AXIS2_PLACEMENT_3D('',#4156,#3372,#3373);
#2885=AXIS2_PLACEMENT_3D('',#4160,#3376,#3377);
#2886=AXIS2_PLACEMENT_3D('',#4175,#3385,#3386);
#2887=AXIS2_PLACEMENT_3D('',#4176,#3387,#3388);
#2888=AXIS2_PLACEMENT_3D('',#4184,#3393,#3394);
#2889=AXIS2_PLACEMENT_3D('',#4189,#3397,#3398);
#2890=AXIS2_PLACEMENT_3D('',#4190,#3399,#3400);
#2891=AXIS2_PLACEMENT_3D('',#4208,#3409,#3410);
#2892=AXIS2_PLACEMENT_3D('',#4209,#3411,#3412);
#2893=AXIS2_PLACEMENT_3D('',#4211,#3413,#3414);
#2894=AXIS2_PLACEMENT_3D('',#4213,#3415,#3416);
#2895=AXIS2_PLACEMENT_3D('',#4214,#3417,#3418);
#2896=AXIS2_PLACEMENT_3D('',#4215,#3419,#3420);
#2897=AXIS2_PLACEMENT_3D('',#4216,#3421,#3422);
#2898=AXIS2_PLACEMENT_3D('',#4217,#3423,#3424);
#2899=AXIS2_PLACEMENT_3D('',#4234,#3434,#3435);
#2900=AXIS2_PLACEMENT_3D('',#4238,#3438,#3439);
#2901=AXIS2_PLACEMENT_3D('',#4242,#3442,#3443);
#2902=AXIS2_PLACEMENT_3D('',#4246,#3446,#3447);
#2903=AXIS2_PLACEMENT_3D('',#4249,#3449,#3450);
#2904=AXIS2_PLACEMENT_3D('',#4250,#3451,#3452);
#2905=AXIS2_PLACEMENT_3D('',#4252,#3453,#3454);
#2906=AXIS2_PLACEMENT_3D('',#4253,#3455,#3456);
#2907=AXIS2_PLACEMENT_3D('',#4256,#3458,#3459);
#2908=AXIS2_PLACEMENT_3D('',#4257,#3460,#3461);
#2909=AXIS2_PLACEMENT_3D('',#4259,#3462,#3463);
#2910=AXIS2_PLACEMENT_3D('',#4260,#3464,#3465);
#2911=AXIS2_PLACEMENT_3D('',#4262,#3467,#3468);
#2912=AXIS2_PLACEMENT_3D('',#4264,#3470,#3471);
#2913=AXIS2_PLACEMENT_3D('',#4270,#3475,#3476);
#2914=AXIS2_PLACEMENT_3D('',#4274,#3479,#3480);
#2915=AXIS2_PLACEMENT_3D('',#4278,#3483,#3484);
#2916=AXIS2_PLACEMENT_3D('',#4282,#3487,#3488);
#2917=AXIS2_PLACEMENT_3D('',#4285,#3491,#3492);
#2918=AXIS2_PLACEMENT_3D('',#4286,#3493,#3494);
#2919=AXIS2_PLACEMENT_3D('',#4289,#3497,#3498);
#2920=AXIS2_PLACEMENT_3D('',#4291,#3500,#3501);
#2921=AXIS2_PLACEMENT_3D('',#4293,#3503,#3504);
#2922=AXIS2_PLACEMENT_3D('',#4295,#3506,#3507);
#2923=AXIS2_PLACEMENT_3D('',#4296,#3508,#3509);
#2924=AXIS2_PLACEMENT_3D('',#4298,#3511,#3512);
#2925=AXIS2_PLACEMENT_3D('',#4302,#3515,#3516);
#2926=AXIS2_PLACEMENT_3D('',#4306,#3519,#3520);
#2927=AXIS2_PLACEMENT_3D('',#4310,#3523,#3524);
#2928=AXIS2_PLACEMENT_3D('',#4314,#3527,#3528);
#2929=AXIS2_PLACEMENT_3D('',#4316,#3530,#3531);
#2930=AXIS2_PLACEMENT_3D('',#4318,#3533,#3534);
#2931=AXIS2_PLACEMENT_3D('',#4320,#3536,#3537);
#2932=AXIS2_PLACEMENT_3D('',#4322,#3539,#3540);
#2933=AXIS2_PLACEMENT_3D('',#4324,#3542,#3543);
#2934=AXIS2_PLACEMENT_3D('',#4325,#3544,#3545);
#2935=AXIS2_PLACEMENT_3D('',#4331,#3549,#3550);
#2936=AXIS2_PLACEMENT_3D('',#4340,#3555,#3556);
#2937=AXIS2_PLACEMENT_3D('',#4366,#3570,#3571);
#2938=AXIS2_PLACEMENT_3D('',#4369,#3574,#3575);
#2939=AXIS2_PLACEMENT_3D('',#4373,#3578,#3579);
#2940=AXIS2_PLACEMENT_3D('',#4377,#3582,#3583);
#2941=AXIS2_PLACEMENT_3D('',#4381,#3586,#3587);
#2942=AXIS2_PLACEMENT_3D('',#4385,#3590,#3591);
#2943=AXIS2_PLACEMENT_3D('',#4389,#3594,#3595);
#2944=AXIS2_PLACEMENT_3D('',#4393,#3598,#3599);
#2945=AXIS2_PLACEMENT_3D('',#4397,#3602,#3603);
#2946=AXIS2_PLACEMENT_3D('',#4401,#3606,#3607);
#2947=AXIS2_PLACEMENT_3D('',#4405,#3610,#3611);
#2948=AXIS2_PLACEMENT_3D('',#4409,#3614,#3615);
#2949=AXIS2_PLACEMENT_3D('',#4413,#3618,#3619);
#2950=AXIS2_PLACEMENT_3D('',#4417,#3622,#3623);
#2951=AXIS2_PLACEMENT_3D('',#4419,#3625,#3626);
#2952=AXIS2_PLACEMENT_3D('',#4421,#3628,#3629);
#2953=AXIS2_PLACEMENT_3D('',#4423,#3631,#3632);
#2954=AXIS2_PLACEMENT_3D('',#4425,#3634,#3635);
#2955=AXIS2_PLACEMENT_3D('',#4427,#3637,#3638);
#2956=AXIS2_PLACEMENT_3D('',#4429,#3640,#3641);
#2957=AXIS2_PLACEMENT_3D('',#4431,#3643,#3644);
#2958=AXIS2_PLACEMENT_3D('',#4433,#3646,#3647);
#2959=AXIS2_PLACEMENT_3D('',#4435,#3649,#3650);
#2960=AXIS2_PLACEMENT_3D('',#4437,#3652,#3653);
#2961=AXIS2_PLACEMENT_3D('',#4439,#3655,#3656);
#2962=AXIS2_PLACEMENT_3D('',#4447,#3661,#3662);
#2963=AXIS2_PLACEMENT_3D('',#4453,#3666,#3667);
#2964=AXIS2_PLACEMENT_3D('',#4459,#3671,#3672);
#2965=AXIS2_PLACEMENT_3D('',#4462,#3675,#3676);
#2966=AXIS2_PLACEMENT_3D('',#4463,#3677,#3678);
#2967=AXIS2_PLACEMENT_3D('',#4465,#3680,#3681);
#2968=AXIS2_PLACEMENT_3D('',#4467,#3683,#3684);
#2969=AXIS2_PLACEMENT_3D('',#4468,#3685,#3686);
#2970=AXIS2_PLACEMENT_3D('',#4472,#3689,#3690);
#2971=AXIS2_PLACEMENT_3D('',#4474,#3692,#3693);
#2972=DIRECTION('axis',(0.,0.,1.));
#2973=DIRECTION('refdir',(1.,0.,0.));
#2974=DIRECTION('center_axis',(0.,-1.,0.));
#2975=DIRECTION('ref_axis',(1.,0.,0.));
#2976=DIRECTION('center_axis',(0.,1.,0.));
#2977=DIRECTION('ref_axis',(1.,0.,0.));
#2978=DIRECTION('',(1.,0.,0.));
#2979=DIRECTION('center_axis',(0.,1.,0.));
#2980=DIRECTION('ref_axis',(1.,-7.85046229341887E-17,0.));
#2981=DIRECTION('',(0.,0.,1.));
#2982=DIRECTION('',(-1.,0.,0.));
#2983=DIRECTION('',(0.,0.,1.));
#2984=DIRECTION('center_axis',(-0.707106782537409,0.707106779835686,0.));
#2985=DIRECTION('ref_axis',(0.707106779835686,0.707106782537409,0.));
#2986=DIRECTION('center_axis',(-5.66244122701676E-9,1.,0.));
#2987=DIRECTION('ref_axis',(1.,5.66244128476552E-9,0.));
#2988=DIRECTION('',(0.707106782537409,-0.707106779835686,0.));
#2989=DIRECTION('center_axis',(1.,0.,0.));
#2990=DIRECTION('ref_axis',(0.,1.,0.));
#2991=DIRECTION('center_axis',(0.,-1.,0.));
#2992=DIRECTION('ref_axis',(1.,0.,0.));
#2993=DIRECTION('',(-0.707106782537409,0.707106779835686,0.));
#2994=DIRECTION('center_axis',(0.,1.,0.));
#2995=DIRECTION('ref_axis',(-1.,0.,0.));
#2996=DIRECTION('',(0.,0.,1.));
#2997=DIRECTION('',(1.,0.,0.));
#2998=DIRECTION('',(0.,0.,1.));
#2999=DIRECTION('center_axis',(0.,-1.,0.));
#3000=DIRECTION('ref_axis',(1.,-7.85046229341887E-17,0.));
#3001=DIRECTION('',(-1.,0.,0.));
#3002=DIRECTION('center_axis',(0.,0.,1.));
#3003=DIRECTION('ref_axis',(1.,0.,0.));
#3004=DIRECTION('',(1.,5.66244122701676E-9,0.));
#3005=DIRECTION('',(-0.707106779184572,-0.707106783188523,0.));
#3006=DIRECTION('',(0.,1.,0.));
#3007=DIRECTION('',(0.707106781186548,-0.707106781186547,0.));
#3008=DIRECTION('',(-1.,0.,0.));
#3009=DIRECTION('',(0.707106781186548,-0.707106781186547,0.));
#3010=DIRECTION('',(0.,1.,0.));
#3011=DIRECTION('',(-0.707106781186548,-0.707106781186547,0.));
#3012=DIRECTION('',(1.,0.,0.));
#3013=DIRECTION('',(-0.707106781186548,-0.707106781186547,0.));
#3014=DIRECTION('',(0.,1.,0.));
#3015=DIRECTION('',(0.707106781186548,-0.707106781186548,0.));
#3016=DIRECTION('',(-1.,0.,0.));
#3017=DIRECTION('',(0.707106781186548,0.707106781186548,0.));
#3018=DIRECTION('',(1.70803410862785E-16,-1.,0.));
#3019=DIRECTION('',(-0.707106781186548,0.707106781186547,0.));
#3020=DIRECTION('',(1.,0.,0.));
#3021=DIRECTION('',(-0.707106781186548,0.707106781186547,0.));
#3022=DIRECTION('',(0.,-1.,0.));
#3023=DIRECTION('',(0.707106781186548,0.707106781186547,0.));
#3024=DIRECTION('',(-1.,0.,0.));
#3025=DIRECTION('',(0.707106781186548,0.707106781186547,0.));
#3026=DIRECTION('',(0.,-1.,0.));
#3027=DIRECTION('',(-0.707106783188524,0.707106779184571,0.));
#3028=DIRECTION('',(1.,5.66244122701676E-9,0.));
#3029=DIRECTION('',(0.707106781186548,0.707106781186547,0.));
#3030=DIRECTION('',(0.,1.,0.));
#3031=DIRECTION('',(-1.,0.,0.));
#3032=DIRECTION('',(0.,1.,0.));
#3033=DIRECTION('',(1.,0.,0.));
#3034=DIRECTION('',(0.,-1.,0.));
#3035=DIRECTION('',(-1.,2.22044604925032E-15,0.));
#3036=DIRECTION('',(0.,-1.,0.));
#3037=DIRECTION('center_axis',(0.,0.,-1.));
#3038=DIRECTION('ref_axis',(-1.,0.,0.));
#3039=DIRECTION('center_axis',(0.,0.,-1.));
#3040=DIRECTION('ref_axis',(-1.,0.,0.));
#3041=DIRECTION('center_axis',(0.,0.,1.));
#3042=DIRECTION('ref_axis',(1.,0.,0.));
#3043=DIRECTION('',(-0.707106781186548,-0.707106781186547,0.));
#3044=DIRECTION('center_axis',(-1.,0.,0.));
#3045=DIRECTION('ref_axis',(0.,-1.,0.));
#3046=DIRECTION('',(0.,0.,1.));
#3047=DIRECTION('',(0.,1.,0.));
#3048=DIRECTION('',(0.,0.,1.));
#3049=DIRECTION('',(0.,-1.,0.));
#3050=DIRECTION('',(0.,0.,-1.));
#3051=DIRECTION('',(0.,1.,0.));
#3052=DIRECTION('',(0.,0.,-1.));
#3053=DIRECTION('',(0.,1.,0.));
#3054=DIRECTION('center_axis',(0.707106781186548,0.707106781186547,0.));
#3055=DIRECTION('ref_axis',(0.707106781186547,-0.707106781186548,0.));
#3056=DIRECTION('center_axis',(-5.66244122701676E-9,1.,0.));
#3057=DIRECTION('ref_axis',(1.,5.6624412314566E-9,0.));
#3058=DIRECTION('center_axis',(-1.,0.,0.));
#3059=DIRECTION('ref_axis',(0.,-1.,0.));
#3060=DIRECTION('center_axis',(1.,0.,0.));
#3061=DIRECTION('ref_axis',(0.,1.,0.));
#3062=DIRECTION('',(0.,-1.,0.));
#3063=DIRECTION('',(0.,0.,1.));
#3064=DIRECTION('',(0.,-1.,0.));
#3065=DIRECTION('',(0.,0.,1.));
#3066=DIRECTION('',(0.,1.,0.));
#3067=DIRECTION('',(0.,0.,-1.));
#3068=DIRECTION('',(0.,-1.,0.));
#3069=DIRECTION('',(0.,0.,1.));
#3070=DIRECTION('center_axis',(0.,0.,-1.));
#3071=DIRECTION('ref_axis',(-1.,0.,0.));
#3072=DIRECTION('',(0.,0.,-1.));
#3073=DIRECTION('center_axis',(0.,0.,1.));
#3074=DIRECTION('ref_axis',(-1.,0.,0.));
#3075=DIRECTION('center_axis',(0.,0.,-1.));
#3076=DIRECTION('ref_axis',(-1.,0.,0.));
#3077=DIRECTION('',(0.,0.,-1.));
#3078=DIRECTION('center_axis',(0.,0.,1.));
#3079=DIRECTION('ref_axis',(-1.,0.,0.));
#3080=DIRECTION('center_axis',(0.707106781186547,0.707106781186548,0.));
#3081=DIRECTION('ref_axis',(0.,0.,-1.));
#3082=DIRECTION('',(0.,0.,-1.));
#3083=DIRECTION('',(-0.707106781186548,0.707106781186547,0.));
#3084=DIRECTION('',(0.,0.,1.));
#3085=DIRECTION('center_axis',(0.,1.,0.));
#3086=DIRECTION('ref_axis',(-1.,0.,0.));
#3087=DIRECTION('',(0.,0.,1.));
#3088=DIRECTION('',(-1.,0.,0.));
#3089=DIRECTION('center_axis',(-0.707106781186547,0.707106781186548,0.));
#3090=DIRECTION('ref_axis',(0.,0.,1.));
#3091=DIRECTION('',(-0.707106781186548,-0.707106781186547,0.));
#3092=DIRECTION('',(0.,0.,1.));
#3093=DIRECTION('',(0.,0.,-1.));
#3094=DIRECTION('center_axis',(0.,1.,0.));
#3095=DIRECTION('ref_axis',(-1.,0.,0.));
#3096=DIRECTION('',(-1.,0.,0.));
#3097=DIRECTION('',(0.,0.,-1.));
#3098=DIRECTION('center_axis',(0.,-0.707106781186548,-0.707106781186547));
#3099=DIRECTION('ref_axis',(-1.,0.,0.));
#3100=DIRECTION('',(1.,0.,0.));
#3101=DIRECTION('',(-0.281084637714822,-0.678598344545846,0.678598344545847));
#3102=DIRECTION('',(-1.,0.,0.));
#3103=DIRECTION('',(-0.281084637714821,-0.678598344545846,0.678598344545847));
#3104=DIRECTION('center_axis',(-0.707106781186548,0.,-0.707106781186547));
#3105=DIRECTION('ref_axis',(-0.707106781186547,0.,0.707106781186548));
#3106=DIRECTION('',(0.,-1.,0.));
#3107=DIRECTION('',(-0.357406744336593,-0.862856209461017,0.357406744336592));
#3108=DIRECTION('',(-0.577350269189626,-0.577350269189626,0.577350269189626));
#3109=DIRECTION('',(0.,1.,0.));
#3110=DIRECTION('',(0.678598344545847,0.281084637714822,-0.678598344545846));
#3111=DIRECTION('center_axis',(0.707106728502985,0.,-0.707106833870106));
#3112=DIRECTION('ref_axis',(-0.707106833870106,0.,-0.707106728502985));
#3113=DIRECTION('',(0.,1.,0.));
#3114=DIRECTION('',(0.678598418387798,-0.281084525297257,0.678598317268761));
#3115=DIRECTION('',(0.,-1.,0.));
#3116=DIRECTION('',(-0.577350326544222,0.577350240512326,-0.577350240512326));
#3117=DIRECTION('',(-0.357406790791226,0.862856193036823,-0.357406737533468));
#3118=DIRECTION('center_axis',(0.499999999999999,-0.5,-0.707106781186548));
#3119=DIRECTION('ref_axis',(-0.816496580927727,0.,-0.577350269189624));
#3120=DIRECTION('',(0.707106781186548,0.707106781186547,0.));
#3121=DIRECTION('',(0.281084637714822,-0.678598344545846,0.678598344545847));
#3122=DIRECTION('',(-0.707106781186548,-0.707106781186547,0.));
#3123=DIRECTION('center_axis',(0.,-0.707106781186548,-0.707106781186547));
#3124=DIRECTION('ref_axis',(-1.,0.,0.));
#3125=DIRECTION('',(1.,0.,0.));
#3126=DIRECTION('',(0.281084637714821,-0.678598344545846,0.678598344545847));
#3127=DIRECTION('',(-1.,0.,0.));
#3128=DIRECTION('center_axis',(0.5,-0.500000000000001,-0.707106781186547));
#3129=DIRECTION('ref_axis',(-0.816496580927726,0.,-0.577350269189626));
#3130=DIRECTION('',(-0.707106781186548,-0.707106781186547,0.));
#3131=DIRECTION('',(0.707106781186548,0.707106781186547,0.));
#3132=DIRECTION('',(0.678598344545847,-0.281084637714821,0.678598344545847));
#3133=DIRECTION('center_axis',(0.707106781186547,0.,-0.707106781186548));
#3134=DIRECTION('ref_axis',(-0.707106781186548,0.,-0.707106781186547));
#3135=DIRECTION('',(0.,-1.,0.));
#3136=DIRECTION('',(0.,1.,0.));
#3137=DIRECTION('',(0.678598344545848,0.281084637714818,0.678598344545847));
#3138=DIRECTION('center_axis',(0.500000000000001,0.500000000000001,-0.707106781186547));
#3139=DIRECTION('ref_axis',(-0.816496580927726,0.,-0.577350269189627));
#3140=DIRECTION('',(0.707106781186548,-0.707106781186548,0.));
#3141=DIRECTION('',(-0.707106781186547,0.707106781186547,0.));
#3142=DIRECTION('',(0.281084637714818,0.678598344545848,0.678598344545847));
#3143=DIRECTION('center_axis',(0.,0.707106781186547,-0.707106781186548));
#3144=DIRECTION('ref_axis',(-1.,0.,0.));
#3145=DIRECTION('',(1.,0.,0.));
#3146=DIRECTION('',(-1.,0.,0.));
#3147=DIRECTION('',(-0.281084637714818,0.678598344545848,0.678598344545847));
#3148=DIRECTION('center_axis',(0.,-0.382683432365089,-0.923879532511287));
#3149=DIRECTION('ref_axis',(-1.,0.,0.));
#3150=DIRECTION('',(1.,0.,0.));
#3151=DIRECTION('',(-1.,0.,0.));
#3152=DIRECTION('center_axis',(-0.500000000000001,0.500000000000001,-0.707106781186547));
#3153=DIRECTION('ref_axis',(-0.816496580927726,0.,0.577350269189627));
#3154=DIRECTION('',(0.707106781186548,0.707106781186548,0.));
#3155=DIRECTION('',(-0.707106781186547,-0.707106781186547,0.));
#3156=DIRECTION('',(-0.678598344545848,0.281084637714818,0.678598344545847));
#3157=DIRECTION('center_axis',(-0.707106781186547,0.,-0.707106781186548));
#3158=DIRECTION('ref_axis',(-0.707106781186548,0.,0.707106781186547));
#3159=DIRECTION('',(0.,1.,0.));
#3160=DIRECTION('',(0.,-1.,0.));
#3161=DIRECTION('',(-0.678598344545848,-0.281084637714818,0.678598344545847));
#3162=DIRECTION('center_axis',(-0.499999999999999,-0.5,-0.707106781186548));
#3163=DIRECTION('ref_axis',(-0.816496580927727,0.,0.577350269189624));
#3164=DIRECTION('',(0.707106781186548,-0.707106781186547,0.));
#3165=DIRECTION('',(-0.707106781186548,0.707106781186547,0.));
#3166=DIRECTION('center_axis',(-0.5,-0.500000000000001,-0.707106781186547));
#3167=DIRECTION('ref_axis',(-0.816496580927726,0.,0.577350269189626));
#3168=DIRECTION('',(-0.707106781186548,0.707106781186547,0.));
#3169=DIRECTION('',(0.707106781186548,-0.707106781186547,0.));
#3170=DIRECTION('center_axis',(-0.707106781186547,-0.707106781186548,0.));
#3171=DIRECTION('ref_axis',(0.,0.,1.));
#3172=DIRECTION('',(0.,0.,1.));
#3173=DIRECTION('',(0.,0.,-1.));
#3174=DIRECTION('center_axis',(0.,-1.,0.));
#3175=DIRECTION('ref_axis',(-1.,0.,0.));
#3176=DIRECTION('',(0.,0.,-1.));
#3177=DIRECTION('center_axis',(-0.707106781186547,-0.707106781186548,0.));
#3178=DIRECTION('ref_axis',(0.,0.,1.));
#3179=DIRECTION('',(0.,0.,1.));
#3180=DIRECTION('center_axis',(-1.,0.,0.));
#3181=DIRECTION('ref_axis',(0.,1.,0.));
#3182=DIRECTION('',(0.,0.707106781186547,-0.707106781186548));
#3183=DIRECTION('',(0.,1.,0.));
#3184=DIRECTION('center_axis',(0.,-0.707106781186548,-0.707106781186547));
#3185=DIRECTION('ref_axis',(-1.,0.,0.));
#3186=DIRECTION('',(0.,-0.707106781186547,0.707106781186548));
#3187=DIRECTION('',(-1.,0.,0.));
#3188=DIRECTION('center_axis',(1.,0.,0.));
#3189=DIRECTION('ref_axis',(0.,1.,0.));
#3190=DIRECTION('',(0.,-1.,0.));
#3191=DIRECTION('',(0.,0.,-1.));
#3192=DIRECTION('center_axis',(0.,0.,-1.));
#3193=DIRECTION('ref_axis',(-1.,0.,0.));
#3194=DIRECTION('center_axis',(0.707106781186547,-0.707106781186548,0.));
#3195=DIRECTION('ref_axis',(0.,0.,-1.));
#3196=DIRECTION('',(0.,0.,1.));
#3197=DIRECTION('',(0.,0.,-1.));
#3198=DIRECTION('center_axis',(1.,0.,0.));
#3199=DIRECTION('ref_axis',(0.,-1.,0.));
#3200=DIRECTION('',(0.,0.,-1.));
#3201=DIRECTION('center_axis',(0.707106781186547,-0.707106781186548,0.));
#3202=DIRECTION('ref_axis',(0.,0.,-1.));
#3203=DIRECTION('',(0.,0.,1.));
#3204=DIRECTION('center_axis',(0.,-1.,0.));
#3205=DIRECTION('ref_axis',(-1.,0.,0.));
#3206=DIRECTION('center_axis',(0.707106781186548,0.707106781186548,0.));
#3207=DIRECTION('ref_axis',(0.,0.,-1.));
#3208=DIRECTION('',(0.,0.,1.));
#3209=DIRECTION('center_axis',(-1.,0.,0.));
#3210=DIRECTION('ref_axis',(0.,1.,0.));
#3211=DIRECTION('',(0.,0.,1.));
#3212=DIRECTION('center_axis',(-0.707106781186548,0.707106781186548,0.));
#3213=DIRECTION('ref_axis',(0.,0.,1.));
#3214=DIRECTION('',(0.,0.,-1.));
#3215=DIRECTION('center_axis',(0.,1.,0.));
#3216=DIRECTION('ref_axis',(1.,0.,0.));
#3217=DIRECTION('center_axis',(-0.707106779184571,-0.707106783188524,0.));
#3218=DIRECTION('ref_axis',(0.,0.,1.));
#3219=DIRECTION('',(0.,0.,-1.));
#3220=DIRECTION('',(0.707106783188524,-0.707106779184571,0.));
#3221=DIRECTION('',(0.,0.,1.));
#3222=DIRECTION('center_axis',(-1.,0.,0.));
#3223=DIRECTION('ref_axis',(0.,-1.,0.));
#3224=DIRECTION('',(0.,0.,1.));
#3225=DIRECTION('',(0.,-1.,0.));
#3226=DIRECTION('center_axis',(-0.707106781186547,0.707106781186548,0.));
#3227=DIRECTION('ref_axis',(0.,0.,1.));
#3228=DIRECTION('',(-0.707106781186548,-0.707106781186547,0.));
#3229=DIRECTION('center_axis',(0.707106783188523,-0.707106779184572,0.));
#3230=DIRECTION('ref_axis',(0.,0.,-1.));
#3231=DIRECTION('',(0.,0.,-1.));
#3232=DIRECTION('',(0.707106779184572,0.707106783188523,0.));
#3233=DIRECTION('',(0.,0.,1.));
#3234=DIRECTION('center_axis',(1.,0.,0.));
#3235=DIRECTION('ref_axis',(0.,1.,0.));
#3236=DIRECTION('',(0.,1.,0.));
#3237=DIRECTION('',(0.,0.,-1.));
#3238=DIRECTION('center_axis',(0.707106781186547,0.707106781186548,0.));
#3239=DIRECTION('ref_axis',(0.,0.,-1.));
#3240=DIRECTION('',(-0.707106781186548,0.707106781186547,0.));
#3241=DIRECTION('center_axis',(0.,0.,1.));
#3242=DIRECTION('ref_axis',(1.,0.,0.));
#3243=DIRECTION('center_axis',(0.,0.,1.));
#3244=DIRECTION('ref_axis',(1.,0.,0.));
#3245=DIRECTION('',(0.,0.,-1.));
#3246=DIRECTION('center_axis',(0.,0.,-1.));
#3247=DIRECTION('ref_axis',(1.,0.,0.));
#3248=DIRECTION('center_axis',(0.,0.,1.));
#3249=DIRECTION('ref_axis',(1.,0.,0.));
#3250=DIRECTION('center_axis',(0.,0.,1.));
#3251=DIRECTION('ref_axis',(1.,0.,0.));
#3252=DIRECTION('center_axis',(0.,0.,1.));
#3253=DIRECTION('ref_axis',(1.,0.,0.));
#3254=DIRECTION('',(0.,0.,-1.));
#3255=DIRECTION('center_axis',(0.,0.,-1.));
#3256=DIRECTION('ref_axis',(1.,0.,0.));
#3257=DIRECTION('center_axis',(0.,0.,1.));
#3258=DIRECTION('ref_axis',(1.,0.,0.));
#3259=DIRECTION('center_axis',(0.,-1.,0.));
#3260=DIRECTION('ref_axis',(1.,0.,0.));
#3261=DIRECTION('',(-1.,0.,0.));
#3262=DIRECTION('',(1.,0.,0.));
#3263=DIRECTION('center_axis',(0.,1.,0.));
#3264=DIRECTION('ref_axis',(-1.,0.,0.));
#3265=DIRECTION('',(1.,0.,0.));
#3266=DIRECTION('',(-1.,0.,0.));
#3267=DIRECTION('center_axis',(0.,0.,1.));
#3268=DIRECTION('ref_axis',(1.,0.,0.));
#3269=DIRECTION('center_axis',(0.,0.,1.));
#3270=DIRECTION('ref_axis',(1.,0.,0.));
#3271=DIRECTION('',(1.,0.,0.));
#3272=DIRECTION('',(0.,1.,0.));
#3273=DIRECTION('',(-1.,0.,0.));
#3274=DIRECTION('',(0.,-1.,0.));
#3275=DIRECTION('',(1.,0.,0.));
#3276=DIRECTION('center_axis',(-1.,0.,0.));
#3277=DIRECTION('ref_axis',(0.,-1.,0.));
#3278=DIRECTION('',(0.,0.,1.));
#3279=DIRECTION('',(0.,0.,1.));
#3280=DIRECTION('center_axis',(0.,-1.,0.));
#3281=DIRECTION('ref_axis',(1.,0.,0.));
#3282=DIRECTION('',(0.,0.,1.));
#3283=DIRECTION('center_axis',(1.,0.,0.));
#3284=DIRECTION('ref_axis',(0.,1.,0.));
#3285=DIRECTION('',(0.,0.,1.));
#3286=DIRECTION('center_axis',(0.,1.,0.));
#3287=DIRECTION('ref_axis',(-1.,0.,0.));
#3288=DIRECTION('center_axis',(2.77555756156289E-17,1.,0.));
#3289=DIRECTION('ref_axis',(-1.,2.77555756156289E-17,0.));
#3290=DIRECTION('',(1.,-2.77555756156289E-17,0.));
#3291=DIRECTION('',(-1.,2.77555756156289E-17,0.));
#3292=DIRECTION('center_axis',(0.,0.,1.));
#3293=DIRECTION('ref_axis',(1.,0.,0.));
#3294=DIRECTION('center_axis',(0.,1.,0.));
#3295=DIRECTION('ref_axis',(-1.,0.,0.));
#3296=DIRECTION('center_axis',(5.66244122701676E-9,-1.,0.));
#3297=DIRECTION('ref_axis',(1.,5.66244122701676E-9,0.));
#3298=DIRECTION('',(1.,5.66244122701676E-9,0.));
#3299=DIRECTION('center_axis',(5.66244122701676E-9,-1.,0.));
#3300=DIRECTION('ref_axis',(1.,5.66244122701676E-9,0.));
#3301=DIRECTION('',(1.,5.66244122701676E-9,0.));
#3302=DIRECTION('center_axis',(0.,0.,1.));
#3303=DIRECTION('ref_axis',(1.,0.,0.));
#3304=DIRECTION('center_axis',(0.,0.,1.));
#3305=DIRECTION('ref_axis',(1.,0.,0.));
#3306=DIRECTION('center_axis',(1.88748042775602E-8,-1.,0.));
#3307=DIRECTION('ref_axis',(1.,1.88748042775602E-8,0.));
#3308=DIRECTION('center_axis',(-1.88748042775602E-8,1.,0.));
#3309=DIRECTION('ref_axis',(1.,1.88748043225868E-8,0.));
#3310=DIRECTION('',(1.,1.88748042775602E-8,0.));
#3311=DIRECTION('',(0.,0.,-1.));
#3312=DIRECTION('',(1.,1.88748042775602E-8,0.));
#3313=DIRECTION('center_axis',(0.,0.,1.));
#3314=DIRECTION('ref_axis',(-1.,0.,0.));
#3315=DIRECTION('',(-0.707106782537409,0.707106779835686,0.));
#3316=DIRECTION('',(0.,-1.,0.));
#3317=DIRECTION('',(1.,0.,0.));
#3318=DIRECTION('',(0.,1.,0.));
#3319=DIRECTION('',(-0.707106781186548,-0.707106781186547,0.));
#3320=DIRECTION('',(1.,0.,0.));
#3321=DIRECTION('',(0.707106781186548,-0.707106781186547,0.));
#3322=DIRECTION('',(0.,-1.,0.));
#3323=DIRECTION('',(-0.707106781186548,-0.707106781186547,0.));
#3324=DIRECTION('',(-1.,1.48029736616688E-16,0.));
#3325=DIRECTION('',(-0.707106781186548,-0.707106781186547,0.));
#3326=DIRECTION('',(0.,-1.,0.));
#3327=DIRECTION('',(0.707106781186547,-0.707106781186548,0.));
#3328=DIRECTION('',(1.,8.88178419700126E-16,0.));
#3329=DIRECTION('',(0.707106781186548,-0.707106781186547,0.));
#3330=DIRECTION('',(3.4160682172557E-16,-1.,0.));
#3331=DIRECTION('',(-0.707106781186549,-0.707106781186546,0.));
#3332=DIRECTION('',(-1.,0.,0.));
#3333=DIRECTION('',(-0.707106781186548,0.707106781186548,0.));
#3334=DIRECTION('',(0.,1.,0.));
#3335=DIRECTION('',(0.707106781186548,0.707106781186547,0.));
#3336=DIRECTION('',(1.,0.,0.));
#3337=DIRECTION('',(0.707106779835686,0.707106782537409,0.));
#3338=DIRECTION('',(-3.82081157141749E-9,1.,0.));
#3339=DIRECTION('',(-0.707106782537409,0.707106779835686,0.));
#3340=DIRECTION('',(-1.,0.,0.));
#3341=DIRECTION('',(-0.707106781186548,0.707106781186547,0.));
#3342=DIRECTION('',(0.,1.,0.));
#3343=DIRECTION('',(0.707106774513297,0.707106787859798,0.));
#3344=DIRECTION('center_axis',(0.,0.,1.));
#3345=DIRECTION('ref_axis',(-1.,0.,0.));
#3346=DIRECTION('center_axis',(0.,0.,1.));
#3347=DIRECTION('ref_axis',(-1.,0.,0.));
#3348=DIRECTION('center_axis',(-0.707106782537409,0.707106779835686,0.));
#3349=DIRECTION('ref_axis',(1.11022302462516E-16,5.55111512312578E-17,1.));
#3350=DIRECTION('center_axis',(-1.33465020982316E-8,0.707106781186546,-0.707106781186549));
#3351=DIRECTION('ref_axis',(0.816496579399083,-0.4082482842869,-0.408248299698111));
#3352=DIRECTION('',(0.707106782537409,-0.707106779835686,0.));
#3353=DIRECTION('center_axis',(-1.,-3.82081157141749E-9,0.));
#3354=DIRECTION('ref_axis',(-3.82081143390377E-9,1.,0.));
#3355=DIRECTION('center_axis',(-0.707106782537409,0.707106779835686,0.));
#3356=DIRECTION('ref_axis',(0.707106779835686,0.707106782537409,0.));
#3357=DIRECTION('center_axis',(0.,1.,0.));
#3358=DIRECTION('ref_axis',(1.,0.,0.));
#3359=DIRECTION('',(0.707106782537409,-0.707106779835686,0.));
#3360=DIRECTION('center_axis',(0.,-1.,0.));
#3361=DIRECTION('ref_axis',(1.,0.,0.));
#3362=DIRECTION('center_axis',(1.,0.,0.));
#3363=DIRECTION('ref_axis',(0.,1.,0.));
#3364=DIRECTION('center_axis',(0.,1.,0.));
#3365=DIRECTION('ref_axis',(-1.,0.,0.));
#3366=DIRECTION('',(-1.,0.,0.));
#3367=DIRECTION('center_axis',(0.,-1.,0.));
#3368=DIRECTION('ref_axis',(1.,-7.85046229341887E-17,0.));
#3369=DIRECTION('',(0.,0.,1.));
#3370=DIRECTION('',(-1.,0.,0.));
#3371=DIRECTION('',(0.,0.,1.));
#3372=DIRECTION('center_axis',(0.,0.,1.));
#3373=DIRECTION('ref_axis',(-1.,0.,0.));
#3374=DIRECTION('',(1.,0.,0.));
#3375=DIRECTION('',(0.707106781186548,0.707106781186547,0.));
#3376=DIRECTION('center_axis',(0.,0.,1.));
#3377=DIRECTION('ref_axis',(1.,0.,0.));
#3378=DIRECTION('',(-1.,-1.88748042775602E-8,0.));
#3379=DIRECTION('',(-0.707106774513297,-0.707106787859798,0.));
#3380=DIRECTION('',(0.,-1.,0.));
#3381=DIRECTION('',(0.707106781186548,-0.707106781186547,0.));
#3382=DIRECTION('',(1.,0.,0.));
#3383=DIRECTION('',(0.707106782537409,-0.707106779835686,0.));
#3384=DIRECTION('',(-3.82081157141749E-9,1.,0.));
#3385=DIRECTION('center_axis',(0.,0.,-1.));
#3386=DIRECTION('ref_axis',(-1.,0.,0.));
#3387=DIRECTION('center_axis',(0.707106782537409,-0.707106779835686,0.));
#3388=DIRECTION('ref_axis',(0.,0.,-1.));
#3389=DIRECTION('',(0.,0.,1.));
#3390=DIRECTION('',(-0.577350267718994,-0.577350269924942,0.577350269924941));
#3391=DIRECTION('',(-0.577350267718993,-0.577350269924941,-0.577350269924943));
#3392=DIRECTION('',(0.,0.,-1.));
#3393=DIRECTION('center_axis',(0.,-1.,0.));
#3394=DIRECTION('ref_axis',(1.,0.,0.));
#3395=DIRECTION('',(1.,0.,0.));
#3396=DIRECTION('',(0.,0.,1.));
#3397=DIRECTION('center_axis',(0.,1.,0.));
#3398=DIRECTION('ref_axis',(1.,-7.85046229341887E-17,0.));
#3399=DIRECTION('center_axis',(0.,0.,1.));
#3400=DIRECTION('ref_axis',(1.,0.,0.));
#3401=DIRECTION('',(0.707106781186548,0.707106781186547,0.));
#3402=DIRECTION('',(0.,-1.,0.));
#3403=DIRECTION('',(0.707106781186548,0.707106781186547,0.));
#3404=DIRECTION('',(1.,-1.48029736616688E-16,0.));
#3405=DIRECTION('',(0.707106781186548,0.707106781186547,0.));
#3406=DIRECTION('',(0.,1.,0.));
#3407=DIRECTION('',(-0.707106781186548,0.707106781186547,0.));
#3408=DIRECTION('',(-1.,0.,0.));
#3409=DIRECTION('center_axis',(0.,0.,-1.));
#3410=DIRECTION('ref_axis',(-1.,0.,0.));
#3411=DIRECTION('center_axis',(0.707106781186548,0.707106781186547,0.));
#3412=DIRECTION('ref_axis',(0.,-1.11022302462516E-16,1.));
#3413=DIRECTION('center_axis',(1.,0.,0.));
#3414=DIRECTION('ref_axis',(0.,-1.,0.));
#3415=DIRECTION('center_axis',(0.,0.707106781186547,-0.707106781186548));
#3416=DIRECTION('ref_axis',(0.816496580927726,0.408248290463864,0.408248290463863));
#3417=DIRECTION('center_axis',(0.,1.,0.));
#3418=DIRECTION('ref_axis',(1.,0.,0.));
#3419=DIRECTION('center_axis',(-1.,0.,0.));
#3420=DIRECTION('ref_axis',(0.,-1.,0.));
#3421=DIRECTION('center_axis',(0.707106781186548,0.707106781186548,0.));
#3422=DIRECTION('ref_axis',(0.707106781186547,-0.707106781186548,0.));
#3423=DIRECTION('center_axis',(-1.,0.,0.));
#3424=DIRECTION('ref_axis',(0.,-1.,0.));
#3425=DIRECTION('',(0.,0.,-1.));
#3426=DIRECTION('',(0.,-1.,0.));
#3427=DIRECTION('',(0.,-0.707106781186548,0.707106781186548));
#3428=DIRECTION('',(0.,0.,1.));
#3429=DIRECTION('',(0.,-0.707106781186548,0.707106781186548));
#3430=DIRECTION('',(0.,-1.,0.));
#3431=DIRECTION('',(0.,0.,1.));
#3432=DIRECTION('',(0.,0.,-1.));
#3433=DIRECTION('',(0.,-0.816496580927726,0.577350269189625));
#3434=DIRECTION('center_axis',(1.,0.,0.));
#3435=DIRECTION('ref_axis',(0.,1.,0.));
#3436=DIRECTION('',(0.,0.,-1.));
#3437=DIRECTION('',(0.,1.,0.));
#3438=DIRECTION('center_axis',(-0.707106781186548,-0.707106781186548,0.));
#3439=DIRECTION('ref_axis',(0.,0.,1.));
#3440=DIRECTION('',(-0.577350269189625,0.577350269189625,0.577350269189627));
#3441=DIRECTION('',(-0.577350269189626,0.577350269189626,-0.577350269189626));
#3442=DIRECTION('center_axis',(0.,-1.,0.));
#3443=DIRECTION('ref_axis',(1.,0.,0.));
#3444=DIRECTION('',(1.,0.,0.));
#3445=DIRECTION('',(0.,0.,1.));
#3446=DIRECTION('center_axis',(0.,0.,-1.));
#3447=DIRECTION('ref_axis',(-1.,0.,0.));
#3448=DIRECTION('',(0.,0.,-1.));
#3449=DIRECTION('center_axis',(0.,0.,-1.));
#3450=DIRECTION('ref_axis',(-1.,0.,0.));
#3451=DIRECTION('center_axis',(0.,0.,1.));
#3452=DIRECTION('ref_axis',(-1.,0.,0.));
#3453=DIRECTION('center_axis',(0.,0.,1.));
#3454=DIRECTION('ref_axis',(-1.,0.,0.));
#3455=DIRECTION('center_axis',(0.,0.,-1.));
#3456=DIRECTION('ref_axis',(-1.,0.,0.));
#3457=DIRECTION('',(0.,0.,-1.));
#3458=DIRECTION('center_axis',(0.,0.,-1.));
#3459=DIRECTION('ref_axis',(-1.,0.,0.));
#3460=DIRECTION('center_axis',(0.,0.,1.));
#3461=DIRECTION('ref_axis',(-1.,0.,0.));
#3462=DIRECTION('center_axis',(0.,0.,1.));
#3463=DIRECTION('ref_axis',(-1.,0.,0.));
#3464=DIRECTION('center_axis',(0.,0.,-1.));
#3465=DIRECTION('ref_axis',(-1.,0.,0.));
#3466=DIRECTION('',(0.,0.,-1.));
#3467=DIRECTION('center_axis',(0.,0.,-1.));
#3468=DIRECTION('ref_axis',(-1.,0.,0.));
#3469=DIRECTION('',(0.,0.,-1.));
#3470=DIRECTION('center_axis',(0.499999999044797,0.500000000955203,0.707106781186548));
#3471=DIRECTION('ref_axis',(0.816496581447673,0.,-0.577350268454309));
#3472=DIRECTION('',(-0.707106782537409,0.707106779835686,0.));
#3473=DIRECTION('',(-3.1196795864181E-9,0.816496581447673,-0.57735026845431));
#3474=DIRECTION('',(0.28108463701541,0.6785983446907,-0.678598344690699));
#3475=DIRECTION('center_axis',(0.,0.707106781186547,0.707106781186548));
#3476=DIRECTION('ref_axis',(1.,0.,0.));
#3477=DIRECTION('',(0.28108463771481,0.67859834454585,-0.678598344545848));
#3478=DIRECTION('',(-1.,0.,0.));
#3479=DIRECTION('center_axis',(0.500000000000002,0.500000000000002,0.707106781186544));
#3480=DIRECTION('ref_axis',(0.816496580927724,0.,-0.577350269189629));
#3481=DIRECTION('',(0.67859834454585,0.28108463771481,-0.678598344545848));
#3482=DIRECTION('',(-0.707106781186548,0.707106781186547,0.));
#3483=DIRECTION('center_axis',(0.707106781186547,0.,0.707106781186548));
#3484=DIRECTION('ref_axis',(0.707106781186548,0.,-0.707106781186547));
#3485=DIRECTION('',(0.678598345261422,-0.28108463425972,-0.678598345261421));
#3486=DIRECTION('',(0.,1.,0.));
#3487=DIRECTION('center_axis',(0.500000004718702,-0.4999999952813,0.707106781186546));
#3488=DIRECTION('ref_axis',(0.81649657835919,0.,-0.577350272822084));
#3489=DIRECTION('',(0.28108464706813,-0.678598339956005,-0.678598345261421));
#3490=DIRECTION('',(0.707106774513297,0.707106787859798,0.));
#3491=DIRECTION('center_axis',(1.33465020982316E-8,-0.707106781186546,0.707106781186549));
#3492=DIRECTION('ref_axis',(1.,0.,-1.88748042775601E-8));
#3493=DIRECTION('center_axis',(0.707106779835686,0.707106782537409,0.));
#3494=DIRECTION('ref_axis',(0.,0.,-1.));
#3495=DIRECTION('',(0.,0.,-1.));
#3496=DIRECTION('',(0.,0.,1.));
#3497=DIRECTION('center_axis',(0.,1.,0.));
#3498=DIRECTION('ref_axis',(-1.,0.,0.));
#3499=DIRECTION('',(0.,0.,1.));
#3500=DIRECTION('center_axis',(0.707106781186547,0.707106781186548,0.));
#3501=DIRECTION('ref_axis',(0.,0.,-1.));
#3502=DIRECTION('',(0.,0.,-1.));
#3503=DIRECTION('center_axis',(1.,0.,0.));
#3504=DIRECTION('ref_axis',(0.,1.,0.));
#3505=DIRECTION('',(0.,0.,1.));
#3506=DIRECTION('center_axis',(0.707106787859798,-0.707106774513297,0.));
#3507=DIRECTION('ref_axis',(0.,0.,-1.));
#3508=DIRECTION('center_axis',(0.,-0.707106781186547,0.707106781186548));
#3509=DIRECTION('ref_axis',(1.,0.,0.));
#3510=DIRECTION('',(-0.281084637714815,-0.678598344545849,-0.678598344545847));
#3511=DIRECTION('center_axis',(-0.500000000000001,-0.500000000000002,0.707106781186545));
#3512=DIRECTION('ref_axis',(0.816496580927724,0.,0.577350269189628));
#3513=DIRECTION('',(0.707106781186548,-0.707106781186547,0.));
#3514=DIRECTION('',(-0.678598344545849,-0.281084637714817,-0.678598344545847));
#3515=DIRECTION('center_axis',(-0.707106781186547,0.,0.707106781186548));
#3516=DIRECTION('ref_axis',(0.707106781186548,0.,0.707106781186547));
#3517=DIRECTION('',(0.,-1.,0.));
#3518=DIRECTION('',(-0.67859834454585,0.28108463771481,-0.678598344545848));
#3519=DIRECTION('center_axis',(-0.500000000000002,0.500000000000002,0.707106781186544));
#3520=DIRECTION('ref_axis',(0.816496580927724,0.,0.577350269189629));
#3521=DIRECTION('',(-0.707106781186548,-0.707106781186547,0.));
#3522=DIRECTION('',(-0.28108463771481,0.67859834454585,-0.678598344545849));
#3523=DIRECTION('center_axis',(1.04672830578918E-16,0.707106781186547,0.707106781186548));
#3524=DIRECTION('ref_axis',(1.,0.,-1.48029736616687E-16));
#3525=DIRECTION('',(-1.,1.48029736616688E-16,0.));
#3526=DIRECTION('',(-0.281084637714822,0.678598344545847,-0.678598344545847));
#3527=DIRECTION('center_axis',(-0.5,0.5,0.707106781186548));
#3528=DIRECTION('ref_axis',(0.816496580927726,0.,0.577350269189625));
#3529=DIRECTION('',(-0.707106781186548,-0.707106781186547,0.));
#3530=DIRECTION('center_axis',(-0.707106781186547,-0.707106781186548,0.));
#3531=DIRECTION('ref_axis',(0.,0.,1.));
#3532=DIRECTION('',(0.,0.,-1.));
#3533=DIRECTION('center_axis',(-1.,0.,0.));
#3534=DIRECTION('ref_axis',(0.,-1.,0.));
#3535=DIRECTION('',(0.,0.,1.));
#3536=DIRECTION('center_axis',(-0.707106781186547,0.707106781186548,0.));
#3537=DIRECTION('ref_axis',(0.,0.,1.));
#3538=DIRECTION('',(0.,0.,-1.));
#3539=DIRECTION('center_axis',(1.48029736616688E-16,1.,0.));
#3540=DIRECTION('ref_axis',(-1.,1.48029736616688E-16,0.));
#3541=DIRECTION('',(0.,0.,1.));
#3542=DIRECTION('center_axis',(-0.707106781186547,0.707106781186548,0.));
#3543=DIRECTION('ref_axis',(0.,0.,1.));
#3544=DIRECTION('center_axis',(0.,-0.707106781186549,0.707106781186546));
#3545=DIRECTION('ref_axis',(1.,0.,0.));
#3546=DIRECTION('',(0.577350270660257,-0.577350268454309,-0.577350268454311));
#3547=DIRECTION('',(-1.,0.,0.));
#3548=DIRECTION('',(-0.577350269189626,-0.577350269189624,-0.577350269189627));
#3549=DIRECTION('center_axis',(0.,0.38268343236509,0.923879532511287));
#3550=DIRECTION('ref_axis',(1.,0.,0.));
#3551=DIRECTION('',(0.357406741460916,0.862856210477722,-0.357406744757727));
#3552=DIRECTION('',(-1.,0.,0.));
#3553=DIRECTION('',(0.357406744336594,-0.862856209461017,0.357406744336593));
#3554=DIRECTION('',(1.,0.,0.));
#3555=DIRECTION('center_axis',(0.,0.,1.));
#3556=DIRECTION('ref_axis',(1.,0.,0.));
#3557=DIRECTION('',(3.82081157141749E-9,-1.,0.));
#3558=DIRECTION('',(-0.707106779835686,-0.707106782537409,0.));
#3559=DIRECTION('',(-1.,0.,0.));
#3560=DIRECTION('',(-0.707106781186548,-0.707106781186547,0.));
#3561=DIRECTION('',(0.,-1.,0.));
#3562=DIRECTION('',(0.707106781186548,-0.707106781186548,0.));
#3563=DIRECTION('',(1.,0.,0.));
#3564=DIRECTION('',(0.707106781186549,0.707106781186546,0.));
#3565=DIRECTION('',(-3.4160682172557E-16,1.,0.));
#3566=DIRECTION('',(-0.707106781186548,0.707106781186547,0.));
#3567=DIRECTION('',(-1.,-8.88178419700126E-16,0.));
#3568=DIRECTION('',(-0.707106781186547,0.707106781186548,0.));
#3569=DIRECTION('',(0.,1.,0.));
#3570=DIRECTION('center_axis',(-0.707106781186547,0.,0.707106781186548));
#3571=DIRECTION('ref_axis',(0.707106781186548,0.,0.707106781186547));
#3572=DIRECTION('',(-0.577350269189626,0.577350269189626,-0.577350269189626));
#3573=DIRECTION('',(-0.678598344545847,-0.281084637714821,-0.678598344545846));
#3574=DIRECTION('center_axis',(-0.5,-0.499999999999999,0.707106781186548));
#3575=DIRECTION('ref_axis',(0.816496580927726,0.,0.577350269189625));
#3576=DIRECTION('',(-0.281084637714821,-0.678598344545848,-0.678598344545846));
#3577=DIRECTION('',(0.707106781186547,-0.707106781186548,0.));
#3578=DIRECTION('center_axis',(6.2803698347351E-16,-0.707106781186547,0.707106781186548));
#3579=DIRECTION('ref_axis',(1.,0.,-8.88178419700124E-16));
#3580=DIRECTION('',(-0.281084637714816,-0.678598344545849,-0.678598344545846));
#3581=DIRECTION('',(1.,8.88178419700126E-16,0.));
#3582=DIRECTION('center_axis',(-0.5,-0.500000000000001,0.707106781186547));
#3583=DIRECTION('ref_axis',(0.816496580927726,0.,0.577350269189626));
#3584=DIRECTION('',(-0.678598344545848,-0.281084637714821,-0.678598344545846));
#3585=DIRECTION('',(0.707106781186548,-0.707106781186547,0.));
#3586=DIRECTION('center_axis',(-0.707106781186547,-2.41552500141734E-16,
0.707106781186548));
#3587=DIRECTION('ref_axis',(0.707106781186548,0.,0.707106781186547));
#3588=DIRECTION('',(-0.678598344545848,0.281084637714818,-0.678598344545847));
#3589=DIRECTION('',(3.4160682172557E-16,-1.,0.));
#3590=DIRECTION('center_axis',(-0.5,0.500000000000002,0.707106781186546));
#3591=DIRECTION('ref_axis',(0.816496580927726,0.,0.577350269189626));
#3592=DIRECTION('',(-0.281084637714817,0.678598344545849,-0.678598344545847));
#3593=DIRECTION('',(-0.707106781186549,-0.707106781186546,0.));
#3594=DIRECTION('center_axis',(0.,0.707106781186547,0.707106781186548));
#3595=DIRECTION('ref_axis',(1.,0.,0.));
#3596=DIRECTION('',(0.281084637714818,0.678598344545848,-0.678598344545847));
#3597=DIRECTION('',(-1.,0.,0.));
#3598=DIRECTION('center_axis',(0.5,0.5,0.707106781186547));
#3599=DIRECTION('ref_axis',(0.816496580927726,0.,-0.577350269189627));
#3600=DIRECTION('',(0.678598344545848,0.281084637714818,-0.678598344545847));
#3601=DIRECTION('',(-0.707106781186548,0.707106781186548,0.));
#3602=DIRECTION('center_axis',(0.707106781186547,0.,0.707106781186548));
#3603=DIRECTION('ref_axis',(0.707106781186548,0.,-0.707106781186547));
#3604=DIRECTION('',(0.678598344545849,-0.281084637714818,-0.678598344545846));
#3605=DIRECTION('',(0.,1.,0.));
#3606=DIRECTION('center_axis',(0.5,-0.500000000000001,0.707106781186547));
#3607=DIRECTION('ref_axis',(0.816496580927726,0.,-0.577350269189626));
#3608=DIRECTION('',(0.28108463771482,-0.678598344545847,-0.678598344545847));
#3609=DIRECTION('',(0.707106781186548,0.707106781186547,0.));
#3610=DIRECTION('center_axis',(0.,-0.707106781186548,0.707106781186548));
#3611=DIRECTION('ref_axis',(1.,0.,0.));
#3612=DIRECTION('',(0.28108463841423,-0.678598344400994,-0.678598344400994));
#3613=DIRECTION('',(1.,0.,0.));
#3614=DIRECTION('center_axis',(0.500000000955204,-0.499999999044798,0.707106781186547));
#3615=DIRECTION('ref_axis',(0.816496580407779,0.,-0.577350269924942));
#3616=DIRECTION('',(0.678598345474966,-0.281084635821433,-0.678598344400994));
#3617=DIRECTION('',(0.707106779835686,0.707106782537409,0.));
#3618=DIRECTION('center_axis',(0.707106781186548,2.70172177178534E-9,0.707106781186548));
#3619=DIRECTION('ref_axis',(0.707106781186548,0.,-0.707106781186548));
#3620=DIRECTION('',(0.577350267718995,0.577350269924941,-0.577350269924941));
#3621=DIRECTION('',(-3.82081157141749E-9,1.,0.));
#3622=DIRECTION('center_axis',(-0.707106781186548,-0.707106781186547,0.));
#3623=DIRECTION('ref_axis',(0.,0.,1.));
#3624=DIRECTION('',(0.,0.,-1.));
#3625=DIRECTION('center_axis',(8.88178419700126E-16,-1.,0.));
#3626=DIRECTION('ref_axis',(1.,8.88178419700126E-16,0.));
#3627=DIRECTION('',(0.,0.,1.));
#3628=DIRECTION('center_axis',(-0.707106781186547,-0.707106781186548,0.));
#3629=DIRECTION('ref_axis',(0.,0.,1.));
#3630=DIRECTION('',(0.,0.,-1.));
#3631=DIRECTION('center_axis',(-1.,-3.4160682172557E-16,0.));
#3632=DIRECTION('ref_axis',(3.4160682172557E-16,-1.,0.));
#3633=DIRECTION('',(0.,0.,1.));
#3634=DIRECTION('center_axis',(-0.707106781186546,0.707106781186549,0.));
#3635=DIRECTION('ref_axis',(0.,0.,1.));
#3636=DIRECTION('',(0.,0.,-1.));
#3637=DIRECTION('center_axis',(0.,1.,0.));
#3638=DIRECTION('ref_axis',(-1.,0.,0.));
#3639=DIRECTION('',(0.,0.,1.));
#3640=DIRECTION('center_axis',(0.707106781186548,0.707106781186548,0.));
#3641=DIRECTION('ref_axis',(0.,0.,-1.));
#3642=DIRECTION('',(0.,0.,-1.));
#3643=DIRECTION('center_axis',(1.,0.,0.));
#3644=DIRECTION('ref_axis',(0.,1.,0.));
#3645=DIRECTION('',(0.,0.,1.));
#3646=DIRECTION('center_axis',(0.707106781186547,-0.707106781186548,0.));
#3647=DIRECTION('ref_axis',(0.,0.,-1.));
#3648=DIRECTION('',(0.,0.,-1.));
#3649=DIRECTION('center_axis',(0.,-1.,0.));
#3650=DIRECTION('ref_axis',(1.,0.,0.));
#3651=DIRECTION('',(0.,0.,1.));
#3652=DIRECTION('center_axis',(0.707106782537409,-0.707106779835686,0.));
#3653=DIRECTION('ref_axis',(0.,0.,-1.));
#3654=DIRECTION('',(0.,0.,-1.));
#3655=DIRECTION('center_axis',(1.,3.82081157141749E-9,0.));
#3656=DIRECTION('ref_axis',(-3.82081157141749E-9,1.,0.));
#3657=DIRECTION('',(-2.70172177178534E-9,0.707106781186548,-0.707106781186548));
#3658=DIRECTION('',(0.,0.,1.));
#3659=DIRECTION('',(-2.70172177178534E-9,0.707106781186548,-0.707106781186548));
#3660=DIRECTION('',(-3.82081157141749E-9,1.,0.));
#3661=DIRECTION('center_axis',(-0.707106781186548,0.,0.707106781186547));
#3662=DIRECTION('ref_axis',(0.707106781186547,0.,0.707106781186548));
#3663=DIRECTION('',(0.,1.,0.));
#3664=DIRECTION('',(-0.357406744336592,0.862856209461017,-0.357406744336593));
#3665=DIRECTION('',(-0.577350269189625,0.577350269189626,-0.577350269189626));
#3666=DIRECTION('center_axis',(0.,0.38268343236509,0.923879532511287));
#3667=DIRECTION('ref_axis',(1.,0.,0.));
#3668=DIRECTION('',(-1.,0.,0.));
#3669=DIRECTION('',(1.,0.,0.));
#3670=DIRECTION('',(0.357406741460915,0.862856210477722,-0.357406744757727));
#3671=DIRECTION('center_axis',(0.707106781186548,2.70172177178534E-9,0.707106781186548));
#3672=DIRECTION('ref_axis',(0.707106781186548,0.,-0.707106781186548));
#3673=DIRECTION('',(-0.577350267718995,-0.577350269924941,0.577350269924941));
#3674=DIRECTION('',(3.82081157141749E-9,-1.,0.));
#3675=DIRECTION('center_axis',(0.,0.,1.));
#3676=DIRECTION('ref_axis',(1.,0.,0.));
#3677=DIRECTION('center_axis',(0.,0.707106781186548,0.707106781186548));
#3678=DIRECTION('ref_axis',(1.,0.,0.));
#3679=DIRECTION('',(-1.,0.,0.));
#3680=DIRECTION('center_axis',(0.,1.,0.));
#3681=DIRECTION('ref_axis',(-1.,0.,0.));
#3682=DIRECTION('',(1.,0.,0.));
#3683=DIRECTION('center_axis',(0.,0.707106781186548,0.707106781186548));
#3684=DIRECTION('ref_axis',(1.,0.,0.));
#3685=DIRECTION('center_axis',(0.,0.,1.));
#3686=DIRECTION('ref_axis',(-1.,0.,0.));
#3687=DIRECTION('',(1.,0.,0.));
#3688=DIRECTION('',(0.,-1.,0.));
#3689=DIRECTION('center_axis',(-1.,0.,0.));
#3690=DIRECTION('ref_axis',(0.,-1.,0.));
#3691=DIRECTION('',(0.,0.,1.));
#3692=DIRECTION('center_axis',(0.,-1.,0.));
#3693=DIRECTION('ref_axis',(1.,0.,0.));
#3694=CARTESIAN_POINT('',(0.,0.,0.));
#3695=CARTESIAN_POINT('Origin',(-10.,-19.0000002831221,0.));
#3696=CARTESIAN_POINT('',(10.0000001490116,-19.0000002831221,4.00001010128433));
#3697=CARTESIAN_POINT('',(7.16152251441435,-19.0000002831221,5.));
#3698=CARTESIAN_POINT('Origin',(9.98994964456399,-19.0000002831221,6.5));
#3699=CARTESIAN_POINT('',(-7.16152236891498,-19.0000002831221,5.));
#3700=CARTESIAN_POINT('',(-10.,-19.0000002831221,5.));
#3701=CARTESIAN_POINT('',(-10.,-19.0000002831221,4.00001010128817));
#3702=CARTESIAN_POINT('Origin',(-9.98994949366117,-19.0000002831221,6.5));
#3703=CARTESIAN_POINT('',(-10.,-19.0000002831221,0.));
#3704=CARTESIAN_POINT('',(-10.,-19.0000002831221,0.));
#3705=CARTESIAN_POINT('',(10.0000001490116,-19.0000002831221,0.));
#3706=CARTESIAN_POINT('',(10.0000001490116,-19.0000002831221,0.));
#3707=CARTESIAN_POINT('',(10.0000001490116,-19.0000002831221,0.));
#3708=CARTESIAN_POINT('Origin',(9.49497489489659,-18.5050255353459,6.5));
#3709=CARTESIAN_POINT('',(12.8183765605693,-19.0000000689777,5.));
#3710=CARTESIAN_POINT('Origin',(9.98994944643545,-19.0000000849935,6.5));
#3711=CARTESIAN_POINT('',(8.00000000000001,-14.1816235268186,5.));
#3712=CARTESIAN_POINT('',(10.909188454568,-17.0908119702711,5.));
#3713=CARTESIAN_POINT('',(8.00000000000001,-17.,4.00001010156927));
#3714=CARTESIAN_POINT('Origin',(8.00000000000001,-17.0100506461613,6.5));
#3715=CARTESIAN_POINT('',(5.16152222365066,-17.,5.));
#3716=CARTESIAN_POINT('Origin',(7.9899493538003,-17.,6.5));
#3717=CARTESIAN_POINT('',(8.08076133522522,-19.9192391004207,5.));
#3718=CARTESIAN_POINT('Origin',(8.00000000000001,-17.,2.));
#3719=CARTESIAN_POINT('',(8.00000000000001,-17.,2.));
#3720=CARTESIAN_POINT('',(8.00000000000001,-17.,2.));
#3721=CARTESIAN_POINT('',(-8.,-17.,2.));
#3722=CARTESIAN_POINT('',(4.00000003725291,-17.,2.));
#3723=CARTESIAN_POINT('',(-8.,-17.,4.00001010185729));
#3724=CARTESIAN_POINT('',(-8.,-17.,2.));
#3725=CARTESIAN_POINT('',(-5.16152208579292,-17.,5.));
#3726=CARTESIAN_POINT('Origin',(-7.98994921053911,-17.,6.5));
#3727=CARTESIAN_POINT('',(-10.,-17.,5.));
#3728=CARTESIAN_POINT('Origin',(0.,6.99999985843897,5.));
#3729=CARTESIAN_POINT('',(23.,-19.0000000113249,5.));
#3730=CARTESIAN_POINT('',(-25.,-19.0000002831221,5.));
#3731=CARTESIAN_POINT('',(25.,-17.,5.));
#3732=CARTESIAN_POINT('',(24.25,-17.7500000042468,5.));
#3733=CARTESIAN_POINT('',(25.,-6.,5.));
#3734=CARTESIAN_POINT('',(25.,-19.,5.));
#3735=CARTESIAN_POINT('',(23.,-4.,5.));
#3736=CARTESIAN_POINT('',(15.0000000353903,3.99999996460974,5.));
#3737=CARTESIAN_POINT('',(12.0000001490116,-4.,5.));
#3738=CARTESIAN_POINT('',(25.,-4.,5.));
#3739=CARTESIAN_POINT('',(10.0000001490116,-2.,5.));
#3740=CARTESIAN_POINT('',(5.75000014714897,2.25000000186264,5.));
#3741=CARTESIAN_POINT('',(10.0000001490116,18.99999,5.));
#3742=CARTESIAN_POINT('',(10.0000001490116,-12.,5.));
#3743=CARTESIAN_POINT('',(11.0000001490116,19.99999,5.));
#3744=CARTESIAN_POINT('',(4.75000257636845,13.7499924273568,5.));
#3745=CARTESIAN_POINT('',(11.5,19.99999,5.));
#3746=CARTESIAN_POINT('',(10.,19.99999,5.));
#3747=CARTESIAN_POINT('',(12.5,20.99999,5.));
#3748=CARTESIAN_POINT('',(5.62500246460973,14.1249924646097,5.));
#3749=CARTESIAN_POINT('',(12.5,32.,5.));
#3750=CARTESIAN_POINT('',(12.5,19.99999,5.));
#3751=CARTESIAN_POINT('',(11.5,33.,5.));
#3752=CARTESIAN_POINT('',(15.3750000353903,29.1249999646097,5.));
#3753=CARTESIAN_POINT('',(-11.5,33.,5.));
#3754=CARTESIAN_POINT('',(12.5,33.,5.));
#3755=CARTESIAN_POINT('',(-12.5,32.,5.));
#3756=CARTESIAN_POINT('',(-15.3750000353903,29.1249999646097,5.));
#3757=CARTESIAN_POINT('',(-12.5,20.99999,5.));
#3758=CARTESIAN_POINT('',(-12.5,33.,5.));
#3759=CARTESIAN_POINT('',(-11.5,19.99999,5.));
#3760=CARTESIAN_POINT('',(-5.62500246460973,14.1249924646097,5.));
#3761=CARTESIAN_POINT('',(-11.,19.99999,5.));
#3762=CARTESIAN_POINT('',(-12.5,19.99999,5.));
#3763=CARTESIAN_POINT('',(-10.,18.99999,5.));
#3764=CARTESIAN_POINT('',(-4.75000246460974,13.7499924646097,5.));
#3765=CARTESIAN_POINT('',(-10.,-2.,5.));
#3766=CARTESIAN_POINT('',(-10.,-12.,5.));
#3767=CARTESIAN_POINT('',(-12.,-4.,5.));
#3768=CARTESIAN_POINT('',(-5.75000003539026,2.24999996460974,5.));
#3769=CARTESIAN_POINT('',(-23.,-4.,5.));
#3770=CARTESIAN_POINT('',(25.,-4.,5.));
#3771=CARTESIAN_POINT('',(-25.,-6.,5.));
#3772=CARTESIAN_POINT('',(-15.0000000353903,3.99999996460974,5.));
#3773=CARTESIAN_POINT('',(-25.,-17.0000002831221,5.));
#3774=CARTESIAN_POINT('',(-25.,-4.,5.));
#3775=CARTESIAN_POINT('',(-23.,-19.0000002717972,5.));
#3776=CARTESIAN_POINT('',(-24.25,-17.7500002788752,5.));
#3777=CARTESIAN_POINT('',(-12.8183765494296,-19.0000002141443,5.));
#3778=CARTESIAN_POINT('',(-25.,-19.0000002831221,5.));
#3779=CARTESIAN_POINT('',(-8.,-14.1816236647147,5.));
#3780=CARTESIAN_POINT('',(-10.9091883092037,-17.0908119739184,5.));
#3781=CARTESIAN_POINT('',(-8.,21.99999,5.));
#3782=CARTESIAN_POINT('',(-8.,-12.,5.));
#3783=CARTESIAN_POINT('',(-10.5,21.99999,5.));
#3784=CARTESIAN_POINT('',(-10.,21.99999,5.));
#3785=CARTESIAN_POINT('',(-10.5,30.99999,5.));
#3786=CARTESIAN_POINT('',(-10.5,21.99999,5.));
#3787=CARTESIAN_POINT('',(10.5,30.99999,5.));
#3788=CARTESIAN_POINT('',(-10.5,30.99999,5.));
#3789=CARTESIAN_POINT('',(10.5,21.99999,5.));
#3790=CARTESIAN_POINT('',(10.5,30.99999,5.));
#3791=CARTESIAN_POINT('',(8.00000000000001,21.99999,5.));
#3792=CARTESIAN_POINT('',(10.,21.99999,5.));
#3793=CARTESIAN_POINT('',(8.00000000000001,-12.,5.));
#3794=CARTESIAN_POINT('',(19.,-11.500000141561,5.));
#3795=CARTESIAN_POINT('Origin',(17.5,-11.500000141561,5.));
#3796=CARTESIAN_POINT('',(-16.,-11.5000002831221,5.));
#3797=CARTESIAN_POINT('Origin',(-17.5,-11.5000002831221,5.));
#3798=CARTESIAN_POINT('Origin',(0.,6.99999985843897,5.));
#3799=CARTESIAN_POINT('',(-8.08076118445749,-19.9192390986646,5.));
#3800=CARTESIAN_POINT('Origin',(8.00000000000001,21.99999,0.));
#3801=CARTESIAN_POINT('',(8.00000000000001,21.99999,0.));
#3802=CARTESIAN_POINT('',(8.00000000000001,21.99999,0.));
#3803=CARTESIAN_POINT('',(8.,19.99999,0.));
#3804=CARTESIAN_POINT('',(8.00000000000001,20.499995,0.));
#3805=CARTESIAN_POINT('',(8.,19.99999,1.5));
#3806=CARTESIAN_POINT('',(8.00000000000001,19.99999,0.));
#3807=CARTESIAN_POINT('',(8.,8.99999,1.5));
#3808=CARTESIAN_POINT('',(8.00000000000001,18.24999,1.5));
#3809=CARTESIAN_POINT('',(8.,8.99999,0.));
#3810=CARTESIAN_POINT('',(8.00000000000001,8.99999,0.));
#3811=CARTESIAN_POINT('',(8.00000000000001,5.,0.));
#3812=CARTESIAN_POINT('',(8.00000000000001,20.499995,0.));
#3813=CARTESIAN_POINT('',(8.00000000000001,5.,2.));
#3814=CARTESIAN_POINT('',(8.00000000000001,5.,0.));
#3815=CARTESIAN_POINT('',(8.00000000000001,7.49999492921948,2.));
#3816=CARTESIAN_POINT('Origin',(-9.49497474683058,-18.5050255362915,6.5));
#3817=CARTESIAN_POINT('Origin',(-9.98994940866764,-19.0000001981285,6.5));
#3818=CARTESIAN_POINT('Origin',(-8.,-17.0100507894609,6.5));
#3819=CARTESIAN_POINT('Origin',(-8.,5.,0.));
#3820=CARTESIAN_POINT('',(-8.,5.,2.));
#3821=CARTESIAN_POINT('',(-8.,-12.0000000707805,2.));
#3822=CARTESIAN_POINT('',(-8.,5.,0.));
#3823=CARTESIAN_POINT('',(-8.,5.,0.));
#3824=CARTESIAN_POINT('',(-8.,8.99999,0.));
#3825=CARTESIAN_POINT('',(-8.,12.,0.));
#3826=CARTESIAN_POINT('',(-8.,8.99999,1.5));
#3827=CARTESIAN_POINT('',(-8.,8.99999,0.));
#3828=CARTESIAN_POINT('',(-8.,19.99999,1.5));
#3829=CARTESIAN_POINT('',(-8.,9.749995,1.5));
#3830=CARTESIAN_POINT('',(-8.,19.99999,0.));
#3831=CARTESIAN_POINT('',(-8.,19.99999,0.));
#3832=CARTESIAN_POINT('',(-8.,21.99999,0.));
#3833=CARTESIAN_POINT('',(-8.,12.,0.));
#3834=CARTESIAN_POINT('',(-8.,21.99999,0.));
#3835=CARTESIAN_POINT('Origin',(17.5,-11.500000141561,7.));
#3836=CARTESIAN_POINT('',(19.,-11.500000141561,0.));
#3837=CARTESIAN_POINT('',(19.,-11.500000141561,7.));
#3838=CARTESIAN_POINT('Origin',(17.5,-11.500000141561,0.));
#3839=CARTESIAN_POINT('Origin',(-17.5,-11.5000002831221,7.));
#3840=CARTESIAN_POINT('',(-16.,-11.5000002831221,0.));
#3841=CARTESIAN_POINT('',(-16.,-11.5000002831221,7.));
#3842=CARTESIAN_POINT('Origin',(-17.5,-11.5000002831221,0.));
#3843=CARTESIAN_POINT('Origin',(11.0000001490116,-3.,0.));
#3844=CARTESIAN_POINT('',(12.0000001490116,-4.,0.));
#3845=CARTESIAN_POINT('',(12.0000001490116,-4.,0.));
#3846=CARTESIAN_POINT('',(10.0000001490116,-2.,0.));
#3847=CARTESIAN_POINT('',(9.25000016577542,-1.25000001676381,0.));
#3848=CARTESIAN_POINT('',(10.0000001490116,-2.,0.));
#3849=CARTESIAN_POINT('Origin',(25.,-4.,0.));
#3850=CARTESIAN_POINT('',(23.,-4.,0.));
#3851=CARTESIAN_POINT('',(23.,-4.,0.));
#3852=CARTESIAN_POINT('',(25.,-4.,0.));
#3853=CARTESIAN_POINT('Origin',(-11.,-3.,0.));
#3854=CARTESIAN_POINT('',(-10.,-2.,0.));
#3855=CARTESIAN_POINT('',(-12.,-4.,0.));
#3856=CARTESIAN_POINT('',(-9.2500000167638,-1.25000001676381,0.));
#3857=CARTESIAN_POINT('',(-12.,-4.,0.));
#3858=CARTESIAN_POINT('',(-10.,-2.,0.));
#3859=CARTESIAN_POINT('Origin',(-10.,-4.,0.));
#3860=CARTESIAN_POINT('',(-23.,-4.,0.));
#3861=CARTESIAN_POINT('',(25.,-4.,0.));
#3862=CARTESIAN_POINT('',(-23.,-4.,0.));
#3863=CARTESIAN_POINT('Origin',(-5.,20.49999,-1.5));
#3864=CARTESIAN_POINT('',(-11.0857864376269,20.99999,-2.));
#3865=CARTESIAN_POINT('',(-10.5857864376269,20.99999,-2.));
#3866=CARTESIAN_POINT('',(-5.,20.99999,-2.));
#3867=CARTESIAN_POINT('',(-11.,19.99999,-1.));
#3868=CARTESIAN_POINT('',(-10.5857864376269,20.99999,-2.));
#3869=CARTESIAN_POINT('',(-11.5,19.99999,-1.));
#3870=CARTESIAN_POINT('',(-5.,19.99999,-1.));
#3871=CARTESIAN_POINT('',(-11.0857864376269,20.99999,-2.));
#3872=CARTESIAN_POINT('Origin',(-9.5,12.,-1.5));
#3873=CARTESIAN_POINT('',(-9.,19.4142035623731,-2.));
#3874=CARTESIAN_POINT('',(-9.,5.9,-2.));
#3875=CARTESIAN_POINT('',(-9.,12.,-2.));
#3876=CARTESIAN_POINT('',(-9.70710678118655,4.19289321881346,-1.29289321881345));
#3877=CARTESIAN_POINT('',(-9.,5.9,-2.));
#3878=CARTESIAN_POINT('',(-10.,3.9,-1.));
#3879=CARTESIAN_POINT('',(-5.98333332712452,7.91666667287548,-5.01666667287548));
#3880=CARTESIAN_POINT('',(-10.,18.99999,-1.));
#3881=CARTESIAN_POINT('',(-10.,12.,-1.));
#3882=CARTESIAN_POINT('',(-10.,18.99999,-1.));
#3883=CARTESIAN_POINT('Origin',(9.50000007450581,-1.41561031785642E-7,-1.50000000000001));
#3884=CARTESIAN_POINT('',(9.,5.9,-2.));
#3885=CARTESIAN_POINT('',(9.,19.4142034133615,-2.));
#3886=CARTESIAN_POINT('',(9.,-1.41561031785642E-7,-2.));
#3887=CARTESIAN_POINT('',(10.0000001490116,18.99999,-1.00000000000001));
#3888=CARTESIAN_POINT('',(9.,19.4142034133615,-2.));
#3889=CARTESIAN_POINT('',(10.0000001490116,3.90000000000001,-1.00000000000001));
#3890=CARTESIAN_POINT('',(10.0000001490116,-1.41561031785642E-7,-1.00000000000001));
#3891=CARTESIAN_POINT('',(9.70710688655367,4.19289321881346,-1.29289321881345));
#3892=CARTESIAN_POINT('',(9.64999998758235,4.25000010927518,-1.35000010927519));
#3893=CARTESIAN_POINT('',(9.70710688655367,4.19289321881346,-1.29289321881345));
#3894=CARTESIAN_POINT('Origin',(7.39644922116543,17.1035458533404,-1.5));
#3895=CARTESIAN_POINT('',(10.5857865866385,20.99999,-2.));
#3896=CARTESIAN_POINT('',(7.04289583057216,17.4570992439336,-2.));
#3897=CARTESIAN_POINT('',(11.0000001490116,19.99999,-1.));
#3898=CARTESIAN_POINT('',(10.5857865866385,20.99999,-2.));
#3899=CARTESIAN_POINT('',(7.7500026117587,16.7499924627471,-1.));
#3900=CARTESIAN_POINT('Origin',(6.25,20.49999,-1.5));
#3901=CARTESIAN_POINT('',(11.0857864376269,20.99999,-2.));
#3902=CARTESIAN_POINT('',(6.25,20.99999,-2.));
#3903=CARTESIAN_POINT('',(11.5,19.99999,-1.));
#3904=CARTESIAN_POINT('',(11.0857864376269,20.99999,-2.));
#3905=CARTESIAN_POINT('',(6.25,19.99999,-1.));
#3906=CARTESIAN_POINT('Origin',(8.27144910940672,17.4785458905933,-1.5));
#3907=CARTESIAN_POINT('',(12.5,20.99999,-1.));
#3908=CARTESIAN_POINT('',(8.62500249999999,17.1249925,-1.));
#3909=CARTESIAN_POINT('',(11.5,21.4142035623731,-2.));
#3910=CARTESIAN_POINT('',(7.91789571881345,17.8320992811865,-2.));
#3911=CARTESIAN_POINT('',(11.5,21.4142035623731,-2.));
#3912=CARTESIAN_POINT('Origin',(12.,26.,-1.5));
#3913=CARTESIAN_POINT('',(12.5,32.,-1.));
#3914=CARTESIAN_POINT('',(12.5,26.,-1.));
#3915=CARTESIAN_POINT('',(11.5,31.5857864376269,-2.));
#3916=CARTESIAN_POINT('',(11.5,26.,-2.));
#3917=CARTESIAN_POINT('',(11.5,31.5857864376269,-2.));
#3918=CARTESIAN_POINT('Origin',(12.0214466094067,31.7714466094067,-1.5));
#3919=CARTESIAN_POINT('',(11.5,33.,-1.));
#3920=CARTESIAN_POINT('',(12.375,32.125,-1.));
#3921=CARTESIAN_POINT('',(11.0857864376269,32.,-2.));
#3922=CARTESIAN_POINT('',(11.6678932188135,31.4178932188135,-2.));
#3923=CARTESIAN_POINT('',(11.0857864376269,32.,-2.));
#3924=CARTESIAN_POINT('Origin',(-6.25,32.5,-1.5));
#3925=CARTESIAN_POINT('',(-11.5,33.,-1.));
#3926=CARTESIAN_POINT('',(-6.25,33.,-1.));
#3927=CARTESIAN_POINT('',(-11.0857864376269,32.,-2.));
#3928=CARTESIAN_POINT('',(-6.25,32.,-2.));
#3929=CARTESIAN_POINT('',(-11.0857864376269,32.,-2.));
#3930=CARTESIAN_POINT('Origin',(2.50000001862645,5.04644660940673,-1.64644660940673));
#3931=CARTESIAN_POINT('',(2.50000001862645,5.9,-2.));
#3932=CARTESIAN_POINT('',(2.50000001862645,4.19289321881346,-1.29289321881345));
#3933=CARTESIAN_POINT('Origin',(-12.0214466094067,31.7714466094067,-1.5));
#3934=CARTESIAN_POINT('',(-12.5,32.,-1.));
#3935=CARTESIAN_POINT('',(-12.375,32.125,-1.));
#3936=CARTESIAN_POINT('',(-11.5,31.5857864376269,-2.));
#3937=CARTESIAN_POINT('',(-11.6678932188135,31.4178932188135,-2.));
#3938=CARTESIAN_POINT('',(-11.5,31.5857864376269,-2.));
#3939=CARTESIAN_POINT('Origin',(-12.,19.499995,-1.5));
#3940=CARTESIAN_POINT('',(-12.5,20.99999,-1.));
#3941=CARTESIAN_POINT('',(-12.5,19.499995,-1.));
#3942=CARTESIAN_POINT('',(-11.5,21.4142035623731,-2.));
#3943=CARTESIAN_POINT('',(-11.5,19.499995,-2.));
#3944=CARTESIAN_POINT('',(-11.5,21.4142035623731,-2.));
#3945=CARTESIAN_POINT('Origin',(-7.39644910940672,17.1035458905933,-1.5));
#3946=CARTESIAN_POINT('',(-7.04289571881345,17.4570992811865,-2.));
#3947=CARTESIAN_POINT('',(-7.7500025,16.7499925,-1.));
#3948=CARTESIAN_POINT('Origin',(-8.27144910940672,17.4785458905933,-1.5));
#3949=CARTESIAN_POINT('',(-8.62500249999999,17.1249925,-1.));
#3950=CARTESIAN_POINT('',(-7.91789571881345,17.8320992811865,-2.));
#3951=CARTESIAN_POINT('Origin',(-12.,20.49999,0.));
#3952=CARTESIAN_POINT('',(-11.5,19.99999,0.));
#3953=CARTESIAN_POINT('',(-12.5,20.99999,0.));
#3954=CARTESIAN_POINT('Origin',(-10.,19.99999,0.));
#3955=CARTESIAN_POINT('',(-11.,19.99999,0.));
#3956=CARTESIAN_POINT('Origin',(-10.5,19.49999,0.));
#3957=CARTESIAN_POINT('',(-10.,18.99999,0.));
#3958=CARTESIAN_POINT('Origin',(-10.,5.,0.));
#3959=CARTESIAN_POINT('',(-10.,2.9,0.));
#3960=CARTESIAN_POINT('',(-10.,3.925,-1.025));
#3961=CARTESIAN_POINT('',(-10.,-12.,0.));
#3962=CARTESIAN_POINT('Origin',(5.0000000372529,3.9,-1.));
#3963=CARTESIAN_POINT('',(10.0000001490116,2.9,0.));
#3964=CARTESIAN_POINT('',(10.0000001490116,-2.07500007078051,4.97500007078051));
#3965=CARTESIAN_POINT('',(5.0000000372529,2.9,0.));
#3966=CARTESIAN_POINT('Origin',(10.0000001490116,-19.0000002831221,0.));
#3967=CARTESIAN_POINT('',(10.0000001490116,-12.,0.));
#3968=CARTESIAN_POINT('',(10.0000001490116,18.99999,0.));
#3969=CARTESIAN_POINT('Origin',(0.,19.,-2.));
#3970=CARTESIAN_POINT('Origin',(12.,20.49999,0.));
#3971=CARTESIAN_POINT('',(12.5,20.99999,0.));
#3972=CARTESIAN_POINT('',(11.5,19.99999,0.));
#3973=CARTESIAN_POINT('Origin',(12.5,33.,0.));
#3974=CARTESIAN_POINT('',(12.5,32.,0.));
#3975=CARTESIAN_POINT('Origin',(10.5000001490116,19.49999,0.));
#3976=CARTESIAN_POINT('',(11.0000001490116,19.99999,0.));
#3977=CARTESIAN_POINT('Origin',(12.5,19.99999,0.));
#3978=CARTESIAN_POINT('Origin',(12.,32.5,0.));
#3979=CARTESIAN_POINT('',(11.5,33.,0.));
#3980=CARTESIAN_POINT('Origin',(-12.5,19.99999,0.));
#3981=CARTESIAN_POINT('',(-12.5,32.,0.));
#3982=CARTESIAN_POINT('Origin',(-12.,32.5,0.));
#3983=CARTESIAN_POINT('',(-11.5,33.,0.));
#3984=CARTESIAN_POINT('Origin',(-12.5,33.,0.));
#3985=CARTESIAN_POINT('Origin',(-24.,-18.0000002774596,0.));
#3986=CARTESIAN_POINT('',(-25.,-17.0000002831221,0.));
#3987=CARTESIAN_POINT('',(-25.,-17.0000002831221,0.));
#3988=CARTESIAN_POINT('',(-23.,-19.0000002717972,0.));
#3989=CARTESIAN_POINT('',(-20.7499999813735,-21.2500002776831,0.));
#3990=CARTESIAN_POINT('',(-23.,-19.0000002717972,0.));
#3991=CARTESIAN_POINT('Origin',(-25.,-4.,0.));
#3992=CARTESIAN_POINT('',(-25.,-6.,0.));
#3993=CARTESIAN_POINT('',(-25.,-6.,0.));
#3994=CARTESIAN_POINT('',(-25.,-4.,0.));
#3995=CARTESIAN_POINT('Origin',(-24.,-5.,0.));
#3996=CARTESIAN_POINT('',(-18.5000000167638,0.499999983236196,0.));
#3997=CARTESIAN_POINT('Origin',(24.,-18.0000000056624,0.));
#3998=CARTESIAN_POINT('',(23.,-19.0000000113249,0.));
#3999=CARTESIAN_POINT('',(23.,-19.0000000113249,0.));
#4000=CARTESIAN_POINT('',(25.,-17.,0.));
#4001=CARTESIAN_POINT('',(20.7500000186265,-21.2500000054389,0.));
#4002=CARTESIAN_POINT('',(25.,-17.,0.));
#4003=CARTESIAN_POINT('Origin',(25.,-19.,0.));
#4004=CARTESIAN_POINT('',(25.,-6.,0.));
#4005=CARTESIAN_POINT('',(25.,-19.,0.));
#4006=CARTESIAN_POINT('',(25.,-6.,0.));
#4007=CARTESIAN_POINT('Origin',(24.,-5.,0.));
#4008=CARTESIAN_POINT('',(18.5000000540167,0.499999945983292,0.));
#4009=CARTESIAN_POINT('Origin',(-5.75,18.99999,0.));
#4010=CARTESIAN_POINT('',(-6.25,18.99999,3.));
#4011=CARTESIAN_POINT('Origin',(-5.75,18.99999,3.));
#4012=CARTESIAN_POINT('',(-6.25,18.99999,1.5));
#4013=CARTESIAN_POINT('',(-6.25,18.99999,0.));
#4014=CARTESIAN_POINT('Origin',(-5.75,18.99999,1.5));
#4015=CARTESIAN_POINT('Origin',(-5.75,18.99999,3.));
#4016=CARTESIAN_POINT('Origin',(5.75,18.99999,0.));
#4017=CARTESIAN_POINT('',(5.25,18.99999,3.));
#4018=CARTESIAN_POINT('Origin',(5.75,18.99999,3.));
#4019=CARTESIAN_POINT('',(5.25,18.99999,1.5));
#4020=CARTESIAN_POINT('',(5.25,18.99999,0.));
#4021=CARTESIAN_POINT('Origin',(5.75,18.99999,1.5));
#4022=CARTESIAN_POINT('Origin',(5.75,18.99999,3.));
#4023=CARTESIAN_POINT('Origin',(-8.,8.99999,0.));
#4024=CARTESIAN_POINT('',(-4.,8.99999,0.));
#4025=CARTESIAN_POINT('',(8.,8.99999,1.5));
#4026=CARTESIAN_POINT('Origin',(8.,19.99999,0.));
#4027=CARTESIAN_POINT('',(4.,19.99999,0.));
#4028=CARTESIAN_POINT('',(12.5,19.99999,1.5));
#4029=CARTESIAN_POINT('Origin',(2.22044604925031E-15,14.49999,1.5));
#4030=CARTESIAN_POINT('Origin',(0.,19.,0.));
#4031=CARTESIAN_POINT('',(10.5,21.99999,0.));
#4032=CARTESIAN_POINT('',(5.25,21.99999,0.));
#4033=CARTESIAN_POINT('',(10.5,30.99999,0.));
#4034=CARTESIAN_POINT('',(10.5,24.999995,0.));
#4035=CARTESIAN_POINT('',(-10.5,30.99999,0.));
#4036=CARTESIAN_POINT('',(-5.25,30.99999,0.));
#4037=CARTESIAN_POINT('',(-10.5,21.99999,0.));
#4038=CARTESIAN_POINT('',(-10.5,20.499995,0.));
#4039=CARTESIAN_POINT('',(-5.,21.99999,0.));
#4040=CARTESIAN_POINT('Origin',(10.5,30.99999,0.));
#4041=CARTESIAN_POINT('',(10.5,21.99999,0.));
#4042=CARTESIAN_POINT('',(10.5,30.99999,0.));
#4043=CARTESIAN_POINT('Origin',(-10.5,30.99999,0.));
#4044=CARTESIAN_POINT('',(-10.5,30.99999,0.));
#4045=CARTESIAN_POINT('Origin',(-10.5,21.99999,0.));
#4046=CARTESIAN_POINT('',(-10.5,21.99999,0.));
#4047=CARTESIAN_POINT('Origin',(10.,21.99999,0.));
#4048=CARTESIAN_POINT('Origin',(10.,5.,0.));
#4049=CARTESIAN_POINT('',(-10.,5.,0.));
#4050=CARTESIAN_POINT('',(-10.,5.,2.));
#4051=CARTESIAN_POINT('Origin',(0.,19.,0.));
#4052=CARTESIAN_POINT('Origin',(-8.,21.99999,0.));
#4053=CARTESIAN_POINT('Origin',(10.0000001490116,-19.0000000849366,0.));
#4054=CARTESIAN_POINT('',(-25.,-19.0000002831221,0.));
#4055=CARTESIAN_POINT('Origin',(-25.,-19.0000002831221,0.));
#4056=CARTESIAN_POINT('',(-25.,-19.0000002831221,0.));
#4057=CARTESIAN_POINT('Origin',(7.45058059692383E-8,-7.00000014156103,2.));
#4058=CARTESIAN_POINT('Origin',(7.45058059692383E-8,-7.00000014156103,0.));
#4059=CARTESIAN_POINT('Origin',(10.0000001490116,-19.0000002831221,5.));
#4060=CARTESIAN_POINT('',(13.454051201125,-19.0000002179275,6.));
#4061=CARTESIAN_POINT('',(12.8183767215173,-19.0000002299258,5.));
#4062=CARTESIAN_POINT('Origin',(9.98994964475369,-19.0000002833118,6.5));
#4063=CARTESIAN_POINT('',(23.,-19.0000000377496,5.));
#4064=CARTESIAN_POINT('',(10.0000001490116,-19.0000002831221,5.));
#4065=CARTESIAN_POINT('',(23.,-19.0000000377496,6.));
#4066=CARTESIAN_POINT('',(23.,-19.0000000377496,5.));
#4067=CARTESIAN_POINT('',(13.7500001452863,-19.0000002123415,6.));
#4068=CARTESIAN_POINT('Origin',(-2.22044604925031E-15,21.499995,5.));
#4069=CARTESIAN_POINT('',(8.00000000000001,-14.1816235268186,5.));
#4070=CARTESIAN_POINT('',(10.909188454568,-17.0908119702711,5.));
#4071=CARTESIAN_POINT('',(8.00000000000001,9.99999,5.));
#4072=CARTESIAN_POINT('',(8.00000000000001,21.99999,5.));
#4073=CARTESIAN_POINT('',(-8.,9.99999,5.));
#4074=CARTESIAN_POINT('',(-12.5000001862645,9.99999,5.));
#4075=CARTESIAN_POINT('',(-8.,-14.1816236647147,5.));
#4076=CARTESIAN_POINT('',(-8.,-17.,5.));
#4077=CARTESIAN_POINT('',(-12.8183766184074,-19.0000002831221,5.));
#4078=CARTESIAN_POINT('',(-10.9091883092037,-17.0908119739184,5.));
#4079=CARTESIAN_POINT('',(-23.,-19.0000002831221,5.));
#4080=CARTESIAN_POINT('',(-25.,-19.0000002831221,5.));
#4081=CARTESIAN_POINT('',(-25.,-17.0000002831221,5.));
#4082=CARTESIAN_POINT('',(-27.8749988207805,-14.1250014623416,5.));
#4083=CARTESIAN_POINT('',(-25.,-6.,5.));
#4084=CARTESIAN_POINT('',(-25.,-4.,5.));
#4085=CARTESIAN_POINT('',(-23.,-4.,5.));
#4086=CARTESIAN_POINT('',(-11.37500125,7.62499874999999,5.));
#4087=CARTESIAN_POINT('',(-12.,-4.,5.));
#4088=CARTESIAN_POINT('',(-10.,-4.,5.));
#4089=CARTESIAN_POINT('',(-10.,-2.,5.));
#4090=CARTESIAN_POINT('',(-2.12500125,5.87499874999999,5.));
#4091=CARTESIAN_POINT('',(-10.,18.99999,5.));
#4092=CARTESIAN_POINT('',(-10.,19.99999,5.));
#4093=CARTESIAN_POINT('',(-11.,19.99999,5.));
#4094=CARTESIAN_POINT('',(-8.37500125000001,17.37499125,5.));
#4095=CARTESIAN_POINT('',(-11.5,19.99999,5.));
#4096=CARTESIAN_POINT('',(-12.5,19.99999,5.));
#4097=CARTESIAN_POINT('',(-12.5,20.99999,5.));
#4098=CARTESIAN_POINT('',(-9.25000124999999,17.74999125,5.));
#4099=CARTESIAN_POINT('',(-12.5,32.,5.));
#4100=CARTESIAN_POINT('',(-12.5,33.,5.));
#4101=CARTESIAN_POINT('',(-11.5,33.,5.));
#4102=CARTESIAN_POINT('',(-11.75000125,32.74999875,5.));
#4103=CARTESIAN_POINT('',(11.5,33.,5.));
#4104=CARTESIAN_POINT('',(12.5,33.,5.));
#4105=CARTESIAN_POINT('',(12.5,32.,5.));
#4106=CARTESIAN_POINT('',(11.75000125,32.74999875,5.));
#4107=CARTESIAN_POINT('',(12.5,20.99999,5.));
#4108=CARTESIAN_POINT('',(12.5,19.99999,5.));
#4109=CARTESIAN_POINT('',(11.5,19.99999,5.));
#4110=CARTESIAN_POINT('',(9.25000124999999,17.74999125,5.));
#4111=CARTESIAN_POINT('',(11.,19.99999,5.));
#4112=CARTESIAN_POINT('',(10.,19.99999,5.));
#4113=CARTESIAN_POINT('',(10.0000000038208,18.99999,5.));
#4114=CARTESIAN_POINT('',(8.37500126146244,17.3749912514328,5.));
#4115=CARTESIAN_POINT('',(10.0000000840578,-2.,5.));
#4116=CARTESIAN_POINT('',(10.0000001490116,-19.0000002831221,5.));
#4117=CARTESIAN_POINT('',(12.0000000916994,-4.,5.));
#4118=CARTESIAN_POINT('',(2.12500130540173,5.87499874856718,5.));
#4119=CARTESIAN_POINT('',(23.,-4.,5.));
#4120=CARTESIAN_POINT('',(25.,-4.,5.));
#4121=CARTESIAN_POINT('',(25.,-6.,5.));
#4122=CARTESIAN_POINT('',(11.37500125,7.62499874999999,5.));
#4123=CARTESIAN_POINT('',(25.,-17.,5.));
#4124=CARTESIAN_POINT('',(25.,-19.,5.));
#4125=CARTESIAN_POINT('',(27.8749988679675,-14.1250010777675,5.));
#4126=CARTESIAN_POINT('',(-16.,-11.5000002831221,5.));
#4127=CARTESIAN_POINT('Origin',(-17.5,-11.5000002831221,5.));
#4128=CARTESIAN_POINT('',(19.,-11.500000141561,5.));
#4129=CARTESIAN_POINT('Origin',(17.5,-11.500000141561,5.));
#4130=CARTESIAN_POINT('Origin',(9.49497489489659,-18.5050255353459,6.5));
#4131=CARTESIAN_POINT('',(12.454051216179,-18.0000002368023,7.));
#4132=CARTESIAN_POINT('Origin',(9.48994965228068,-18.5000002927492,6.5));
#4133=CARTESIAN_POINT('',(10.0000001358143,-15.5459491658141,7.));
#4134=CARTESIAN_POINT('',(11.2270256991565,-16.7729747244681,7.));
#4135=CARTESIAN_POINT('',(10.0000001451908,-18.0000002831221,8.89580862991633));
#4136=CARTESIAN_POINT('Origin',(10.00000014905,-19.0100507875697,6.5));
#4137=CARTESIAN_POINT('',(9.00000014901161,-19.0000002831221,8.9));
#4138=CARTESIAN_POINT('Origin',(9.49497489489659,-18.5050255353459,6.5));
#4139=CARTESIAN_POINT('',(7.16152251441435,-19.0000002831221,5.));
#4140=CARTESIAN_POINT('Origin',(9.98994964456399,-19.0000002831221,6.5));
#4141=CARTESIAN_POINT('',(5.16152222365066,-17.,5.));
#4142=CARTESIAN_POINT('',(8.08076133522522,-19.9192391004207,5.));
#4143=CARTESIAN_POINT('',(8.00000000000001,-17.,8.99998989843073));
#4144=CARTESIAN_POINT('Origin',(7.9899493538003,-17.,6.5));
#4145=CARTESIAN_POINT('Origin',(8.00000000000001,-17.0100506461613,6.5));
#4146=CARTESIAN_POINT('Origin',(8.00000000000001,-17.,5.));
#4147=CARTESIAN_POINT('',(-5.16152208579292,-17.,5.));
#4148=CARTESIAN_POINT('',(8.00000000000001,-17.,5.));
#4149=CARTESIAN_POINT('',(-8.,-17.,8.99998989814271));
#4150=CARTESIAN_POINT('Origin',(-7.98994921053911,-17.,6.5));
#4151=CARTESIAN_POINT('',(-8.,-17.,10.));
#4152=CARTESIAN_POINT('',(-8.,-17.,5.));
#4153=CARTESIAN_POINT('',(8.00000000000001,-17.,10.));
#4154=CARTESIAN_POINT('',(8.00000000000001,-17.,10.));
#4155=CARTESIAN_POINT('',(8.00000000000001,-17.,5.));
#4156=CARTESIAN_POINT('Origin',(-2.22044604925031E-15,21.499995,5.));
#4157=CARTESIAN_POINT('',(-7.16152236891498,-19.0000002831221,5.));
#4158=CARTESIAN_POINT('',(-25.,-19.0000002831221,5.));
#4159=CARTESIAN_POINT('',(-8.08076118445749,-19.9192390986646,5.));
#4160=CARTESIAN_POINT('Origin',(17.5,-11.500000141561,7.));
#4161=CARTESIAN_POINT('',(22.5857864242804,-18.0000000455678,7.));
#4162=CARTESIAN_POINT('',(13.7500001264115,-18.0000002123415,7.));
#4163=CARTESIAN_POINT('',(24.,-16.5857864431552,7.));
#4164=CARTESIAN_POINT('',(23.2928932121402,-17.2928932443615,7.));
#4165=CARTESIAN_POINT('',(24.,-6.41421356237308,7.));
#4166=CARTESIAN_POINT('',(24.,-15.2500000707805,7.));
#4167=CARTESIAN_POINT('',(22.5857864376269,-5.,7.));
#4168=CARTESIAN_POINT('',(23.2928932542037,-5.7071068165768,7.));
#4169=CARTESIAN_POINT('',(11.5857865304454,-5.,7.));
#4170=CARTESIAN_POINT('',(21.25,-5.,7.));
#4171=CARTESIAN_POINT('',(10.0000000894613,-3.41421356507482,7.));
#4172=CARTESIAN_POINT('',(14.0428933276724,-7.45710678783879,7.));
#4173=CARTESIAN_POINT('',(10.0000000792818,-0.75000508510856,7.));
#4174=CARTESIAN_POINT('',(20.0000002607703,-11.5000001713634,7.));
#4175=CARTESIAN_POINT('Origin',(17.5000002607703,-11.5000001713634,7.));
#4176=CARTESIAN_POINT('Origin',(9.50000014710121,-18.5000002831221,5.));
#4177=CARTESIAN_POINT('',(10.0000001451908,-18.0000002831221,11.));
#4178=CARTESIAN_POINT('',(10.0000001451908,-18.0000002831221,5.));
#4179=CARTESIAN_POINT('',(9.50000014710121,-18.5000002831221,11.5));
#4180=CARTESIAN_POINT('',(14.2083322488434,-13.7916681633902,6.79166788026814));
#4181=CARTESIAN_POINT('',(9.00000014901161,-19.0000002831221,11.));
#4182=CARTESIAN_POINT('',(6.00000014248441,-22.0000003011117,7.99999998201034));
#4183=CARTESIAN_POINT('',(9.00000014901161,-19.0000002831221,5.));
#4184=CARTESIAN_POINT('Origin',(-10.,-19.0000002831221,5.));
#4185=CARTESIAN_POINT('',(-9.,-19.0000002831221,11.));
#4186=CARTESIAN_POINT('',(-4.9999999627471,-19.0000002831221,11.));
#4187=CARTESIAN_POINT('',(-8.99999999999999,-19.0000002831221,8.9));
#4188=CARTESIAN_POINT('',(-9.,-19.0000002831221,5.));
#4189=CARTESIAN_POINT('Origin',(-9.98994949366117,-19.0000002831221,6.5));
#4190=CARTESIAN_POINT('Origin',(-17.5,-11.500000141561,7.));
#4191=CARTESIAN_POINT('',(-12.4540511087989,-18.0000002831221,7.));
#4192=CARTESIAN_POINT('',(-10.,-15.5459491743231,7.));
#4193=CARTESIAN_POINT('',(-11.2270255543995,-16.7729747287226,7.));
#4194=CARTESIAN_POINT('',(-10.,-3.4142135623731,7.));
#4195=CARTESIAN_POINT('',(-10.,4.24999492921948,7.));
#4196=CARTESIAN_POINT('',(-11.5857864376269,-5.,7.));
#4197=CARTESIAN_POINT('',(-14.0428932542037,-7.45710681657681,7.));
#4198=CARTESIAN_POINT('',(-22.5857864376269,-5.,7.));
#4199=CARTESIAN_POINT('',(-13.75,-5.,7.));
#4200=CARTESIAN_POINT('',(-24.,-6.41421356237308,7.));
#4201=CARTESIAN_POINT('',(-23.2928932542037,-5.7071068165768,7.));
#4202=CARTESIAN_POINT('',(-24.,-16.585786720749,7.));
#4203=CARTESIAN_POINT('',(-24.,-7.75000007078052,7.));
#4204=CARTESIAN_POINT('',(-22.5857864376269,-18.0000002831221,7.));
#4205=CARTESIAN_POINT('',(-23.2928932542037,-17.2928934665453,7.));
#4206=CARTESIAN_POINT('',(-13.75,-18.0000002831221,7.));
#4207=CARTESIAN_POINT('',(-15.,-11.5000002831221,7.));
#4208=CARTESIAN_POINT('Origin',(-17.5,-11.5000002831221,7.));
#4209=CARTESIAN_POINT('Origin',(-9.49497474683058,-18.5050255362915,6.5));
#4210=CARTESIAN_POINT('',(-10.,-18.0000002831221,8.89580862911092));
#4211=CARTESIAN_POINT('Origin',(-10.,-19.0100507894609,6.5));
#4212=CARTESIAN_POINT('',(-13.4540511087989,-19.0000002831221,6.));
#4213=CARTESIAN_POINT('Origin',(-9.48994949366117,-18.5000002831221,6.5));
#4214=CARTESIAN_POINT('Origin',(-9.98994949366117,-19.0000002831221,6.5));
#4215=CARTESIAN_POINT('Origin',(-8.,-17.0100507894609,6.5));
#4216=CARTESIAN_POINT('Origin',(-9.49497474683058,-18.5050255362915,6.5));
#4217=CARTESIAN_POINT('Origin',(-10.,19.99999,5.));
#4218=CARTESIAN_POINT('',(-10.,-18.0000002831221,11.));
#4219=CARTESIAN_POINT('',(-10.,-18.0000002831221,5.));
#4220=CARTESIAN_POINT('',(-10.,10.99999,11.));
#4221=CARTESIAN_POINT('',(-10.,8.24999242921948,11.));
#4222=CARTESIAN_POINT('',(-10.,11.99999,10.));
#4223=CARTESIAN_POINT('',(-10.,14.74999,7.25));
#4224=CARTESIAN_POINT('',(-10.,11.99999,9.));
#4225=CARTESIAN_POINT('',(-10.,11.99999,7.));
#4226=CARTESIAN_POINT('',(-10.,14.99999,6.));
#4227=CARTESIAN_POINT('',(-10.,15.49999,5.5));
#4228=CARTESIAN_POINT('',(-10.,18.99999,6.));
#4229=CARTESIAN_POINT('',(-10.,20.7499925,6.));
#4230=CARTESIAN_POINT('',(-10.,18.99999,5.));
#4231=CARTESIAN_POINT('',(-10.,-2.,6.));
#4232=CARTESIAN_POINT('',(-10.,-2.,5.));
#4233=CARTESIAN_POINT('',(-10.,3.74999665486992,1.93413837354152));
#4234=CARTESIAN_POINT('Origin',(-8.,-17.,5.));
#4235=CARTESIAN_POINT('',(-8.,9.99999,10.));
#4236=CARTESIAN_POINT('',(-8.,9.99999,5.));
#4237=CARTESIAN_POINT('',(-8.,-17.,10.));
#4238=CARTESIAN_POINT('Origin',(-9.5,-18.5000002831221,5.));
#4239=CARTESIAN_POINT('',(-9.5,-18.5000002831221,11.5));
#4240=CARTESIAN_POINT('',(-7.66666666045785,-20.3333336226642,9.66666666045784));
#4241=CARTESIAN_POINT('',(-15.0416654520569,-12.9583348310651,5.95833454794307));
#4242=CARTESIAN_POINT('Origin',(-10.,-19.0000002831221,5.));
#4243=CARTESIAN_POINT('',(-23.,-19.0000002831221,6.));
#4244=CARTESIAN_POINT('',(-13.75,-19.0000002831221,6.));
#4245=CARTESIAN_POINT('',(-23.,-19.0000002831221,5.));
#4246=CARTESIAN_POINT('Origin',(-17.5,-11.5000002831221,7.));
#4247=CARTESIAN_POINT('',(-15.,-11.5000002831221,6.));
#4248=CARTESIAN_POINT('',(-15.,-11.5000002831221,7.));
#4249=CARTESIAN_POINT('Origin',(-17.5,-11.5000002831221,6.));
#4250=CARTESIAN_POINT('Origin',(-17.5,-11.5000002831221,6.));
#4251=CARTESIAN_POINT('',(-16.,-11.5000002831221,6.));
#4252=CARTESIAN_POINT('Origin',(-17.5,-11.5000002831221,6.));
#4253=CARTESIAN_POINT('Origin',(17.5000002607703,-11.5000001713634,7.));
#4254=CARTESIAN_POINT('',(20.0000002607703,-11.5000001713634,6.));
#4255=CARTESIAN_POINT('',(20.0000002607703,-11.5000001713634,7.));
#4256=CARTESIAN_POINT('Origin',(17.5000002607703,-11.5000001713634,6.));
#4257=CARTESIAN_POINT('Origin',(17.5000002607703,-11.5000001713634,6.));
#4258=CARTESIAN_POINT('',(19.,-11.500000141561,6.));
#4259=CARTESIAN_POINT('Origin',(17.5,-11.500000141561,6.));
#4260=CARTESIAN_POINT('Origin',(17.5,-11.500000141561,7.));
#4261=CARTESIAN_POINT('',(19.,-11.500000141561,7.));
#4262=CARTESIAN_POINT('Origin',(-17.5,-11.5000002831221,7.));
#4263=CARTESIAN_POINT('',(-16.,-11.5000002831221,7.));
#4264=CARTESIAN_POINT('Origin',(14.3964467175902,-7.10355339657008,6.5));
#4265=CARTESIAN_POINT('',(12.0000000916994,-4.,6.));
#4266=CARTESIAN_POINT('',(10.0000000840578,-2.,6.));
#4267=CARTESIAN_POINT('',(14.750000107508,-6.75000000530138,6.));
#4268=CARTESIAN_POINT('',(10.0000000748242,0.41666332859446,4.29116097577058));
#4269=CARTESIAN_POINT('',(11.5857865304454,-5.,7.));
#4270=CARTESIAN_POINT('Origin',(21.25,-4.5,6.5));
#4271=CARTESIAN_POINT('',(23.,-4.,6.));
#4272=CARTESIAN_POINT('',(22.5857864376269,-5.,7.));
#4273=CARTESIAN_POINT('',(21.25,-4.,6.));
#4274=CARTESIAN_POINT('Origin',(23.646446644797,-5.35355342598353,6.5));
#4275=CARTESIAN_POINT('',(25.,-6.,6.));
#4276=CARTESIAN_POINT('',(24.,-6.41421356237308,7.));
#4277=CARTESIAN_POINT('',(24.0000000353903,-5.00000003539026,6.));
#4278=CARTESIAN_POINT('Origin',(24.5,-15.2500000707805,6.5));
#4279=CARTESIAN_POINT('',(25.,-17.,6.));
#4280=CARTESIAN_POINT('',(24.,-16.5857864431552,7.));
#4281=CARTESIAN_POINT('',(25.,-15.2500000707805,6.));
#4282=CARTESIAN_POINT('Origin',(23.6464466060701,-17.6464466316182,6.5));
#4283=CARTESIAN_POINT('',(22.5857864242804,-18.0000000455678,7.));
#4284=CARTESIAN_POINT('',(24.,-18.0000000188748,6.));
#4285=CARTESIAN_POINT('Origin',(13.7500001358489,-18.5000002123415,6.5));
#4286=CARTESIAN_POINT('Origin',(11.0000000878786,-3.,5.));
#4287=CARTESIAN_POINT('',(12.0000000916994,-4.,5.));
#4288=CARTESIAN_POINT('',(10.0000000840578,-2.,5.));
#4289=CARTESIAN_POINT('Origin',(25.,-4.,5.));
#4290=CARTESIAN_POINT('',(23.,-4.,5.));
#4291=CARTESIAN_POINT('Origin',(24.,-5.,5.));
#4292=CARTESIAN_POINT('',(25.,-6.,5.));
#4293=CARTESIAN_POINT('Origin',(25.,-19.,5.));
#4294=CARTESIAN_POINT('',(25.,-17.,5.));
#4295=CARTESIAN_POINT('Origin',(24.,-18.0000000188748,5.));
#4296=CARTESIAN_POINT('Origin',(-13.75,-18.5000002831221,6.5));
#4297=CARTESIAN_POINT('',(-22.5857864376269,-18.0000002831221,7.));
#4298=CARTESIAN_POINT('Origin',(-23.646446644797,-17.6464468571385,6.5));
#4299=CARTESIAN_POINT('',(-25.,-17.0000002831221,6.));
#4300=CARTESIAN_POINT('',(-24.0000000353903,-18.0000002477318,6.));
#4301=CARTESIAN_POINT('',(-24.,-16.585786720749,7.));
#4302=CARTESIAN_POINT('Origin',(-24.5,-7.75000007078052,6.5));
#4303=CARTESIAN_POINT('',(-25.,-6.,6.));
#4304=CARTESIAN_POINT('',(-25.,-7.75000007078052,6.));
#4305=CARTESIAN_POINT('',(-24.,-6.41421356237308,7.));
#4306=CARTESIAN_POINT('Origin',(-23.646446644797,-5.35355342598353,6.5));
#4307=CARTESIAN_POINT('',(-23.,-4.,6.));
#4308=CARTESIAN_POINT('',(-24.0000000353903,-5.00000003539026,6.));
#4309=CARTESIAN_POINT('',(-22.5857864376269,-5.,7.));
#4310=CARTESIAN_POINT('Origin',(-13.75,-4.5,6.5));
#4311=CARTESIAN_POINT('',(-12.,-4.,6.));
#4312=CARTESIAN_POINT('',(-13.75,-4.,6.));
#4313=CARTESIAN_POINT('',(-11.5857864376269,-5.,7.));
#4314=CARTESIAN_POINT('Origin',(-14.396446644797,-7.10355342598353,6.5));
#4315=CARTESIAN_POINT('',(-14.7500000353903,-6.75000003539026,6.));
#4316=CARTESIAN_POINT('Origin',(-24.,-18.0000002831221,5.));
#4317=CARTESIAN_POINT('',(-25.,-17.0000002831221,5.));
#4318=CARTESIAN_POINT('Origin',(-25.,-4.,5.));
#4319=CARTESIAN_POINT('',(-25.,-6.,5.));
#4320=CARTESIAN_POINT('Origin',(-24.,-5.,5.));
#4321=CARTESIAN_POINT('',(-23.,-4.,5.));
#4322=CARTESIAN_POINT('Origin',(-10.,-4.,5.));
#4323=CARTESIAN_POINT('',(-12.,-4.,5.));
#4324=CARTESIAN_POINT('Origin',(-11.,-3.,5.));
#4325=CARTESIAN_POINT('Origin',(-4.9999999627471,-18.5000002831221,11.5));
#4326=CARTESIAN_POINT('',(9.0000001451908,-18.0000002831221,12.));
#4327=CARTESIAN_POINT('',(9.0000001451908,-18.0000002831221,12.));
#4328=CARTESIAN_POINT('',(-9.,-18.0000002831221,12.));
#4329=CARTESIAN_POINT('',(-4.9999999627471,-18.0000002831221,12.));
#4330=CARTESIAN_POINT('',(-9.,-18.0000002831221,12.));
#4331=CARTESIAN_POINT('Origin',(2.50000000764162,14.1464366094067,7.35355339059327));
#4332=CARTESIAN_POINT('',(8.29289324444004,13.2928832188134,7.70710678118655));
#4333=CARTESIAN_POINT('',(9.00000001910406,14.99999,7.));
#4334=CARTESIAN_POINT('',(8.61016773649125,14.058851607584,7.38983228620872));
#4335=CARTESIAN_POINT('',(-9.,14.99999,7.));
#4336=CARTESIAN_POINT('',(2.50000000764162,14.99999,7.));
#4337=CARTESIAN_POINT('',(-8.29289321881345,13.2928832188134,7.70710678118655));
#4338=CARTESIAN_POINT('',(-9.06179532834291,15.1491771197767,6.93820467165709));
#4339=CARTESIAN_POINT('',(2.50000000764162,13.2928832188134,7.70710678118655));
#4340=CARTESIAN_POINT('Origin',(-2.22044604925031E-15,21.499995,7.));
#4341=CARTESIAN_POINT('',(9.00000000223818,19.4142035596714,7.));
#4342=CARTESIAN_POINT('',(9.00000001623844,15.7499925152832,7.));
#4343=CARTESIAN_POINT('',(10.5857864365078,20.99999,7.));
#4344=CARTESIAN_POINT('',(7.66789447892503,18.0820980312685,7.));
#4345=CARTESIAN_POINT('',(11.0857864376269,20.99999,7.));
#4346=CARTESIAN_POINT('',(5.,20.99999,7.));
#4347=CARTESIAN_POINT('',(11.5,21.4142035623731,7.));
#4348=CARTESIAN_POINT('',(8.54289446881344,18.4570980311865,7.));
#4349=CARTESIAN_POINT('',(11.5,31.5857864376269,7.));
#4350=CARTESIAN_POINT('',(11.5,20.7499925,7.));
#4351=CARTESIAN_POINT('',(11.0857864376269,32.,7.));
#4352=CARTESIAN_POINT('',(11.0428944688135,32.0428919688134,7.));
#4353=CARTESIAN_POINT('',(-11.0857864376269,32.,7.));
#4354=CARTESIAN_POINT('',(6.25,32.,7.));
#4355=CARTESIAN_POINT('',(-11.5,31.5857864376269,7.));
#4356=CARTESIAN_POINT('',(-11.0428944688134,32.0428919688135,7.));
#4357=CARTESIAN_POINT('',(-11.5,21.4142035623731,7.));
#4358=CARTESIAN_POINT('',(-11.5,27.2499975,7.));
#4359=CARTESIAN_POINT('',(-11.0857864376269,20.99999,7.));
#4360=CARTESIAN_POINT('',(-8.54289446881345,18.4570980311865,7.));
#4361=CARTESIAN_POINT('',(-10.5857864376269,20.99999,7.));
#4362=CARTESIAN_POINT('',(-6.25,20.99999,7.));
#4363=CARTESIAN_POINT('',(-9.,19.4142035623731,7.));
#4364=CARTESIAN_POINT('',(-7.66789446881346,18.0820980311865,7.));
#4365=CARTESIAN_POINT('',(-9.,20.7499925,7.));
#4366=CARTESIAN_POINT('Origin',(-9.5,20.7499925,6.5));
#4367=CARTESIAN_POINT('',(-7.62500041411946,12.6249904141195,8.37499958588054));
#4368=CARTESIAN_POINT('',(-9.,19.4142035623731,7.));
#4369=CARTESIAN_POINT('Origin',(-8.02144785940673,17.7285446405933,6.5));
#4370=CARTESIAN_POINT('',(-11.,19.99999,6.));
#4371=CARTESIAN_POINT('',(-10.5857864376269,20.99999,7.));
#4372=CARTESIAN_POINT('',(-8.37500125000001,17.37499125,6.));
#4373=CARTESIAN_POINT('Origin',(-6.25,20.49999,6.5));
#4374=CARTESIAN_POINT('',(-11.5,19.99999,6.));
#4375=CARTESIAN_POINT('',(-11.0857864376269,20.99999,7.));
#4376=CARTESIAN_POINT('',(-6.25,19.99999,6.));
#4377=CARTESIAN_POINT('Origin',(-8.89644785940672,18.1035446405933,6.5));
#4378=CARTESIAN_POINT('',(-12.5,20.99999,6.));
#4379=CARTESIAN_POINT('',(-11.5,21.4142035623731,7.));
#4380=CARTESIAN_POINT('',(-9.25000124999999,17.74999125,6.));
#4381=CARTESIAN_POINT('Origin',(-12.,27.2499975,6.5));
#4382=CARTESIAN_POINT('',(-12.5,32.,6.));
#4383=CARTESIAN_POINT('',(-11.5,31.5857864376269,7.));
#4384=CARTESIAN_POINT('',(-12.5,27.2499975,6.));
#4385=CARTESIAN_POINT('Origin',(-11.3964478594067,32.3964453594067,6.5));
#4386=CARTESIAN_POINT('',(-11.5,33.,6.));
#4387=CARTESIAN_POINT('',(-11.0857864376269,32.,7.));
#4388=CARTESIAN_POINT('',(-11.75000125,32.74999875,6.));
#4389=CARTESIAN_POINT('Origin',(6.25,32.5,6.5));
#4390=CARTESIAN_POINT('',(11.5,33.,6.));
#4391=CARTESIAN_POINT('',(11.0857864376269,32.,7.));
#4392=CARTESIAN_POINT('',(6.25,33.,6.));
#4393=CARTESIAN_POINT('Origin',(11.3964478594067,32.3964453594067,6.5));
#4394=CARTESIAN_POINT('',(12.5,32.,6.));
#4395=CARTESIAN_POINT('',(11.5,31.5857864376269,7.));
#4396=CARTESIAN_POINT('',(11.75000125,32.74999875,6.));
#4397=CARTESIAN_POINT('Origin',(12.,20.7499925,6.5));
#4398=CARTESIAN_POINT('',(12.5,20.99999,6.));
#4399=CARTESIAN_POINT('',(11.5,21.4142035623731,7.));
#4400=CARTESIAN_POINT('',(12.5,20.7499925,6.));
#4401=CARTESIAN_POINT('Origin',(8.89644785940672,18.1035446405933,6.5));
#4402=CARTESIAN_POINT('',(11.5,19.99999,6.));
#4403=CARTESIAN_POINT('',(11.0857864376269,20.99999,7.));
#4404=CARTESIAN_POINT('',(9.25000124999999,17.74999125,6.));
#4405=CARTESIAN_POINT('Origin',(5.,20.49999,6.5));
#4406=CARTESIAN_POINT('',(11.,19.99999,6.));
#4407=CARTESIAN_POINT('',(10.5857864365078,20.99999,7.));
#4408=CARTESIAN_POINT('',(5.,19.99999,6.));
#4409=CARTESIAN_POINT('Origin',(8.02144787019373,17.7285446413506,6.5));
#4410=CARTESIAN_POINT('',(10.0000000038208,18.99999,6.));
#4411=CARTESIAN_POINT('',(9.00000000223818,19.4142035596714,7.));
#4412=CARTESIAN_POINT('',(8.37500126146243,17.3749912514328,6.));
#4413=CARTESIAN_POINT('Origin',(9.50000001623844,15.7499925171937,6.5));
#4414=CARTESIAN_POINT('',(10.0000000191041,14.99999,6.));
#4415=CARTESIAN_POINT('',(8.45833377632114,13.4583237513267,7.54166624867333));
#4416=CARTESIAN_POINT('',(10.0000000162384,15.7499925191041,6.));
#4417=CARTESIAN_POINT('Origin',(-10.5,19.49999,5.));
#4418=CARTESIAN_POINT('',(-11.,19.99999,5.));
#4419=CARTESIAN_POINT('Origin',(-12.5,19.99999,5.));
#4420=CARTESIAN_POINT('',(-11.5,19.99999,5.));
#4421=CARTESIAN_POINT('Origin',(-12.,20.49999,5.));
#4422=CARTESIAN_POINT('',(-12.5,20.99999,5.));
#4423=CARTESIAN_POINT('Origin',(-12.5,33.,5.));
#4424=CARTESIAN_POINT('',(-12.5,32.,5.));
#4425=CARTESIAN_POINT('Origin',(-12.,32.5,5.));
#4426=CARTESIAN_POINT('',(-11.5,33.,5.));
#4427=CARTESIAN_POINT('Origin',(12.5,33.,5.));
#4428=CARTESIAN_POINT('',(11.5,33.,5.));
#4429=CARTESIAN_POINT('Origin',(12.,32.5,5.));
#4430=CARTESIAN_POINT('',(12.5,32.,5.));
#4431=CARTESIAN_POINT('Origin',(12.5,19.99999,5.));
#4432=CARTESIAN_POINT('',(12.5,20.99999,5.));
#4433=CARTESIAN_POINT('Origin',(12.,20.49999,5.));
#4434=CARTESIAN_POINT('',(11.5,19.99999,5.));
#4435=CARTESIAN_POINT('Origin',(10.,19.99999,5.));
#4436=CARTESIAN_POINT('',(11.,19.99999,5.));
#4437=CARTESIAN_POINT('Origin',(10.5000000019104,19.49999,5.));
#4438=CARTESIAN_POINT('',(10.0000000038208,18.99999,5.));
#4439=CARTESIAN_POINT('Origin',(10.0000000382081,9.99999,5.));
#4440=CARTESIAN_POINT('',(10.0000000305665,11.99999,9.));
#4441=CARTESIAN_POINT('',(10.0000000267457,12.999990004776,7.99999999522398));
#4442=CARTESIAN_POINT('',(10.0000000305665,11.99999,10.));
#4443=CARTESIAN_POINT('',(10.0000000305665,11.99999,7.));
#4444=CARTESIAN_POINT('',(10.0000000343873,10.99999,11.));
#4445=CARTESIAN_POINT('',(10.0000000296113,12.249990004776,9.74999999522399));
#4446=CARTESIAN_POINT('',(10.0000000639986,3.24999244832354,11.));
#4447=CARTESIAN_POINT('Origin',(-9.5,8.24999242921948,11.5));
#4448=CARTESIAN_POINT('',(-9.,8.99999,12.));
#4449=CARTESIAN_POINT('',(-9.,8.24999242921948,12.));
#4450=CARTESIAN_POINT('',(-9.70710678118655,10.7070967811865,11.2928932188135));
#4451=CARTESIAN_POINT('',(-9.,8.99999,12.));
#4452=CARTESIAN_POINT('',(-6.87500039611389,7.87499039611389,14.1249996038861));
#4453=CARTESIAN_POINT('Origin',(2.50000006352098,9.85354339059327,11.6464466094067));
#4454=CARTESIAN_POINT('',(9.70710681669294,10.7070967811865,11.2928932188135));
#4455=CARTESIAN_POINT('',(2.50000006352098,10.7070967811865,11.2928932188135));
#4456=CARTESIAN_POINT('',(9.00000004202893,8.99999,12.));
#4457=CARTESIAN_POINT('',(2.50000006352098,8.99999,12.));
#4458=CARTESIAN_POINT('',(9.00000004202893,8.99999,12.));
#4459=CARTESIAN_POINT('Origin',(9.50000006399858,3.24999244641313,11.5));
#4460=CARTESIAN_POINT('',(7.70833378983727,8.70832374669394,13.2916662533061));
#4461=CARTESIAN_POINT('',(9.00000006399858,3.24999244450273,12.));
#4462=CARTESIAN_POINT('Origin',(7.45058059692383E-8,-3.50000514156103,12.));
#4463=CARTESIAN_POINT('Origin',(5.00000005253615,10.99999,11.));
#4464=CARTESIAN_POINT('',(5.00000005253615,11.99999,10.));
#4465=CARTESIAN_POINT('Origin',(10.0000000305665,11.99999,7.));
#4466=CARTESIAN_POINT('',(5.00000001528324,11.99999,9.));
#4467=CARTESIAN_POINT('Origin',(5.00000001528324,12.99999,8.));
#4468=CARTESIAN_POINT('Origin',(7.45058059692383E-8,-3.50000514156103,10.));
#4469=CARTESIAN_POINT('',(8.00000000000001,9.99999,10.));
#4470=CARTESIAN_POINT('',(-12.5000001862645,9.99999,10.));
#4471=CARTESIAN_POINT('',(8.00000000000001,21.99999,10.));
#4472=CARTESIAN_POINT('Origin',(8.00000000000001,9.99999,5.));
#4473=CARTESIAN_POINT('',(8.00000000000001,9.99999,5.));
#4474=CARTESIAN_POINT('Origin',(-10.,9.99999,5.));
#4475=UNCERTAINTY_MEASURE_WITH_UNIT(LENGTH_MEASURE(0.01),#4479,
'DISTANCE_ACCURACY_VALUE',
'Maximum model space distance between geometric entities at asserted c
onnectivities');
#4476=UNCERTAINTY_MEASURE_WITH_UNIT(LENGTH_MEASURE(0.01),#4479,
'DISTANCE_ACCURACY_VALUE',
'Maximum model space distance between geometric entities at asserted c
onnectivities');
#4477=(
GEOMETRIC_REPRESENTATION_CONTEXT(3)
GLOBAL_UNCERTAINTY_ASSIGNED_CONTEXT((#4475))
GLOBAL_UNIT_ASSIGNED_CONTEXT((#4479,#4481,#4482))
REPRESENTATION_CONTEXT('','3D')
);
#4478=(
GEOMETRIC_REPRESENTATION_CONTEXT(3)
GLOBAL_UNCERTAINTY_ASSIGNED_CONTEXT((#4476))
GLOBAL_UNIT_ASSIGNED_CONTEXT((#4479,#4481,#4482))
REPRESENTATION_CONTEXT('','3D')
);
#4479=(
LENGTH_UNIT()
NAMED_UNIT(*)
SI_UNIT(.MILLI.,.METRE.)
);
#4480=(
LENGTH_UNIT()
NAMED_UNIT(*)
SI_UNIT($,.METRE.)
);
#4481=(
NAMED_UNIT(*)
PLANE_ANGLE_UNIT()
SI_UNIT($,.RADIAN.)
);
#4482=(
NAMED_UNIT(*)
SI_UNIT($,.STERADIAN.)
SOLID_ANGLE_UNIT()
);
#4483=SHAPE_DEFINITION_REPRESENTATION(#4484,#4485);
#4484=PRODUCT_DEFINITION_SHAPE('',$,#4487);
#4485=SHAPE_REPRESENTATION('',(#2785),#4477);
#4486=PRODUCT_DEFINITION_CONTEXT('part definition',#4491,'design');
#4487=PRODUCT_DEFINITION('new_window_sensor','new_window_sensor v4',#4488,
#4486);
#4488=PRODUCT_DEFINITION_FORMATION('',$,#4493);
#4489=PRODUCT_RELATED_PRODUCT_CATEGORY('new_window_sensor v4',
'new_window_sensor v4',(#4493));
#4490=APPLICATION_PROTOCOL_DEFINITION('international standard',
'automotive_design',2009,#4491);
#4491=APPLICATION_CONTEXT(
'Core Data for Automotive Mechanical Design Process');
#4492=PRODUCT_CONTEXT('part definition',#4491,'mechanical');
#4493=PRODUCT('new_window_sensor','new_window_sensor v4',$,(#4492));
#4494=PRESENTATION_STYLE_ASSIGNMENT((#4495));
#4495=SURFACE_STYLE_USAGE(.BOTH.,#4496);
#4496=SURFACE_SIDE_STYLE('',(#4497));
#4497=SURFACE_STYLE_FILL_AREA(#4498);
#4498=FILL_AREA_STYLE('Stahl - satiniert',(#4499));
#4499=FILL_AREA_STYLE_COLOUR('Stahl - satiniert',#4500);
#4500=COLOUR_RGB('Stahl - satiniert',0.627450980392157,0.627450980392157,
0.627450980392157);
ENDSEC;
END-ISO-10303-21;
