ISO-10303-21;
HEADER;
/* Generated by software containing ST-Developer
 * from STEP Tools, Inc. (www.steptools.com) 
 */

FILE_DESCRIPTION(
/* description */ (''),
/* implementation_level */ '2;1');

FILE_NAME(
/* name */ 'new_door_sensor.step',
/* time_stamp */ '2025-08-06T23:44:39+02:00',
/* author */ (''),
/* organization */ (''),
/* preprocessor_version */ 'ST-DEVELOPER v20',
/* originating_system */ 'Autodesk Translation Framework v13.20.0.188',

/* authorisation */ '');

FILE_SCHEMA (('AUTOMOTIVE_DESIGN { 1 0 10303 214 3 1 1 }'));
ENDSEC;

DATA;
#10=MECHANICAL_DESIGN_GEOMETRIC_PRESENTATION_REPRESENTATION('',(#13,#14),
#4592);
#11=SHAPE_REPRESENTATION_RELATIONSHIP('SRR','None',#4599,#12);
#12=ADVANCED_BREP_SHAPE_REPRESENTATION('',(#15,#16),#4591);
#13=STYLED_ITEM('',(#4608),#15);
#14=STYLED_ITEM('',(#4608),#16);
#15=MANIFOLD_SOLID_BREP('K\X\F6rper1',#2843);
#16=MANIFOLD_SOLID_BREP('K\X\F6rper5',#2844);
#17=FACE_BOUND('',#240,.T.);
#18=FACE_BOUND('',#241,.T.);
#19=FACE_BOUND('',#278,.T.);
#20=FACE_BOUND('',#279,.T.);
#21=FACE_BOUND('',#282,.T.);
#22=FACE_BOUND('',#283,.T.);
#23=FACE_BOUND('',#292,.T.);
#24=FACE_BOUND('',#296,.T.);
#25=FACE_BOUND('',#302,.T.);
#26=FACE_BOUND('',#305,.T.);
#27=FACE_BOUND('',#369,.T.);
#28=FACE_BOUND('',#370,.T.);
#29=CIRCLE('',#2872,1.5);
#30=CIRCLE('',#2873,1.5);
#31=CIRCLE('',#2875,1.5);
#32=CIRCLE('',#2876,1.5);
#33=CIRCLE('',#2899,0.5);
#34=CIRCLE('',#2900,0.5);
#35=CIRCLE('',#2904,0.5);
#36=CIRCLE('',#2907,0.5);
#37=CIRCLE('',#2949,2.5);
#38=CIRCLE('',#2957,2.5);
#39=CIRCLE('',#2962,2.5);
#40=CIRCLE('',#2968,2.5);
#41=CIRCLE('',#2972,2.5);
#42=CIRCLE('',#2974,1.5);
#43=CIRCLE('',#2976,2.5);
#44=CIRCLE('',#2978,1.5);
#45=CIRCLE('',#2980,1.5);
#46=CIRCLE('',#2982,1.5);
#47=CYLINDRICAL_SURFACE('',#2861,2.5);
#48=CYLINDRICAL_SURFACE('',#2868,2.5);
#49=CYLINDRICAL_SURFACE('',#2871,1.5);
#50=CYLINDRICAL_SURFACE('',#2874,1.5);
#51=CYLINDRICAL_SURFACE('',#2905,0.5);
#52=CYLINDRICAL_SURFACE('',#2908,0.5);
#53=CYLINDRICAL_SURFACE('',#2946,2.5);
#54=CYLINDRICAL_SURFACE('',#2963,2.5);
#55=CYLINDRICAL_SURFACE('',#2971,2.5);
#56=CYLINDRICAL_SURFACE('',#2975,2.5);
#57=CYLINDRICAL_SURFACE('',#2979,1.5);
#58=CYLINDRICAL_SURFACE('',#2981,1.5);
#59=FACE_OUTER_BOUND('',#211,.T.);
#60=FACE_OUTER_BOUND('',#212,.T.);
#61=FACE_OUTER_BOUND('',#213,.T.);
#62=FACE_OUTER_BOUND('',#214,.T.);
#63=FACE_OUTER_BOUND('',#215,.T.);
#64=FACE_OUTER_BOUND('',#216,.T.);
#65=FACE_OUTER_BOUND('',#217,.T.);
#66=FACE_OUTER_BOUND('',#218,.T.);
#67=FACE_OUTER_BOUND('',#219,.T.);
#68=FACE_OUTER_BOUND('',#220,.T.);
#69=FACE_OUTER_BOUND('',#221,.T.);
#70=FACE_OUTER_BOUND('',#222,.T.);
#71=FACE_OUTER_BOUND('',#223,.T.);
#72=FACE_OUTER_BOUND('',#224,.T.);
#73=FACE_OUTER_BOUND('',#225,.T.);
#74=FACE_OUTER_BOUND('',#226,.T.);
#75=FACE_OUTER_BOUND('',#227,.T.);
#76=FACE_OUTER_BOUND('',#228,.T.);
#77=FACE_OUTER_BOUND('',#229,.T.);
#78=FACE_OUTER_BOUND('',#230,.T.);
#79=FACE_OUTER_BOUND('',#231,.T.);
#80=FACE_OUTER_BOUND('',#232,.T.);
#81=FACE_OUTER_BOUND('',#233,.T.);
#82=FACE_OUTER_BOUND('',#234,.T.);
#83=FACE_OUTER_BOUND('',#235,.T.);
#84=FACE_OUTER_BOUND('',#236,.T.);
#85=FACE_OUTER_BOUND('',#237,.T.);
#86=FACE_OUTER_BOUND('',#238,.T.);
#87=FACE_OUTER_BOUND('',#239,.T.);
#88=FACE_OUTER_BOUND('',#242,.T.);
#89=FACE_OUTER_BOUND('',#243,.T.);
#90=FACE_OUTER_BOUND('',#244,.T.);
#91=FACE_OUTER_BOUND('',#245,.T.);
#92=FACE_OUTER_BOUND('',#246,.T.);
#93=FACE_OUTER_BOUND('',#247,.T.);
#94=FACE_OUTER_BOUND('',#248,.T.);
#95=FACE_OUTER_BOUND('',#249,.T.);
#96=FACE_OUTER_BOUND('',#250,.T.);
#97=FACE_OUTER_BOUND('',#251,.T.);
#98=FACE_OUTER_BOUND('',#252,.T.);
#99=FACE_OUTER_BOUND('',#253,.T.);
#100=FACE_OUTER_BOUND('',#254,.T.);
#101=FACE_OUTER_BOUND('',#255,.T.);
#102=FACE_OUTER_BOUND('',#256,.T.);
#103=FACE_OUTER_BOUND('',#257,.T.);
#104=FACE_OUTER_BOUND('',#258,.T.);
#105=FACE_OUTER_BOUND('',#259,.T.);
#106=FACE_OUTER_BOUND('',#260,.T.);
#107=FACE_OUTER_BOUND('',#261,.T.);
#108=FACE_OUTER_BOUND('',#262,.T.);
#109=FACE_OUTER_BOUND('',#263,.T.);
#110=FACE_OUTER_BOUND('',#264,.T.);
#111=FACE_OUTER_BOUND('',#265,.T.);
#112=FACE_OUTER_BOUND('',#266,.T.);
#113=FACE_OUTER_BOUND('',#267,.T.);
#114=FACE_OUTER_BOUND('',#268,.T.);
#115=FACE_OUTER_BOUND('',#269,.T.);
#116=FACE_OUTER_BOUND('',#270,.T.);
#117=FACE_OUTER_BOUND('',#271,.T.);
#118=FACE_OUTER_BOUND('',#272,.T.);
#119=FACE_OUTER_BOUND('',#273,.T.);
#120=FACE_OUTER_BOUND('',#274,.T.);
#121=FACE_OUTER_BOUND('',#275,.T.);
#122=FACE_OUTER_BOUND('',#276,.T.);
#123=FACE_OUTER_BOUND('',#277,.T.);
#124=FACE_OUTER_BOUND('',#280,.T.);
#125=FACE_OUTER_BOUND('',#281,.T.);
#126=FACE_OUTER_BOUND('',#284,.T.);
#127=FACE_OUTER_BOUND('',#285,.T.);
#128=FACE_OUTER_BOUND('',#286,.T.);
#129=FACE_OUTER_BOUND('',#287,.T.);
#130=FACE_OUTER_BOUND('',#288,.T.);
#131=FACE_OUTER_BOUND('',#289,.T.);
#132=FACE_OUTER_BOUND('',#290,.T.);
#133=FACE_OUTER_BOUND('',#291,.T.);
#134=FACE_OUTER_BOUND('',#293,.T.);
#135=FACE_OUTER_BOUND('',#294,.T.);
#136=FACE_OUTER_BOUND('',#295,.T.);
#137=FACE_OUTER_BOUND('',#297,.T.);
#138=FACE_OUTER_BOUND('',#298,.T.);
#139=FACE_OUTER_BOUND('',#299,.T.);
#140=FACE_OUTER_BOUND('',#300,.T.);
#141=FACE_OUTER_BOUND('',#301,.T.);
#142=FACE_OUTER_BOUND('',#303,.T.);
#143=FACE_OUTER_BOUND('',#304,.T.);
#144=FACE_OUTER_BOUND('',#306,.T.);
#145=FACE_OUTER_BOUND('',#307,.T.);
#146=FACE_OUTER_BOUND('',#308,.T.);
#147=FACE_OUTER_BOUND('',#309,.T.);
#148=FACE_OUTER_BOUND('',#310,.T.);
#149=FACE_OUTER_BOUND('',#311,.T.);
#150=FACE_OUTER_BOUND('',#312,.T.);
#151=FACE_OUTER_BOUND('',#313,.T.);
#152=FACE_OUTER_BOUND('',#314,.T.);
#153=FACE_OUTER_BOUND('',#315,.T.);
#154=FACE_OUTER_BOUND('',#316,.T.);
#155=FACE_OUTER_BOUND('',#317,.T.);
#156=FACE_OUTER_BOUND('',#318,.T.);
#157=FACE_OUTER_BOUND('',#319,.T.);
#158=FACE_OUTER_BOUND('',#320,.T.);
#159=FACE_OUTER_BOUND('',#321,.T.);
#160=FACE_OUTER_BOUND('',#322,.T.);
#161=FACE_OUTER_BOUND('',#323,.T.);
#162=FACE_OUTER_BOUND('',#324,.T.);
#163=FACE_OUTER_BOUND('',#325,.T.);
#164=FACE_OUTER_BOUND('',#326,.T.);
#165=FACE_OUTER_BOUND('',#327,.T.);
#166=FACE_OUTER_BOUND('',#328,.T.);
#167=FACE_OUTER_BOUND('',#329,.T.);
#168=FACE_OUTER_BOUND('',#330,.T.);
#169=FACE_OUTER_BOUND('',#331,.T.);
#170=FACE_OUTER_BOUND('',#332,.T.);
#171=FACE_OUTER_BOUND('',#333,.T.);
#172=FACE_OUTER_BOUND('',#334,.T.);
#173=FACE_OUTER_BOUND('',#335,.T.);
#174=FACE_OUTER_BOUND('',#336,.T.);
#175=FACE_OUTER_BOUND('',#337,.T.);
#176=FACE_OUTER_BOUND('',#338,.T.);
#177=FACE_OUTER_BOUND('',#339,.T.);
#178=FACE_OUTER_BOUND('',#340,.T.);
#179=FACE_OUTER_BOUND('',#341,.T.);
#180=FACE_OUTER_BOUND('',#342,.T.);
#181=FACE_OUTER_BOUND('',#343,.T.);
#182=FACE_OUTER_BOUND('',#344,.T.);
#183=FACE_OUTER_BOUND('',#345,.T.);
#184=FACE_OUTER_BOUND('',#346,.T.);
#185=FACE_OUTER_BOUND('',#347,.T.);
#186=FACE_OUTER_BOUND('',#348,.T.);
#187=FACE_OUTER_BOUND('',#349,.T.);
#188=FACE_OUTER_BOUND('',#350,.T.);
#189=FACE_OUTER_BOUND('',#351,.T.);
#190=FACE_OUTER_BOUND('',#352,.T.);
#191=FACE_OUTER_BOUND('',#353,.T.);
#192=FACE_OUTER_BOUND('',#354,.T.);
#193=FACE_OUTER_BOUND('',#355,.T.);
#194=FACE_OUTER_BOUND('',#356,.T.);
#195=FACE_OUTER_BOUND('',#357,.T.);
#196=FACE_OUTER_BOUND('',#358,.T.);
#197=FACE_OUTER_BOUND('',#359,.T.);
#198=FACE_OUTER_BOUND('',#360,.T.);
#199=FACE_OUTER_BOUND('',#361,.T.);
#200=FACE_OUTER_BOUND('',#362,.T.);
#201=FACE_OUTER_BOUND('',#363,.T.);
#202=FACE_OUTER_BOUND('',#364,.T.);
#203=FACE_OUTER_BOUND('',#365,.T.);
#204=FACE_OUTER_BOUND('',#366,.T.);
#205=FACE_OUTER_BOUND('',#367,.T.);
#206=FACE_OUTER_BOUND('',#368,.T.);
#207=FACE_OUTER_BOUND('',#371,.T.);
#208=FACE_OUTER_BOUND('',#372,.T.);
#209=FACE_OUTER_BOUND('',#373,.T.);
#210=FACE_OUTER_BOUND('',#374,.T.);
#211=EDGE_LOOP('',(#1759,#1760,#1761,#1762,#1763,#1764));
#212=EDGE_LOOP('',(#1765,#1766,#1767,#1768,#1769,#1770));
#213=EDGE_LOOP('',(#1771,#1772,#1773,#1774,#1775,#1776));
#214=EDGE_LOOP('',(#1777,#1778,#1779,#1780));
#215=EDGE_LOOP('',(#1781,#1782,#1783,#1784,#1785,#1786));
#216=EDGE_LOOP('',(#1787,#1788,#1789,#1790));
#217=EDGE_LOOP('',(#1791,#1792,#1793,#1794));
#218=EDGE_LOOP('',(#1795,#1796,#1797,#1798));
#219=EDGE_LOOP('',(#1799,#1800,#1801,#1802));
#220=EDGE_LOOP('',(#1803,#1804,#1805,#1806));
#221=EDGE_LOOP('',(#1807,#1808,#1809,#1810));
#222=EDGE_LOOP('',(#1811,#1812,#1813,#1814));
#223=EDGE_LOOP('',(#1815,#1816,#1817,#1818));
#224=EDGE_LOOP('',(#1819,#1820,#1821,#1822));
#225=EDGE_LOOP('',(#1823,#1824,#1825,#1826));
#226=EDGE_LOOP('',(#1827,#1828,#1829,#1830));
#227=EDGE_LOOP('',(#1831,#1832,#1833,#1834));
#228=EDGE_LOOP('',(#1835,#1836,#1837,#1838,#1839));
#229=EDGE_LOOP('',(#1840,#1841,#1842,#1843,#1844));
#230=EDGE_LOOP('',(#1845,#1846,#1847,#1848));
#231=EDGE_LOOP('',(#1849,#1850,#1851,#1852));
#232=EDGE_LOOP('',(#1853,#1854,#1855,#1856));
#233=EDGE_LOOP('',(#1857,#1858,#1859,#1860));
#234=EDGE_LOOP('',(#1861,#1862,#1863,#1864));
#235=EDGE_LOOP('',(#1865,#1866,#1867,#1868));
#236=EDGE_LOOP('',(#1869,#1870,#1871,#1872));
#237=EDGE_LOOP('',(#1873,#1874,#1875,#1876));
#238=EDGE_LOOP('',(#1877,#1878,#1879,#1880,#1881,#1882,#1883,#1884));
#239=EDGE_LOOP('',(#1885,#1886,#1887,#1888));
#240=EDGE_LOOP('',(#1889));
#241=EDGE_LOOP('',(#1890));
#242=EDGE_LOOP('',(#1891,#1892,#1893,#1894));
#243=EDGE_LOOP('',(#1895,#1896,#1897,#1898));
#244=EDGE_LOOP('',(#1899));
#245=EDGE_LOOP('',(#1900,#1901,#1902,#1903));
#246=EDGE_LOOP('',(#1904));
#247=EDGE_LOOP('',(#1905,#1906,#1907,#1908));
#248=EDGE_LOOP('',(#1909,#1910,#1911,#1912));
#249=EDGE_LOOP('',(#1913,#1914,#1915,#1916));
#250=EDGE_LOOP('',(#1917,#1918,#1919,#1920));
#251=EDGE_LOOP('',(#1921,#1922,#1923,#1924));
#252=EDGE_LOOP('',(#1925,#1926,#1927,#1928));
#253=EDGE_LOOP('',(#1929,#1930,#1931,#1932));
#254=EDGE_LOOP('',(#1933,#1934,#1935,#1936));
#255=EDGE_LOOP('',(#1937,#1938,#1939,#1940));
#256=EDGE_LOOP('',(#1941,#1942,#1943,#1944,#1945,#1946,#1947,#1948,#1949,
#1950,#1951,#1952,#1953,#1954));
#257=EDGE_LOOP('',(#1955,#1956,#1957,#1958,#1959,#1960));
#258=EDGE_LOOP('',(#1961,#1962,#1963,#1964));
#259=EDGE_LOOP('',(#1965,#1966,#1967,#1968));
#260=EDGE_LOOP('',(#1969,#1970,#1971,#1972));
#261=EDGE_LOOP('',(#1973,#1974,#1975,#1976));
#262=EDGE_LOOP('',(#1977,#1978,#1979,#1980));
#263=EDGE_LOOP('',(#1981,#1982,#1983,#1984));
#264=EDGE_LOOP('',(#1985,#1986,#1987,#1988));
#265=EDGE_LOOP('',(#1989,#1990,#1991,#1992));
#266=EDGE_LOOP('',(#1993,#1994,#1995,#1996));
#267=EDGE_LOOP('',(#1997,#1998,#1999,#2000));
#268=EDGE_LOOP('',(#2001,#2002,#2003,#2004));
#269=EDGE_LOOP('',(#2005,#2006,#2007,#2008));
#270=EDGE_LOOP('',(#2009,#2010,#2011,#2012));
#271=EDGE_LOOP('',(#2013,#2014,#2015,#2016));
#272=EDGE_LOOP('',(#2017,#2018,#2019,#2020,#2021));
#273=EDGE_LOOP('',(#2022,#2023,#2024,#2025,#2026));
#274=EDGE_LOOP('',(#2027,#2028,#2029,#2030));
#275=EDGE_LOOP('',(#2031,#2032,#2033,#2034,#2035,#2036,#2037,#2038,#2039,
#2040,#2041));
#276=EDGE_LOOP('',(#2042,#2043,#2044,#2045,#2046,#2047,#2048,#2049,#2050,
#2051,#2052));
#277=EDGE_LOOP('',(#2053,#2054,#2055,#2056,#2057,#2058,#2059,#2060,#2061,
#2062,#2063,#2064,#2065,#2066,#2067,#2068,#2069,#2070,#2071,#2072,#2073,
#2074,#2075,#2076,#2077,#2078,#2079,#2080,#2081,#2082,#2083,#2084,#2085,
#2086));
#278=EDGE_LOOP('',(#2087));
#279=EDGE_LOOP('',(#2088));
#280=EDGE_LOOP('',(#2089,#2090,#2091,#2092,#2093,#2094));
#281=EDGE_LOOP('',(#2095,#2096,#2097,#2098,#2099,#2100,#2101,#2102,#2103,
#2104,#2105,#2106,#2107,#2108,#2109,#2110));
#282=EDGE_LOOP('',(#2111));
#283=EDGE_LOOP('',(#2112));
#284=EDGE_LOOP('',(#2113,#2114,#2115,#2116,#2117,#2118));
#285=EDGE_LOOP('',(#2119,#2120,#2121,#2122));
#286=EDGE_LOOP('',(#2123,#2124,#2125,#2126));
#287=EDGE_LOOP('',(#2127,#2128,#2129,#2130));
#288=EDGE_LOOP('',(#2131,#2132,#2133,#2134,#2135,#2136,#2137,#2138,#2139,
#2140));
#289=EDGE_LOOP('',(#2141,#2142,#2143,#2144,#2145,#2146));
#290=EDGE_LOOP('',(#2147,#2148,#2149,#2150));
#291=EDGE_LOOP('',(#2151,#2152,#2153,#2154,#2155,#2156,#2157,#2158));
#292=EDGE_LOOP('',(#2159));
#293=EDGE_LOOP('',(#2160,#2161,#2162,#2163,#2164));
#294=EDGE_LOOP('',(#2165,#2166,#2167,#2168,#2169,#2170));
#295=EDGE_LOOP('',(#2171,#2172,#2173,#2174,#2175,#2176,#2177,#2178));
#296=EDGE_LOOP('',(#2179));
#297=EDGE_LOOP('',(#2180,#2181,#2182,#2183,#2184,#2185,#2186,#2187,#2188,
#2189));
#298=EDGE_LOOP('',(#2190,#2191,#2192,#2193,#2194));
#299=EDGE_LOOP('',(#2195,#2196,#2197,#2198));
#300=EDGE_LOOP('',(#2199,#2200,#2201,#2202));
#301=EDGE_LOOP('',(#2203));
#302=EDGE_LOOP('',(#2204));
#303=EDGE_LOOP('',(#2205,#2206,#2207,#2208));
#304=EDGE_LOOP('',(#2209));
#305=EDGE_LOOP('',(#2210));
#306=EDGE_LOOP('',(#2211,#2212,#2213,#2214));
#307=EDGE_LOOP('',(#2215,#2216,#2217,#2218));
#308=EDGE_LOOP('',(#2219,#2220,#2221,#2222));
#309=EDGE_LOOP('',(#2223,#2224,#2225,#2226));
#310=EDGE_LOOP('',(#2227,#2228,#2229,#2230));
#311=EDGE_LOOP('',(#2231,#2232,#2233,#2234));
#312=EDGE_LOOP('',(#2235,#2236,#2237,#2238));
#313=EDGE_LOOP('',(#2239,#2240,#2241,#2242));
#314=EDGE_LOOP('',(#2243,#2244,#2245,#2246));
#315=EDGE_LOOP('',(#2247,#2248,#2249,#2250));
#316=EDGE_LOOP('',(#2251,#2252,#2253,#2254));
#317=EDGE_LOOP('',(#2255,#2256,#2257,#2258));
#318=EDGE_LOOP('',(#2259,#2260,#2261,#2262));
#319=EDGE_LOOP('',(#2263,#2264,#2265,#2266));
#320=EDGE_LOOP('',(#2267,#2268,#2269,#2270));
#321=EDGE_LOOP('',(#2271,#2272,#2273,#2274));
#322=EDGE_LOOP('',(#2275,#2276,#2277,#2278));
#323=EDGE_LOOP('',(#2279,#2280,#2281,#2282));
#324=EDGE_LOOP('',(#2283,#2284,#2285,#2286));
#325=EDGE_LOOP('',(#2287,#2288,#2289,#2290));
#326=EDGE_LOOP('',(#2291,#2292,#2293,#2294));
#327=EDGE_LOOP('',(#2295,#2296,#2297,#2298));
#328=EDGE_LOOP('',(#2299,#2300,#2301,#2302));
#329=EDGE_LOOP('',(#2303,#2304,#2305,#2306));
#330=EDGE_LOOP('',(#2307,#2308,#2309,#2310,#2311,#2312));
#331=EDGE_LOOP('',(#2313,#2314,#2315,#2316,#2317,#2318,#2319,#2320));
#332=EDGE_LOOP('',(#2321,#2322,#2323,#2324,#2325));
#333=EDGE_LOOP('',(#2326,#2327,#2328,#2329));
#334=EDGE_LOOP('',(#2330,#2331,#2332,#2333,#2334));
#335=EDGE_LOOP('',(#2335,#2336,#2337,#2338));
#336=EDGE_LOOP('',(#2339,#2340,#2341,#2342,#2343,#2344));
#337=EDGE_LOOP('',(#2345,#2346,#2347,#2348));
#338=EDGE_LOOP('',(#2349,#2350,#2351,#2352,#2353,#2354));
#339=EDGE_LOOP('',(#2355,#2356,#2357,#2358));
#340=EDGE_LOOP('',(#2359,#2360,#2361,#2362));
#341=EDGE_LOOP('',(#2363,#2364,#2365,#2366));
#342=EDGE_LOOP('',(#2367,#2368,#2369,#2370));
#343=EDGE_LOOP('',(#2371,#2372,#2373,#2374));
#344=EDGE_LOOP('',(#2375,#2376,#2377,#2378));
#345=EDGE_LOOP('',(#2379,#2380,#2381,#2382));
#346=EDGE_LOOP('',(#2383,#2384,#2385,#2386));
#347=EDGE_LOOP('',(#2387,#2388,#2389,#2390));
#348=EDGE_LOOP('',(#2391,#2392,#2393,#2394));
#349=EDGE_LOOP('',(#2395,#2396,#2397,#2398));
#350=EDGE_LOOP('',(#2399,#2400,#2401,#2402));
#351=EDGE_LOOP('',(#2403,#2404,#2405,#2406,#2407));
#352=EDGE_LOOP('',(#2408,#2409,#2410,#2411));
#353=EDGE_LOOP('',(#2412,#2413,#2414,#2415));
#354=EDGE_LOOP('',(#2416,#2417,#2418,#2419));
#355=EDGE_LOOP('',(#2420,#2421,#2422,#2423));
#356=EDGE_LOOP('',(#2424,#2425,#2426,#2427));
#357=EDGE_LOOP('',(#2428,#2429,#2430,#2431));
#358=EDGE_LOOP('',(#2432,#2433,#2434,#2435));
#359=EDGE_LOOP('',(#2436,#2437,#2438,#2439));
#360=EDGE_LOOP('',(#2440,#2441,#2442,#2443));
#361=EDGE_LOOP('',(#2444,#2445,#2446,#2447));
#362=EDGE_LOOP('',(#2448,#2449,#2450,#2451));
#363=EDGE_LOOP('',(#2452,#2453,#2454,#2455,#2456));
#364=EDGE_LOOP('',(#2457,#2458,#2459,#2460,#2461,#2462,#2463,#2464,#2465,
#2466,#2467,#2468,#2469,#2470));
#365=EDGE_LOOP('',(#2471,#2472,#2473,#2474));
#366=EDGE_LOOP('',(#2475,#2476,#2477,#2478,#2479));
#367=EDGE_LOOP('',(#2480,#2481,#2482,#2483,#2484,#2485,#2486,#2487,#2488,
#2489,#2490,#2491));
#368=EDGE_LOOP('',(#2492,#2493,#2494,#2495,#2496,#2497,#2498,#2499,#2500,
#2501,#2502,#2503,#2504,#2505,#2506,#2507,#2508,#2509,#2510,#2511,#2512,
#2513,#2514,#2515,#2516,#2517,#2518,#2519,#2520,#2521,#2522,#2523));
#369=EDGE_LOOP('',(#2524));
#370=EDGE_LOOP('',(#2525));
#371=EDGE_LOOP('',(#2526,#2527,#2528,#2529,#2530,#2531,#2532,#2533));
#372=EDGE_LOOP('',(#2534,#2535,#2536,#2537,#2538));
#373=EDGE_LOOP('',(#2539,#2540,#2541,#2542,#2543,#2544));
#374=EDGE_LOOP('',(#2545,#2546,#2547,#2548,#2549,#2550));
#375=LINE('',#3794,#733);
#376=LINE('',#3798,#734);
#377=LINE('',#3800,#735);
#378=LINE('',#3801,#736);
#379=LINE('',#3806,#737);
#380=LINE('',#3811,#738);
#381=LINE('',#3814,#739);
#382=LINE('',#3816,#740);
#383=LINE('',#3818,#741);
#384=LINE('',#3821,#742);
#385=LINE('',#3823,#743);
#386=LINE('',#3827,#744);
#387=LINE('',#3834,#745);
#388=LINE('',#3840,#746);
#389=LINE('',#3845,#747);
#390=LINE('',#3847,#748);
#391=LINE('',#3849,#749);
#392=LINE('',#3850,#750);
#393=LINE('',#3853,#751);
#394=LINE('',#3855,#752);
#395=LINE('',#3856,#753);
#396=LINE('',#3860,#754);
#397=LINE('',#3862,#755);
#398=LINE('',#3864,#756);
#399=LINE('',#3865,#757);
#400=LINE('',#3868,#758);
#401=LINE('',#3870,#759);
#402=LINE('',#3871,#760);
#403=LINE('',#3875,#761);
#404=LINE('',#3877,#762);
#405=LINE('',#3879,#763);
#406=LINE('',#3880,#764);
#407=LINE('',#3883,#765);
#408=LINE('',#3885,#766);
#409=LINE('',#3886,#767);
#410=LINE('',#3888,#768);
#411=LINE('',#3889,#769);
#412=LINE('',#3893,#770);
#413=LINE('',#3895,#771);
#414=LINE('',#3897,#772);
#415=LINE('',#3898,#773);
#416=LINE('',#3901,#774);
#417=LINE('',#3903,#775);
#418=LINE('',#3904,#776);
#419=LINE('',#3906,#777);
#420=LINE('',#3907,#778);
#421=LINE('',#3909,#779);
#422=LINE('',#3910,#780);
#423=LINE('',#3912,#781);
#424=LINE('',#3913,#782);
#425=LINE('',#3916,#783);
#426=LINE('',#3918,#784);
#427=LINE('',#3919,#785);
#428=LINE('',#3923,#786);
#429=LINE('',#3925,#787);
#430=LINE('',#3927,#788);
#431=LINE('',#3928,#789);
#432=LINE('',#3932,#790);
#433=LINE('',#3934,#791);
#434=LINE('',#3936,#792);
#435=LINE('',#3937,#793);
#436=LINE('',#3939,#794);
#437=LINE('',#3940,#795);
#438=LINE('',#3944,#796);
#439=LINE('',#3946,#797);
#440=LINE('',#3948,#798);
#441=LINE('',#3949,#799);
#442=LINE('',#3952,#800);
#443=LINE('',#3954,#801);
#444=LINE('',#3955,#802);
#445=LINE('',#3958,#803);
#446=LINE('',#3960,#804);
#447=LINE('',#3961,#805);
#448=LINE('',#3963,#806);
#449=LINE('',#3964,#807);
#450=LINE('',#3968,#808);
#451=LINE('',#3969,#809);
#452=LINE('',#3970,#810);
#453=LINE('',#3974,#811);
#454=LINE('',#3976,#812);
#455=LINE('',#3978,#813);
#456=LINE('',#3979,#814);
#457=LINE('',#3985,#815);
#458=LINE('',#3986,#816);
#459=LINE('',#3988,#817);
#460=LINE('',#3989,#818);
#461=LINE('',#3994,#819);
#462=LINE('',#3999,#820);
#463=LINE('',#4003,#821);
#464=LINE('',#4005,#822);
#465=LINE('',#4007,#823);
#466=LINE('',#4008,#824);
#467=LINE('',#4011,#825);
#468=LINE('',#4013,#826);
#469=LINE('',#4014,#827);
#470=LINE('',#4017,#828);
#471=LINE('',#4019,#829);
#472=LINE('',#4020,#830);
#473=LINE('',#4023,#831);
#474=LINE('',#4025,#832);
#475=LINE('',#4026,#833);
#476=LINE('',#4030,#834);
#477=LINE('',#4032,#835);
#478=LINE('',#4034,#836);
#479=LINE('',#4035,#837);
#480=LINE('',#4038,#838);
#481=LINE('',#4040,#839);
#482=LINE('',#4041,#840);
#483=LINE('',#4044,#841);
#484=LINE('',#4046,#842);
#485=LINE('',#4047,#843);
#486=LINE('',#4049,#844);
#487=LINE('',#4050,#845);
#488=LINE('',#4054,#846);
#489=LINE('',#4056,#847);
#490=LINE('',#4058,#848);
#491=LINE('',#4060,#849);
#492=LINE('',#4062,#850);
#493=LINE('',#4064,#851);
#494=LINE('',#4066,#852);
#495=LINE('',#4068,#853);
#496=LINE('',#4070,#854);
#497=LINE('',#4072,#855);
#498=LINE('',#4074,#856);
#499=LINE('',#4076,#857);
#500=LINE('',#4078,#858);
#501=LINE('',#4079,#859);
#502=LINE('',#4083,#860);
#503=LINE('',#4085,#861);
#504=LINE('',#4087,#862);
#505=LINE('',#4089,#863);
#506=LINE('',#4091,#864);
#507=LINE('',#4092,#865);
#508=LINE('',#4096,#866);
#509=LINE('',#4098,#867);
#510=LINE('',#4100,#868);
#511=LINE('',#4101,#869);
#512=LINE('',#4104,#870);
#513=LINE('',#4106,#871);
#514=LINE('',#4107,#872);
#515=LINE('',#4109,#873);
#516=LINE('',#4110,#874);
#517=LINE('',#4112,#875);
#518=LINE('',#4113,#876);
#519=LINE('',#4115,#877);
#520=LINE('',#4116,#878);
#521=LINE('',#4118,#879);
#522=LINE('',#4120,#880);
#523=LINE('',#4122,#881);
#524=LINE('',#4123,#882);
#525=LINE('',#4125,#883);
#526=LINE('',#4127,#884);
#527=LINE('',#4129,#885);
#528=LINE('',#4131,#886);
#529=LINE('',#4133,#887);
#530=LINE('',#4135,#888);
#531=LINE('',#4137,#889);
#532=LINE('',#4139,#890);
#533=LINE('',#4142,#891);
#534=LINE('',#4144,#892);
#535=LINE('',#4146,#893);
#536=LINE('',#4147,#894);
#537=LINE('',#4149,#895);
#538=LINE('',#4151,#896);
#539=LINE('',#4156,#897);
#540=LINE('',#4158,#898);
#541=LINE('',#4160,#899);
#542=LINE('',#4161,#900);
#543=LINE('',#4164,#901);
#544=LINE('',#4166,#902);
#545=LINE('',#4167,#903);
#546=LINE('',#4173,#904);
#547=LINE('',#4175,#905);
#548=LINE('',#4176,#906);
#549=LINE('',#4179,#907);
#550=LINE('',#4183,#908);
#551=LINE('',#4191,#909);
#552=LINE('',#4197,#910);
#553=LINE('',#4201,#911);
#554=LINE('',#4203,#912);
#555=LINE('',#4204,#913);
#556=LINE('',#4207,#914);
#557=LINE('',#4208,#915);
#558=LINE('',#4211,#916);
#559=LINE('',#4213,#917);
#560=LINE('',#4215,#918);
#561=LINE('',#4217,#919);
#562=LINE('',#4219,#920);
#563=LINE('',#4221,#921);
#564=LINE('',#4222,#922);
#565=LINE('',#4227,#923);
#566=LINE('',#4229,#924);
#567=LINE('',#4231,#925);
#568=LINE('',#4232,#926);
#569=LINE('',#4235,#927);
#570=LINE('',#4237,#928);
#571=LINE('',#4242,#929);
#572=LINE('',#4244,#930);
#573=LINE('',#4246,#931);
#574=LINE('',#4248,#932);
#575=LINE('',#4250,#933);
#576=LINE('',#4252,#934);
#577=LINE('',#4254,#935);
#578=LINE('',#4255,#936);
#579=LINE('',#4266,#937);
#580=LINE('',#4271,#938);
#581=LINE('',#4273,#939);
#582=LINE('',#4274,#940);
#583=LINE('',#4277,#941);
#584=LINE('',#4279,#942);
#585=LINE('',#4280,#943);
#586=LINE('',#4283,#944);
#587=LINE('',#4290,#945);
#588=LINE('',#4297,#946);
#589=LINE('',#4301,#947);
#590=LINE('',#4306,#948);
#591=LINE('',#4307,#949);
#592=LINE('',#4308,#950);
#593=LINE('',#4311,#951);
#594=LINE('',#4312,#952);
#595=LINE('',#4315,#953);
#596=LINE('',#4316,#954);
#597=LINE('',#4319,#955);
#598=LINE('',#4320,#956);
#599=LINE('',#4322,#957);
#600=LINE('',#4323,#958);
#601=LINE('',#4327,#959);
#602=LINE('',#4329,#960);
#603=LINE('',#4330,#961);
#604=LINE('',#4333,#962);
#605=LINE('',#4334,#963);
#606=LINE('',#4337,#964);
#607=LINE('',#4338,#965);
#608=LINE('',#4341,#966);
#609=LINE('',#4342,#967);
#610=LINE('',#4344,#968);
#611=LINE('',#4346,#969);
#612=LINE('',#4349,#970);
#613=LINE('',#4350,#971);
#614=LINE('',#4353,#972);
#615=LINE('',#4354,#973);
#616=LINE('',#4357,#974);
#617=LINE('',#4358,#975);
#618=LINE('',#4361,#976);
#619=LINE('',#4362,#977);
#620=LINE('',#4365,#978);
#621=LINE('',#4366,#979);
#622=LINE('',#4369,#980);
#623=LINE('',#4370,#981);
#624=LINE('',#4373,#982);
#625=LINE('',#4374,#983);
#626=LINE('',#4377,#984);
#627=LINE('',#4378,#985);
#628=LINE('',#4381,#986);
#629=LINE('',#4382,#987);
#630=LINE('',#4385,#988);
#631=LINE('',#4386,#989);
#632=LINE('',#4389,#990);
#633=LINE('',#4391,#991);
#634=LINE('',#4392,#992);
#635=LINE('',#4394,#993);
#636=LINE('',#4395,#994);
#637=LINE('',#4397,#995);
#638=LINE('',#4401,#996);
#639=LINE('',#4403,#997);
#640=LINE('',#4405,#998);
#641=LINE('',#4406,#999);
#642=LINE('',#4408,#1000);
#643=LINE('',#4409,#1001);
#644=LINE('',#4411,#1002);
#645=LINE('',#4415,#1003);
#646=LINE('',#4417,#1004);
#647=LINE('',#4419,#1005);
#648=LINE('',#4421,#1006);
#649=LINE('',#4423,#1007);
#650=LINE('',#4424,#1008);
#651=LINE('',#4428,#1009);
#652=LINE('',#4429,#1010);
#653=LINE('',#4430,#1011);
#654=LINE('',#4434,#1012);
#655=LINE('',#4435,#1013);
#656=LINE('',#4437,#1014);
#657=LINE('',#4439,#1015);
#658=LINE('',#4440,#1016);
#659=LINE('',#4443,#1017);
#660=LINE('',#4445,#1018);
#661=LINE('',#4446,#1019);
#662=LINE('',#4450,#1020);
#663=LINE('',#4452,#1021);
#664=LINE('',#4454,#1022);
#665=LINE('',#4455,#1023);
#666=LINE('',#4458,#1024);
#667=LINE('',#4460,#1025);
#668=LINE('',#4461,#1026);
#669=LINE('',#4464,#1027);
#670=LINE('',#4466,#1028);
#671=LINE('',#4467,#1029);
#672=LINE('',#4470,#1030);
#673=LINE('',#4472,#1031);
#674=LINE('',#4473,#1032);
#675=LINE('',#4476,#1033);
#676=LINE('',#4478,#1034);
#677=LINE('',#4479,#1035);
#678=LINE('',#4482,#1036);
#679=LINE('',#4484,#1037);
#680=LINE('',#4485,#1038);
#681=LINE('',#4488,#1039);
#682=LINE('',#4490,#1040);
#683=LINE('',#4491,#1041);
#684=LINE('',#4494,#1042);
#685=LINE('',#4496,#1043);
#686=LINE('',#4497,#1044);
#687=LINE('',#4500,#1045);
#688=LINE('',#4502,#1046);
#689=LINE('',#4503,#1047);
#690=LINE('',#4506,#1048);
#691=LINE('',#4508,#1049);
#692=LINE('',#4509,#1050);
#693=LINE('',#4512,#1051);
#694=LINE('',#4514,#1052);
#695=LINE('',#4515,#1053);
#696=LINE('',#4519,#1054);
#697=LINE('',#4520,#1055);
#698=LINE('',#4521,#1056);
#699=LINE('',#4522,#1057);
#700=LINE('',#4525,#1058);
#701=LINE('',#4526,#1059);
#702=LINE('',#4529,#1060);
#703=LINE('',#4530,#1061);
#704=LINE('',#4533,#1062);
#705=LINE('',#4534,#1063);
#706=LINE('',#4537,#1064);
#707=LINE('',#4538,#1065);
#708=LINE('',#4541,#1066);
#709=LINE('',#4542,#1067);
#710=LINE('',#4545,#1068);
#711=LINE('',#4546,#1069);
#712=LINE('',#4549,#1070);
#713=LINE('',#4550,#1071);
#714=LINE('',#4553,#1072);
#715=LINE('',#4554,#1073);
#716=LINE('',#4557,#1074);
#717=LINE('',#4558,#1075);
#718=LINE('',#4561,#1076);
#719=LINE('',#4562,#1077);
#720=LINE('',#4565,#1078);
#721=LINE('',#4566,#1079);
#722=LINE('',#4568,#1080);
#723=LINE('',#4570,#1081);
#724=LINE('',#4571,#1082);
#725=LINE('',#4573,#1083);
#726=LINE('',#4576,#1084);
#727=LINE('',#4578,#1085);
#728=LINE('',#4579,#1086);
#729=LINE('',#4581,#1087);
#730=LINE('',#4583,#1088);
#731=LINE('',#4585,#1089);
#732=LINE('',#4587,#1090);
#733=VECTOR('',#3054,10.);
#734=VECTOR('',#3057,10.);
#735=VECTOR('',#3058,10.);
#736=VECTOR('',#3059,10.);
#737=VECTOR('',#3064,10.);
#738=VECTOR('',#3069,10.);
#739=VECTOR('',#3072,10.);
#740=VECTOR('',#3073,10.);
#741=VECTOR('',#3074,10.);
#742=VECTOR('',#3077,10.);
#743=VECTOR('',#3080,10.);
#744=VECTOR('',#3083,10.);
#745=VECTOR('',#3092,1.5);
#746=VECTOR('',#3099,1.5);
#747=VECTOR('',#3104,10.);
#748=VECTOR('',#3105,10.);
#749=VECTOR('',#3106,10.);
#750=VECTOR('',#3107,10.);
#751=VECTOR('',#3110,10.);
#752=VECTOR('',#3111,10.);
#753=VECTOR('',#3112,10.);
#754=VECTOR('',#3115,10.);
#755=VECTOR('',#3116,10.);
#756=VECTOR('',#3117,10.);
#757=VECTOR('',#3118,10.);
#758=VECTOR('',#3121,10.);
#759=VECTOR('',#3122,10.);
#760=VECTOR('',#3123,10.);
#761=VECTOR('',#3126,10.);
#762=VECTOR('',#3127,10.);
#763=VECTOR('',#3128,10.);
#764=VECTOR('',#3129,10.);
#765=VECTOR('',#3132,10.);
#766=VECTOR('',#3133,10.);
#767=VECTOR('',#3134,10.);
#768=VECTOR('',#3137,10.);
#769=VECTOR('',#3138,10.);
#770=VECTOR('',#3141,10.);
#771=VECTOR('',#3142,10.);
#772=VECTOR('',#3143,10.);
#773=VECTOR('',#3144,10.);
#774=VECTOR('',#3147,10.);
#775=VECTOR('',#3148,10.);
#776=VECTOR('',#3149,10.);
#777=VECTOR('',#3152,10.);
#778=VECTOR('',#3153,10.);
#779=VECTOR('',#3156,10.);
#780=VECTOR('',#3157,10.);
#781=VECTOR('',#3160,10.);
#782=VECTOR('',#3161,10.);
#783=VECTOR('',#3164,10.);
#784=VECTOR('',#3165,10.);
#785=VECTOR('',#3166,10.);
#786=VECTOR('',#3169,10.);
#787=VECTOR('',#3170,10.);
#788=VECTOR('',#3171,10.);
#789=VECTOR('',#3172,10.);
#790=VECTOR('',#3175,10.);
#791=VECTOR('',#3176,10.);
#792=VECTOR('',#3177,10.);
#793=VECTOR('',#3178,10.);
#794=VECTOR('',#3181,10.);
#795=VECTOR('',#3182,10.);
#796=VECTOR('',#3185,10.);
#797=VECTOR('',#3186,10.);
#798=VECTOR('',#3187,10.);
#799=VECTOR('',#3188,10.);
#800=VECTOR('',#3191,10.);
#801=VECTOR('',#3192,10.);
#802=VECTOR('',#3193,10.);
#803=VECTOR('',#3196,10.);
#804=VECTOR('',#3197,10.);
#805=VECTOR('',#3198,10.);
#806=VECTOR('',#3201,10.);
#807=VECTOR('',#3202,10.);
#808=VECTOR('',#3205,10.);
#809=VECTOR('',#3206,10.);
#810=VECTOR('',#3207,10.);
#811=VECTOR('',#3210,10.);
#812=VECTOR('',#3211,10.);
#813=VECTOR('',#3212,10.);
#814=VECTOR('',#3213,10.);
#815=VECTOR('',#3220,10.);
#816=VECTOR('',#3221,10.);
#817=VECTOR('',#3224,10.);
#818=VECTOR('',#3225,10.);
#819=VECTOR('',#3232,0.5);
#820=VECTOR('',#3239,0.5);
#821=VECTOR('',#3242,10.);
#822=VECTOR('',#3243,10.);
#823=VECTOR('',#3244,10.);
#824=VECTOR('',#3245,10.);
#825=VECTOR('',#3248,10.);
#826=VECTOR('',#3249,10.);
#827=VECTOR('',#3250,10.);
#828=VECTOR('',#3253,10.);
#829=VECTOR('',#3254,10.);
#830=VECTOR('',#3255,10.);
#831=VECTOR('',#3258,10.);
#832=VECTOR('',#3259,10.);
#833=VECTOR('',#3260,10.);
#834=VECTOR('',#3263,10.);
#835=VECTOR('',#3264,10.);
#836=VECTOR('',#3265,10.);
#837=VECTOR('',#3266,10.);
#838=VECTOR('',#3269,10.);
#839=VECTOR('',#3270,10.);
#840=VECTOR('',#3271,10.);
#841=VECTOR('',#3274,10.);
#842=VECTOR('',#3275,10.);
#843=VECTOR('',#3276,10.);
#844=VECTOR('',#3279,10.);
#845=VECTOR('',#3280,10.);
#846=VECTOR('',#3283,10.);
#847=VECTOR('',#3284,10.);
#848=VECTOR('',#3285,10.);
#849=VECTOR('',#3286,10.);
#850=VECTOR('',#3287,10.);
#851=VECTOR('',#3288,10.);
#852=VECTOR('',#3289,10.);
#853=VECTOR('',#3290,10.);
#854=VECTOR('',#3291,10.);
#855=VECTOR('',#3292,10.);
#856=VECTOR('',#3293,10.);
#857=VECTOR('',#3294,10.);
#858=VECTOR('',#3295,10.);
#859=VECTOR('',#3296,10.);
#860=VECTOR('',#3299,10.);
#861=VECTOR('',#3300,10.);
#862=VECTOR('',#3301,10.);
#863=VECTOR('',#3302,10.);
#864=VECTOR('',#3303,10.);
#865=VECTOR('',#3304,10.);
#866=VECTOR('',#3307,10.);
#867=VECTOR('',#3308,10.);
#868=VECTOR('',#3309,10.);
#869=VECTOR('',#3310,10.);
#870=VECTOR('',#3313,10.);
#871=VECTOR('',#3314,10.);
#872=VECTOR('',#3315,10.);
#873=VECTOR('',#3318,10.);
#874=VECTOR('',#3319,10.);
#875=VECTOR('',#3322,10.);
#876=VECTOR('',#3323,10.);
#877=VECTOR('',#3326,10.);
#878=VECTOR('',#3327,10.);
#879=VECTOR('',#3330,10.);
#880=VECTOR('',#3333,10.);
#881=VECTOR('',#3336,10.);
#882=VECTOR('',#3337,10.);
#883=VECTOR('',#3340,10.);
#884=VECTOR('',#3343,10.);
#885=VECTOR('',#3346,10.);
#886=VECTOR('',#3349,10.);
#887=VECTOR('',#3352,10.);
#888=VECTOR('',#3355,10.);
#889=VECTOR('',#3358,10.);
#890=VECTOR('',#3361,10.);
#891=VECTOR('',#3366,10.);
#892=VECTOR('',#3369,10.);
#893=VECTOR('',#3372,10.);
#894=VECTOR('',#3373,10.);
#895=VECTOR('',#3376,10.);
#896=VECTOR('',#3379,10.);
#897=VECTOR('',#3384,10.);
#898=VECTOR('',#3385,10.);
#899=VECTOR('',#3386,10.);
#900=VECTOR('',#3387,10.);
#901=VECTOR('',#3390,10.);
#902=VECTOR('',#3391,10.);
#903=VECTOR('',#3392,10.);
#904=VECTOR('',#3397,10.);
#905=VECTOR('',#3398,10.);
#906=VECTOR('',#3399,10.);
#907=VECTOR('',#3402,10.);
#908=VECTOR('',#3405,10.);
#909=VECTOR('',#3412,10.);
#910=VECTOR('',#3419,10.);
#911=VECTOR('',#3422,10.);
#912=VECTOR('',#3423,10.);
#913=VECTOR('',#3424,10.);
#914=VECTOR('',#3427,10.);
#915=VECTOR('',#3428,10.);
#916=VECTOR('',#3431,10.);
#917=VECTOR('',#3432,10.);
#918=VECTOR('',#3433,10.);
#919=VECTOR('',#3434,10.);
#920=VECTOR('',#3435,10.);
#921=VECTOR('',#3436,10.);
#922=VECTOR('',#3437,10.);
#923=VECTOR('',#3442,10.);
#924=VECTOR('',#3443,10.);
#925=VECTOR('',#3444,10.);
#926=VECTOR('',#3445,10.);
#927=VECTOR('',#3448,10.);
#928=VECTOR('',#3449,10.);
#929=VECTOR('',#3454,10.);
#930=VECTOR('',#3455,10.);
#931=VECTOR('',#3456,10.);
#932=VECTOR('',#3457,10.);
#933=VECTOR('',#3458,10.);
#934=VECTOR('',#3459,10.);
#935=VECTOR('',#3460,10.);
#936=VECTOR('',#3461,10.);
#937=VECTOR('',#3472,10.);
#938=VECTOR('',#3479,10.);
#939=VECTOR('',#3480,10.);
#940=VECTOR('',#3481,10.);
#941=VECTOR('',#3484,10.);
#942=VECTOR('',#3485,10.);
#943=VECTOR('',#3486,10.);
#944=VECTOR('',#3489,2.5);
#945=VECTOR('',#3498,2.5);
#946=VECTOR('',#3507,1.5);
#947=VECTOR('',#3512,1.5);
#948=VECTOR('',#3517,10.);
#949=VECTOR('',#3518,10.);
#950=VECTOR('',#3519,10.);
#951=VECTOR('',#3522,10.);
#952=VECTOR('',#3523,10.);
#953=VECTOR('',#3526,10.);
#954=VECTOR('',#3527,10.);
#955=VECTOR('',#3530,10.);
#956=VECTOR('',#3531,10.);
#957=VECTOR('',#3534,10.);
#958=VECTOR('',#3535,10.);
#959=VECTOR('',#3540,10.);
#960=VECTOR('',#3541,10.);
#961=VECTOR('',#3542,10.);
#962=VECTOR('',#3545,10.);
#963=VECTOR('',#3546,10.);
#964=VECTOR('',#3549,10.);
#965=VECTOR('',#3550,10.);
#966=VECTOR('',#3553,10.);
#967=VECTOR('',#3554,10.);
#968=VECTOR('',#3557,10.);
#969=VECTOR('',#3560,10.);
#970=VECTOR('',#3563,10.);
#971=VECTOR('',#3564,10.);
#972=VECTOR('',#3567,10.);
#973=VECTOR('',#3568,10.);
#974=VECTOR('',#3571,10.);
#975=VECTOR('',#3572,10.);
#976=VECTOR('',#3575,10.);
#977=VECTOR('',#3576,10.);
#978=VECTOR('',#3579,10.);
#979=VECTOR('',#3580,10.);
#980=VECTOR('',#3583,10.);
#981=VECTOR('',#3584,10.);
#982=VECTOR('',#3587,10.);
#983=VECTOR('',#3588,10.);
#984=VECTOR('',#3591,10.);
#985=VECTOR('',#3592,10.);
#986=VECTOR('',#3595,10.);
#987=VECTOR('',#3596,10.);
#988=VECTOR('',#3599,10.);
#989=VECTOR('',#3600,10.);
#990=VECTOR('',#3603,10.);
#991=VECTOR('',#3604,10.);
#992=VECTOR('',#3605,10.);
#993=VECTOR('',#3608,10.);
#994=VECTOR('',#3609,10.);
#995=VECTOR('',#3612,10.);
#996=VECTOR('',#3615,10.);
#997=VECTOR('',#3616,10.);
#998=VECTOR('',#3617,10.);
#999=VECTOR('',#3618,10.);
#1000=VECTOR('',#3621,10.);
#1001=VECTOR('',#3622,10.);
#1002=VECTOR('',#3625,10.);
#1003=VECTOR('',#3628,10.);
#1004=VECTOR('',#3629,10.);
#1005=VECTOR('',#3630,10.);
#1006=VECTOR('',#3631,10.);
#1007=VECTOR('',#3632,10.);
#1008=VECTOR('',#3633,10.);
#1009=VECTOR('',#3636,10.);
#1010=VECTOR('',#3637,10.);
#1011=VECTOR('',#3638,10.);
#1012=VECTOR('',#3641,10.);
#1013=VECTOR('',#3642,10.);
#1014=VECTOR('',#3643,10.);
#1015=VECTOR('',#3644,10.);
#1016=VECTOR('',#3645,10.);
#1017=VECTOR('',#3648,10.);
#1018=VECTOR('',#3649,10.);
#1019=VECTOR('',#3650,10.);
#1020=VECTOR('',#3653,10.);
#1021=VECTOR('',#3654,10.);
#1022=VECTOR('',#3655,10.);
#1023=VECTOR('',#3656,10.);
#1024=VECTOR('',#3659,10.);
#1025=VECTOR('',#3660,10.);
#1026=VECTOR('',#3661,10.);
#1027=VECTOR('',#3664,10.);
#1028=VECTOR('',#3665,10.);
#1029=VECTOR('',#3666,10.);
#1030=VECTOR('',#3669,10.);
#1031=VECTOR('',#3670,10.);
#1032=VECTOR('',#3671,10.);
#1033=VECTOR('',#3674,10.);
#1034=VECTOR('',#3675,10.);
#1035=VECTOR('',#3676,10.);
#1036=VECTOR('',#3679,10.);
#1037=VECTOR('',#3680,10.);
#1038=VECTOR('',#3681,10.);
#1039=VECTOR('',#3684,10.);
#1040=VECTOR('',#3685,10.);
#1041=VECTOR('',#3686,10.);
#1042=VECTOR('',#3689,10.);
#1043=VECTOR('',#3690,10.);
#1044=VECTOR('',#3691,10.);
#1045=VECTOR('',#3694,10.);
#1046=VECTOR('',#3695,10.);
#1047=VECTOR('',#3696,10.);
#1048=VECTOR('',#3699,10.);
#1049=VECTOR('',#3700,10.);
#1050=VECTOR('',#3701,10.);
#1051=VECTOR('',#3704,10.);
#1052=VECTOR('',#3705,10.);
#1053=VECTOR('',#3706,10.);
#1054=VECTOR('',#3709,10.);
#1055=VECTOR('',#3710,10.);
#1056=VECTOR('',#3711,10.);
#1057=VECTOR('',#3712,10.);
#1058=VECTOR('',#3715,10.);
#1059=VECTOR('',#3716,10.);
#1060=VECTOR('',#3719,10.);
#1061=VECTOR('',#3720,10.);
#1062=VECTOR('',#3723,10.);
#1063=VECTOR('',#3724,10.);
#1064=VECTOR('',#3727,10.);
#1065=VECTOR('',#3728,10.);
#1066=VECTOR('',#3731,10.);
#1067=VECTOR('',#3732,10.);
#1068=VECTOR('',#3735,10.);
#1069=VECTOR('',#3736,10.);
#1070=VECTOR('',#3739,10.);
#1071=VECTOR('',#3740,10.);
#1072=VECTOR('',#3743,10.);
#1073=VECTOR('',#3744,10.);
#1074=VECTOR('',#3747,10.);
#1075=VECTOR('',#3748,10.);
#1076=VECTOR('',#3751,10.);
#1077=VECTOR('',#3752,10.);
#1078=VECTOR('',#3755,10.);
#1079=VECTOR('',#3756,10.);
#1080=VECTOR('',#3759,10.);
#1081=VECTOR('',#3760,10.);
#1082=VECTOR('',#3761,10.);
#1083=VECTOR('',#3764,10.);
#1084=VECTOR('',#3769,10.);
#1085=VECTOR('',#3772,10.);
#1086=VECTOR('',#3773,10.);
#1087=VECTOR('',#3776,10.);
#1088=VECTOR('',#3779,10.);
#1089=VECTOR('',#3782,10.);
#1090=VECTOR('',#3785,10.);
#1091=ELLIPSE('',#2859,3.53553391268704,2.5);
#1092=ELLIPSE('',#2860,3.53553390593274,2.5);
#1093=ELLIPSE('',#2862,3.53553389266729,2.5);
#1094=ELLIPSE('',#2863,3.53553389917843,2.5);
#1095=ELLIPSE('',#2864,3.53553391268704,2.5);
#1096=ELLIPSE('',#2866,3.53553390593274,2.5);
#1097=ELLIPSE('',#2869,3.53553392595249,2.5);
#1098=ELLIPSE('',#2870,3.53553390593274,2.5);
#1099=ELLIPSE('',#2945,3.53553384595453,2.5);
#1100=ELLIPSE('',#2947,4.99999991517802,2.5);
#1101=ELLIPSE('',#2948,3.53553391268704,2.5);
#1102=ELLIPSE('',#2950,3.53553391268704,2.5);
#1103=ELLIPSE('',#2951,3.53553391268704,2.5);
#1104=ELLIPSE('',#2952,3.53553389917843,2.5);
#1105=ELLIPSE('',#2954,3.53553390593274,2.5);
#1106=ELLIPSE('',#2960,3.53553390593274,2.5);
#1107=ELLIPSE('',#2964,3.53553390593274,2.5);
#1108=ELLIPSE('',#2965,5.00000000000001,2.5);
#1109=ELLIPSE('',#2966,3.53553390593274,2.5);
#1110=ELLIPSE('',#2967,3.53553390593274,2.5);
#1111=VERTEX_POINT('',#3790);
#1112=VERTEX_POINT('',#3791);
#1113=VERTEX_POINT('',#3793);
#1114=VERTEX_POINT('',#3795);
#1115=VERTEX_POINT('',#3797);
#1116=VERTEX_POINT('',#3799);
#1117=VERTEX_POINT('',#3803);
#1118=VERTEX_POINT('',#3805);
#1119=VERTEX_POINT('',#3807);
#1120=VERTEX_POINT('',#3809);
#1121=VERTEX_POINT('',#3813);
#1122=VERTEX_POINT('',#3815);
#1123=VERTEX_POINT('',#3817);
#1124=VERTEX_POINT('',#3819);
#1125=VERTEX_POINT('',#3825);
#1126=VERTEX_POINT('',#3826);
#1127=VERTEX_POINT('',#3831);
#1128=VERTEX_POINT('',#3833);
#1129=VERTEX_POINT('',#3837);
#1130=VERTEX_POINT('',#3839);
#1131=VERTEX_POINT('',#3843);
#1132=VERTEX_POINT('',#3844);
#1133=VERTEX_POINT('',#3846);
#1134=VERTEX_POINT('',#3848);
#1135=VERTEX_POINT('',#3852);
#1136=VERTEX_POINT('',#3854);
#1137=VERTEX_POINT('',#3858);
#1138=VERTEX_POINT('',#3859);
#1139=VERTEX_POINT('',#3861);
#1140=VERTEX_POINT('',#3863);
#1141=VERTEX_POINT('',#3867);
#1142=VERTEX_POINT('',#3869);
#1143=VERTEX_POINT('',#3873);
#1144=VERTEX_POINT('',#3874);
#1145=VERTEX_POINT('',#3876);
#1146=VERTEX_POINT('',#3878);
#1147=VERTEX_POINT('',#3882);
#1148=VERTEX_POINT('',#3884);
#1149=VERTEX_POINT('',#3891);
#1150=VERTEX_POINT('',#3892);
#1151=VERTEX_POINT('',#3894);
#1152=VERTEX_POINT('',#3896);
#1153=VERTEX_POINT('',#3900);
#1154=VERTEX_POINT('',#3902);
#1155=VERTEX_POINT('',#3915);
#1156=VERTEX_POINT('',#3917);
#1157=VERTEX_POINT('',#3921);
#1158=VERTEX_POINT('',#3922);
#1159=VERTEX_POINT('',#3924);
#1160=VERTEX_POINT('',#3926);
#1161=VERTEX_POINT('',#3930);
#1162=VERTEX_POINT('',#3931);
#1163=VERTEX_POINT('',#3933);
#1164=VERTEX_POINT('',#3935);
#1165=VERTEX_POINT('',#3942);
#1166=VERTEX_POINT('',#3943);
#1167=VERTEX_POINT('',#3945);
#1168=VERTEX_POINT('',#3947);
#1169=VERTEX_POINT('',#3951);
#1170=VERTEX_POINT('',#3953);
#1171=VERTEX_POINT('',#3957);
#1172=VERTEX_POINT('',#3959);
#1173=VERTEX_POINT('',#3966);
#1174=VERTEX_POINT('',#3967);
#1175=VERTEX_POINT('',#3972);
#1176=VERTEX_POINT('',#3973);
#1177=VERTEX_POINT('',#3975);
#1178=VERTEX_POINT('',#3977);
#1179=VERTEX_POINT('',#3980);
#1180=VERTEX_POINT('',#3982);
#1181=VERTEX_POINT('',#3991);
#1182=VERTEX_POINT('',#3996);
#1183=VERTEX_POINT('',#4001);
#1184=VERTEX_POINT('',#4002);
#1185=VERTEX_POINT('',#4004);
#1186=VERTEX_POINT('',#4006);
#1187=VERTEX_POINT('',#4010);
#1188=VERTEX_POINT('',#4012);
#1189=VERTEX_POINT('',#4016);
#1190=VERTEX_POINT('',#4018);
#1191=VERTEX_POINT('',#4022);
#1192=VERTEX_POINT('',#4024);
#1193=VERTEX_POINT('',#4028);
#1194=VERTEX_POINT('',#4029);
#1195=VERTEX_POINT('',#4031);
#1196=VERTEX_POINT('',#4033);
#1197=VERTEX_POINT('',#4037);
#1198=VERTEX_POINT('',#4039);
#1199=VERTEX_POINT('',#4043);
#1200=VERTEX_POINT('',#4045);
#1201=VERTEX_POINT('',#4052);
#1202=VERTEX_POINT('',#4053);
#1203=VERTEX_POINT('',#4055);
#1204=VERTEX_POINT('',#4057);
#1205=VERTEX_POINT('',#4059);
#1206=VERTEX_POINT('',#4061);
#1207=VERTEX_POINT('',#4063);
#1208=VERTEX_POINT('',#4065);
#1209=VERTEX_POINT('',#4067);
#1210=VERTEX_POINT('',#4069);
#1211=VERTEX_POINT('',#4071);
#1212=VERTEX_POINT('',#4073);
#1213=VERTEX_POINT('',#4075);
#1214=VERTEX_POINT('',#4077);
#1215=VERTEX_POINT('',#4081);
#1216=VERTEX_POINT('',#4082);
#1217=VERTEX_POINT('',#4084);
#1218=VERTEX_POINT('',#4086);
#1219=VERTEX_POINT('',#4088);
#1220=VERTEX_POINT('',#4090);
#1221=VERTEX_POINT('',#4094);
#1222=VERTEX_POINT('',#4095);
#1223=VERTEX_POINT('',#4097);
#1224=VERTEX_POINT('',#4099);
#1225=VERTEX_POINT('',#4103);
#1226=VERTEX_POINT('',#4105);
#1227=VERTEX_POINT('',#4154);
#1228=VERTEX_POINT('',#4155);
#1229=VERTEX_POINT('',#4157);
#1230=VERTEX_POINT('',#4159);
#1231=VERTEX_POINT('',#4163);
#1232=VERTEX_POINT('',#4165);
#1233=VERTEX_POINT('',#4169);
#1234=VERTEX_POINT('',#4170);
#1235=VERTEX_POINT('',#4172);
#1236=VERTEX_POINT('',#4174);
#1237=VERTEX_POINT('',#4178);
#1238=VERTEX_POINT('',#4180);
#1239=VERTEX_POINT('',#4182);
#1240=VERTEX_POINT('',#4184);
#1241=VERTEX_POINT('',#4186);
#1242=VERTEX_POINT('',#4188);
#1243=VERTEX_POINT('',#4190);
#1244=VERTEX_POINT('',#4192);
#1245=VERTEX_POINT('',#4196);
#1246=VERTEX_POINT('',#4198);
#1247=VERTEX_POINT('',#4200);
#1248=VERTEX_POINT('',#4202);
#1249=VERTEX_POINT('',#4206);
#1250=VERTEX_POINT('',#4210);
#1251=VERTEX_POINT('',#4212);
#1252=VERTEX_POINT('',#4214);
#1253=VERTEX_POINT('',#4216);
#1254=VERTEX_POINT('',#4218);
#1255=VERTEX_POINT('',#4220);
#1256=VERTEX_POINT('',#4223);
#1257=VERTEX_POINT('',#4226);
#1258=VERTEX_POINT('',#4228);
#1259=VERTEX_POINT('',#4230);
#1260=VERTEX_POINT('',#4234);
#1261=VERTEX_POINT('',#4236);
#1262=VERTEX_POINT('',#4240);
#1263=VERTEX_POINT('',#4241);
#1264=VERTEX_POINT('',#4243);
#1265=VERTEX_POINT('',#4245);
#1266=VERTEX_POINT('',#4247);
#1267=VERTEX_POINT('',#4249);
#1268=VERTEX_POINT('',#4251);
#1269=VERTEX_POINT('',#4253);
#1270=VERTEX_POINT('',#4256);
#1271=VERTEX_POINT('',#4259);
#1272=VERTEX_POINT('',#4261);
#1273=VERTEX_POINT('',#4263);
#1274=VERTEX_POINT('',#4265);
#1275=VERTEX_POINT('',#4270);
#1276=VERTEX_POINT('',#4272);
#1277=VERTEX_POINT('',#4276);
#1278=VERTEX_POINT('',#4278);
#1279=VERTEX_POINT('',#4282);
#1280=VERTEX_POINT('',#4286);
#1281=VERTEX_POINT('',#4289);
#1282=VERTEX_POINT('',#4293);
#1283=VERTEX_POINT('',#4296);
#1284=VERTEX_POINT('',#4300);
#1285=VERTEX_POINT('',#4304);
#1286=VERTEX_POINT('',#4305);
#1287=VERTEX_POINT('',#4310);
#1288=VERTEX_POINT('',#4314);
#1289=VERTEX_POINT('',#4318);
#1290=VERTEX_POINT('',#4326);
#1291=VERTEX_POINT('',#4328);
#1292=VERTEX_POINT('',#4332);
#1293=VERTEX_POINT('',#4336);
#1294=VERTEX_POINT('',#4340);
#1295=VERTEX_POINT('',#4348);
#1296=VERTEX_POINT('',#4352);
#1297=VERTEX_POINT('',#4356);
#1298=VERTEX_POINT('',#4360);
#1299=VERTEX_POINT('',#4364);
#1300=VERTEX_POINT('',#4368);
#1301=VERTEX_POINT('',#4372);
#1302=VERTEX_POINT('',#4376);
#1303=VERTEX_POINT('',#4380);
#1304=VERTEX_POINT('',#4384);
#1305=VERTEX_POINT('',#4388);
#1306=VERTEX_POINT('',#4390);
#1307=VERTEX_POINT('',#4399);
#1308=VERTEX_POINT('',#4400);
#1309=VERTEX_POINT('',#4402);
#1310=VERTEX_POINT('',#4404);
#1311=VERTEX_POINT('',#4413);
#1312=VERTEX_POINT('',#4414);
#1313=VERTEX_POINT('',#4416);
#1314=VERTEX_POINT('',#4418);
#1315=VERTEX_POINT('',#4420);
#1316=VERTEX_POINT('',#4422);
#1317=VERTEX_POINT('',#4426);
#1318=VERTEX_POINT('',#4427);
#1319=VERTEX_POINT('',#4432);
#1320=VERTEX_POINT('',#4433);
#1321=VERTEX_POINT('',#4436);
#1322=VERTEX_POINT('',#4438);
#1323=VERTEX_POINT('',#4442);
#1324=VERTEX_POINT('',#4444);
#1325=VERTEX_POINT('',#4448);
#1326=VERTEX_POINT('',#4449);
#1327=VERTEX_POINT('',#4451);
#1328=VERTEX_POINT('',#4453);
#1329=VERTEX_POINT('',#4457);
#1330=VERTEX_POINT('',#4459);
#1331=VERTEX_POINT('',#4463);
#1332=VERTEX_POINT('',#4465);
#1333=VERTEX_POINT('',#4469);
#1334=VERTEX_POINT('',#4471);
#1335=VERTEX_POINT('',#4475);
#1336=VERTEX_POINT('',#4477);
#1337=VERTEX_POINT('',#4481);
#1338=VERTEX_POINT('',#4483);
#1339=VERTEX_POINT('',#4487);
#1340=VERTEX_POINT('',#4489);
#1341=VERTEX_POINT('',#4493);
#1342=VERTEX_POINT('',#4495);
#1343=VERTEX_POINT('',#4499);
#1344=VERTEX_POINT('',#4501);
#1345=VERTEX_POINT('',#4505);
#1346=VERTEX_POINT('',#4507);
#1347=VERTEX_POINT('',#4511);
#1348=VERTEX_POINT('',#4513);
#1349=VERTEX_POINT('',#4517);
#1350=VERTEX_POINT('',#4518);
#1351=VERTEX_POINT('',#4524);
#1352=VERTEX_POINT('',#4528);
#1353=VERTEX_POINT('',#4532);
#1354=VERTEX_POINT('',#4536);
#1355=VERTEX_POINT('',#4540);
#1356=VERTEX_POINT('',#4544);
#1357=VERTEX_POINT('',#4548);
#1358=VERTEX_POINT('',#4552);
#1359=VERTEX_POINT('',#4556);
#1360=VERTEX_POINT('',#4560);
#1361=VERTEX_POINT('',#4564);
#1362=VERTEX_POINT('',#4569);
#1363=EDGE_CURVE('',#1111,#1112,#1091,.T.);
#1364=EDGE_CURVE('',#1113,#1112,#375,.T.);
#1365=EDGE_CURVE('',#1113,#1114,#1092,.T.);
#1366=EDGE_CURVE('',#1115,#1114,#376,.T.);
#1367=EDGE_CURVE('',#1116,#1115,#377,.T.);
#1368=EDGE_CURVE('',#1116,#1111,#378,.T.);
#1369=EDGE_CURVE('',#1117,#1111,#1093,.T.);
#1370=EDGE_CURVE('',#1118,#1117,#379,.T.);
#1371=EDGE_CURVE('',#1119,#1118,#1094,.T.);
#1372=EDGE_CURVE('',#1120,#1119,#1095,.T.);
#1373=EDGE_CURVE('',#1112,#1120,#380,.T.);
#1374=EDGE_CURVE('',#1121,#1119,#381,.T.);
#1375=EDGE_CURVE('',#1122,#1121,#382,.T.);
#1376=EDGE_CURVE('',#1122,#1123,#383,.T.);
#1377=EDGE_CURVE('',#1123,#1124,#1096,.T.);
#1378=EDGE_CURVE('',#1120,#1124,#384,.T.);
#1379=EDGE_CURVE('',#1124,#1113,#385,.T.);
#1380=EDGE_CURVE('',#1125,#1126,#386,.T.);
#1381=EDGE_CURVE('',#1114,#1125,#1097,.T.);
#1382=EDGE_CURVE('',#1126,#1123,#1098,.T.);
#1383=EDGE_CURVE('',#1127,#1127,#29,.T.);
#1384=EDGE_CURVE('',#1127,#1128,#387,.T.);
#1385=EDGE_CURVE('',#1128,#1128,#30,.T.);
#1386=EDGE_CURVE('',#1129,#1129,#31,.T.);
#1387=EDGE_CURVE('',#1129,#1130,#388,.T.);
#1388=EDGE_CURVE('',#1130,#1130,#32,.T.);
#1389=EDGE_CURVE('',#1131,#1132,#389,.T.);
#1390=EDGE_CURVE('',#1132,#1133,#390,.T.);
#1391=EDGE_CURVE('',#1133,#1134,#391,.T.);
#1392=EDGE_CURVE('',#1134,#1131,#392,.T.);
#1393=EDGE_CURVE('',#1135,#1132,#393,.T.);
#1394=EDGE_CURVE('',#1136,#1135,#394,.T.);
#1395=EDGE_CURVE('',#1136,#1133,#395,.T.);
#1396=EDGE_CURVE('',#1137,#1138,#396,.T.);
#1397=EDGE_CURVE('',#1138,#1139,#397,.T.);
#1398=EDGE_CURVE('',#1139,#1140,#398,.T.);
#1399=EDGE_CURVE('',#1140,#1137,#399,.T.);
#1400=EDGE_CURVE('',#1138,#1141,#400,.T.);
#1401=EDGE_CURVE('',#1142,#1141,#401,.T.);
#1402=EDGE_CURVE('',#1139,#1142,#402,.T.);
#1403=EDGE_CURVE('',#1143,#1144,#403,.T.);
#1404=EDGE_CURVE('',#1144,#1145,#404,.T.);
#1405=EDGE_CURVE('',#1145,#1146,#405,.T.);
#1406=EDGE_CURVE('',#1146,#1143,#406,.T.);
#1407=EDGE_CURVE('',#1147,#1144,#407,.T.);
#1408=EDGE_CURVE('',#1148,#1147,#408,.T.);
#1409=EDGE_CURVE('',#1148,#1145,#409,.T.);
#1410=EDGE_CURVE('',#1147,#1142,#410,.T.);
#1411=EDGE_CURVE('',#1141,#1148,#411,.T.);
#1412=EDGE_CURVE('',#1149,#1150,#412,.T.);
#1413=EDGE_CURVE('',#1150,#1151,#413,.T.);
#1414=EDGE_CURVE('',#1151,#1152,#414,.T.);
#1415=EDGE_CURVE('',#1152,#1149,#415,.T.);
#1416=EDGE_CURVE('',#1152,#1153,#416,.T.);
#1417=EDGE_CURVE('',#1154,#1153,#417,.T.);
#1418=EDGE_CURVE('',#1149,#1154,#418,.T.);
#1419=EDGE_CURVE('',#1135,#1154,#419,.T.);
#1420=EDGE_CURVE('',#1153,#1136,#420,.T.);
#1421=EDGE_CURVE('',#1116,#1151,#421,.T.);
#1422=EDGE_CURVE('',#1117,#1150,#422,.T.);
#1423=EDGE_CURVE('',#1143,#1125,#423,.T.);
#1424=EDGE_CURVE('',#1146,#1115,#424,.T.);
#1425=EDGE_CURVE('',#1121,#1155,#425,.T.);
#1426=EDGE_CURVE('',#1155,#1156,#426,.T.);
#1427=EDGE_CURVE('',#1156,#1122,#427,.T.);
#1428=EDGE_CURVE('',#1157,#1158,#428,.T.);
#1429=EDGE_CURVE('',#1157,#1159,#429,.T.);
#1430=EDGE_CURVE('',#1160,#1159,#430,.T.);
#1431=EDGE_CURVE('',#1158,#1160,#431,.T.);
#1432=EDGE_CURVE('',#1161,#1162,#432,.T.);
#1433=EDGE_CURVE('',#1162,#1163,#433,.T.);
#1434=EDGE_CURVE('',#1163,#1164,#434,.T.);
#1435=EDGE_CURVE('',#1164,#1161,#435,.T.);
#1436=EDGE_CURVE('',#1155,#1164,#436,.T.);
#1437=EDGE_CURVE('',#1163,#1156,#437,.T.);
#1438=EDGE_CURVE('',#1165,#1166,#438,.T.);
#1439=EDGE_CURVE('',#1165,#1167,#439,.T.);
#1440=EDGE_CURVE('',#1168,#1167,#440,.T.);
#1441=EDGE_CURVE('',#1166,#1168,#441,.T.);
#1442=EDGE_CURVE('',#1169,#1157,#442,.T.);
#1443=EDGE_CURVE('',#1169,#1170,#443,.T.);
#1444=EDGE_CURVE('',#1159,#1170,#444,.T.);
#1445=EDGE_CURVE('',#1171,#1169,#445,.T.);
#1446=EDGE_CURVE('',#1171,#1172,#446,.T.);
#1447=EDGE_CURVE('',#1170,#1172,#447,.T.);
#1448=EDGE_CURVE('',#1166,#1171,#448,.T.);
#1449=EDGE_CURVE('',#1172,#1168,#449,.T.);
#1450=EDGE_CURVE('',#1173,#1174,#450,.T.);
#1451=EDGE_CURVE('',#1174,#1165,#451,.T.);
#1452=EDGE_CURVE('',#1158,#1173,#452,.T.);
#1453=EDGE_CURVE('',#1175,#1176,#453,.T.);
#1454=EDGE_CURVE('',#1177,#1176,#454,.T.);
#1455=EDGE_CURVE('',#1177,#1178,#455,.T.);
#1456=EDGE_CURVE('',#1175,#1178,#456,.T.);
#1457=EDGE_CURVE('',#1179,#1179,#33,.T.);
#1458=EDGE_CURVE('',#1180,#1180,#34,.T.);
#1459=EDGE_CURVE('',#1176,#1173,#457,.T.);
#1460=EDGE_CURVE('',#1174,#1175,#458,.T.);
#1461=EDGE_CURVE('',#1178,#1161,#459,.T.);
#1462=EDGE_CURVE('',#1162,#1177,#460,.T.);
#1463=EDGE_CURVE('',#1181,#1181,#35,.T.);
#1464=EDGE_CURVE('',#1181,#1179,#461,.T.);
#1465=EDGE_CURVE('',#1182,#1182,#36,.T.);
#1466=EDGE_CURVE('',#1182,#1180,#462,.T.);
#1467=EDGE_CURVE('',#1183,#1184,#463,.T.);
#1468=EDGE_CURVE('',#1185,#1183,#464,.T.);
#1469=EDGE_CURVE('',#1186,#1185,#465,.T.);
#1470=EDGE_CURVE('',#1184,#1186,#466,.T.);
#1471=EDGE_CURVE('',#1187,#1183,#467,.T.);
#1472=EDGE_CURVE('',#1187,#1188,#468,.T.);
#1473=EDGE_CURVE('',#1188,#1185,#469,.T.);
#1474=EDGE_CURVE('',#1189,#1187,#470,.T.);
#1475=EDGE_CURVE('',#1190,#1189,#471,.T.);
#1476=EDGE_CURVE('',#1188,#1190,#472,.T.);
#1477=EDGE_CURVE('',#1184,#1191,#473,.T.);
#1478=EDGE_CURVE('',#1186,#1192,#474,.T.);
#1479=EDGE_CURVE('',#1192,#1191,#475,.T.);
#1480=EDGE_CURVE('',#1193,#1194,#476,.T.);
#1481=EDGE_CURVE('',#1195,#1193,#477,.T.);
#1482=EDGE_CURVE('',#1196,#1195,#478,.T.);
#1483=EDGE_CURVE('',#1194,#1196,#479,.T.);
#1484=EDGE_CURVE('',#1194,#1197,#480,.T.);
#1485=EDGE_CURVE('',#1196,#1198,#481,.T.);
#1486=EDGE_CURVE('',#1198,#1197,#482,.T.);
#1487=EDGE_CURVE('',#1191,#1199,#483,.T.);
#1488=EDGE_CURVE('',#1200,#1192,#484,.T.);
#1489=EDGE_CURVE('',#1199,#1200,#485,.T.);
#1490=EDGE_CURVE('',#1199,#1193,#486,.T.);
#1491=EDGE_CURVE('',#1200,#1195,#487,.T.);
#1492=EDGE_CURVE('',#1201,#1202,#488,.T.);
#1493=EDGE_CURVE('',#1203,#1201,#489,.T.);
#1494=EDGE_CURVE('',#1204,#1203,#490,.T.);
#1495=EDGE_CURVE('',#1205,#1204,#491,.T.);
#1496=EDGE_CURVE('',#1206,#1205,#492,.T.);
#1497=EDGE_CURVE('',#1207,#1206,#493,.T.);
#1498=EDGE_CURVE('',#1208,#1207,#494,.T.);
#1499=EDGE_CURVE('',#1209,#1208,#495,.T.);
#1500=EDGE_CURVE('',#1210,#1209,#496,.T.);
#1501=EDGE_CURVE('',#1211,#1210,#497,.T.);
#1502=EDGE_CURVE('',#1212,#1211,#498,.T.);
#1503=EDGE_CURVE('',#1213,#1212,#499,.T.);
#1504=EDGE_CURVE('',#1214,#1213,#500,.T.);
#1505=EDGE_CURVE('',#1202,#1214,#501,.T.);
#1506=EDGE_CURVE('',#1215,#1216,#502,.T.);
#1507=EDGE_CURVE('',#1217,#1215,#503,.T.);
#1508=EDGE_CURVE('',#1218,#1217,#504,.T.);
#1509=EDGE_CURVE('',#1218,#1219,#505,.T.);
#1510=EDGE_CURVE('',#1219,#1220,#506,.T.);
#1511=EDGE_CURVE('',#1220,#1216,#507,.T.);
#1512=EDGE_CURVE('',#1221,#1222,#508,.T.);
#1513=EDGE_CURVE('',#1221,#1223,#509,.T.);
#1514=EDGE_CURVE('',#1223,#1224,#510,.T.);
#1515=EDGE_CURVE('',#1224,#1222,#511,.T.);
#1516=EDGE_CURVE('',#1222,#1225,#512,.T.);
#1517=EDGE_CURVE('',#1226,#1224,#513,.T.);
#1518=EDGE_CURVE('',#1225,#1226,#514,.T.);
#1519=EDGE_CURVE('',#1225,#1189,#515,.T.);
#1520=EDGE_CURVE('',#1226,#1190,#516,.T.);
#1521=EDGE_CURVE('',#1207,#1189,#517,.T.);
#1522=EDGE_CURVE('',#1206,#1225,#518,.T.);
#1523=EDGE_CURVE('',#1221,#1204,#519,.T.);
#1524=EDGE_CURVE('',#1205,#1222,#520,.T.);
#1525=EDGE_CURVE('',#1208,#1187,#521,.T.);
#1526=EDGE_CURVE('',#1209,#1183,#522,.T.);
#1527=EDGE_CURVE('',#1217,#1201,#523,.T.);
#1528=EDGE_CURVE('',#1203,#1215,#524,.T.);
#1529=EDGE_CURVE('',#1210,#1184,#525,.T.);
#1530=EDGE_CURVE('',#1211,#1191,#526,.T.);
#1531=EDGE_CURVE('',#1212,#1199,#527,.T.);
#1532=EDGE_CURVE('',#1213,#1193,#528,.T.);
#1533=EDGE_CURVE('',#1214,#1194,#529,.T.);
#1534=EDGE_CURVE('',#1202,#1197,#530,.T.);
#1535=EDGE_CURVE('',#1197,#1218,#531,.T.);
#1536=EDGE_CURVE('',#1216,#1221,#532,.T.);
#1537=EDGE_CURVE('',#1126,#1160,#533,.T.);
#1538=EDGE_CURVE('',#1167,#1118,#534,.T.);
#1539=EDGE_CURVE('',#1131,#1198,#535,.T.);
#1540=EDGE_CURVE('',#1223,#1140,#536,.T.);
#1541=EDGE_CURVE('',#1137,#1220,#537,.T.);
#1542=EDGE_CURVE('',#1219,#1134,#538,.T.);
#1543=EDGE_CURVE('',#1227,#1228,#539,.T.);
#1544=EDGE_CURVE('',#1227,#1229,#540,.T.);
#1545=EDGE_CURVE('',#1229,#1230,#541,.T.);
#1546=EDGE_CURVE('',#1228,#1230,#542,.T.);
#1547=EDGE_CURVE('',#1228,#1231,#543,.T.);
#1548=EDGE_CURVE('',#1230,#1232,#544,.T.);
#1549=EDGE_CURVE('',#1231,#1232,#545,.T.);
#1550=EDGE_CURVE('',#1233,#1234,#1099,.T.);
#1551=EDGE_CURVE('',#1234,#1235,#546,.T.);
#1552=EDGE_CURVE('',#1236,#1235,#547,.T.);
#1553=EDGE_CURVE('',#1233,#1236,#548,.T.);
#1554=EDGE_CURVE('',#1234,#1237,#549,.T.);
#1555=EDGE_CURVE('',#1238,#1233,#1100,.T.);
#1556=EDGE_CURVE('',#1239,#1238,#550,.T.);
#1557=EDGE_CURVE('',#1240,#1239,#1101,.T.);
#1558=EDGE_CURVE('',#1241,#1240,#37,.T.);
#1559=EDGE_CURVE('',#1242,#1241,#1102,.T.);
#1560=EDGE_CURVE('',#1243,#1242,#551,.T.);
#1561=EDGE_CURVE('',#1244,#1243,#1103,.T.);
#1562=EDGE_CURVE('',#1237,#1244,#1104,.T.);
#1563=EDGE_CURVE('',#1243,#1245,#552,.T.);
#1564=EDGE_CURVE('',#1245,#1246,#1105,.T.);
#1565=EDGE_CURVE('',#1246,#1247,#553,.T.);
#1566=EDGE_CURVE('',#1248,#1247,#554,.T.);
#1567=EDGE_CURVE('',#1244,#1248,#555,.T.);
#1568=EDGE_CURVE('',#1249,#1242,#556,.T.);
#1569=EDGE_CURVE('',#1249,#1245,#557,.T.);
#1570=EDGE_CURVE('',#1250,#1238,#558,.T.);
#1571=EDGE_CURVE('',#1251,#1250,#559,.T.);
#1572=EDGE_CURVE('',#1252,#1251,#560,.T.);
#1573=EDGE_CURVE('',#1253,#1252,#561,.T.);
#1574=EDGE_CURVE('',#1254,#1253,#562,.T.);
#1575=EDGE_CURVE('',#1255,#1254,#563,.T.);
#1576=EDGE_CURVE('',#1239,#1255,#564,.T.);
#1577=EDGE_CURVE('',#1256,#1256,#38,.T.);
#1578=EDGE_CURVE('',#1240,#1257,#565,.T.);
#1579=EDGE_CURVE('',#1257,#1258,#566,.T.);
#1580=EDGE_CURVE('',#1258,#1259,#567,.T.);
#1581=EDGE_CURVE('',#1259,#1241,#568,.T.);
#1582=EDGE_CURVE('',#1260,#1259,#569,.T.);
#1583=EDGE_CURVE('',#1261,#1260,#570,.T.);
#1584=EDGE_CURVE('',#1261,#1249,#1106,.T.);
#1585=EDGE_CURVE('',#1262,#1263,#571,.T.);
#1586=EDGE_CURVE('',#1264,#1263,#572,.T.);
#1587=EDGE_CURVE('',#1265,#1264,#573,.T.);
#1588=EDGE_CURVE('',#1266,#1265,#574,.T.);
#1589=EDGE_CURVE('',#1267,#1266,#575,.T.);
#1590=EDGE_CURVE('',#1268,#1267,#576,.T.);
#1591=EDGE_CURVE('',#1269,#1268,#577,.T.);
#1592=EDGE_CURVE('',#1262,#1269,#578,.T.);
#1593=EDGE_CURVE('',#1270,#1270,#39,.T.);
#1594=EDGE_CURVE('',#1263,#1271,#1107,.T.);
#1595=EDGE_CURVE('',#1272,#1262,#1108,.T.);
#1596=EDGE_CURVE('',#1273,#1272,#1109,.T.);
#1597=EDGE_CURVE('',#1274,#1273,#579,.T.);
#1598=EDGE_CURVE('',#1246,#1274,#1110,.T.);
#1599=EDGE_CURVE('',#1271,#1261,#40,.T.);
#1600=EDGE_CURVE('',#1260,#1275,#580,.T.);
#1601=EDGE_CURVE('',#1275,#1276,#581,.T.);
#1602=EDGE_CURVE('',#1276,#1271,#582,.T.);
#1603=EDGE_CURVE('',#1277,#1272,#583,.T.);
#1604=EDGE_CURVE('',#1278,#1277,#584,.T.);
#1605=EDGE_CURVE('',#1278,#1273,#585,.T.);
#1606=EDGE_CURVE('',#1270,#1279,#586,.T.);
#1607=EDGE_CURVE('',#1279,#1279,#41,.T.);
#1608=EDGE_CURVE('',#1280,#1280,#42,.T.);
#1609=EDGE_CURVE('',#1256,#1281,#587,.T.);
#1610=EDGE_CURVE('',#1281,#1281,#43,.T.);
#1611=EDGE_CURVE('',#1282,#1282,#44,.T.);
#1612=EDGE_CURVE('',#1282,#1283,#588,.T.);
#1613=EDGE_CURVE('',#1283,#1283,#45,.T.);
#1614=EDGE_CURVE('',#1280,#1284,#589,.T.);
#1615=EDGE_CURVE('',#1284,#1284,#46,.T.);
#1616=EDGE_CURVE('',#1285,#1286,#590,.T.);
#1617=EDGE_CURVE('',#1286,#1255,#591,.F.);
#1618=EDGE_CURVE('',#1254,#1285,#592,.T.);
#1619=EDGE_CURVE('',#1253,#1287,#593,.T.);
#1620=EDGE_CURVE('',#1287,#1285,#594,.T.);
#1621=EDGE_CURVE('',#1252,#1288,#595,.T.);
#1622=EDGE_CURVE('',#1288,#1287,#596,.T.);
#1623=EDGE_CURVE('',#1251,#1289,#597,.T.);
#1624=EDGE_CURVE('',#1289,#1288,#598,.T.);
#1625=EDGE_CURVE('',#1250,#1236,#599,.T.);
#1626=EDGE_CURVE('',#1236,#1289,#600,.T.);
#1627=EDGE_CURVE('',#1285,#1290,#601,.T.);
#1628=EDGE_CURVE('',#1290,#1291,#602,.T.);
#1629=EDGE_CURVE('',#1291,#1286,#603,.T.);
#1630=EDGE_CURVE('',#1292,#1287,#604,.T.);
#1631=EDGE_CURVE('',#1292,#1290,#605,.T.);
#1632=EDGE_CURVE('',#1288,#1293,#606,.T.);
#1633=EDGE_CURVE('',#1293,#1292,#607,.T.);
#1634=EDGE_CURVE('',#1294,#1289,#608,.T.);
#1635=EDGE_CURVE('',#1294,#1293,#609,.T.);
#1636=EDGE_CURVE('',#1235,#1294,#610,.T.);
#1637=EDGE_CURVE('',#1269,#1277,#611,.T.);
#1638=EDGE_CURVE('',#1295,#1277,#612,.T.);
#1639=EDGE_CURVE('',#1268,#1295,#613,.T.);
#1640=EDGE_CURVE('',#1296,#1295,#614,.T.);
#1641=EDGE_CURVE('',#1267,#1296,#615,.T.);
#1642=EDGE_CURVE('',#1297,#1296,#616,.T.);
#1643=EDGE_CURVE('',#1266,#1297,#617,.T.);
#1644=EDGE_CURVE('',#1298,#1297,#618,.T.);
#1645=EDGE_CURVE('',#1265,#1298,#619,.T.);
#1646=EDGE_CURVE('',#1264,#1299,#620,.F.);
#1647=EDGE_CURVE('',#1299,#1298,#621,.T.);
#1648=EDGE_CURVE('',#1295,#1300,#622,.T.);
#1649=EDGE_CURVE('',#1300,#1278,#623,.T.);
#1650=EDGE_CURVE('',#1301,#1296,#624,.T.);
#1651=EDGE_CURVE('',#1301,#1300,#625,.T.);
#1652=EDGE_CURVE('',#1297,#1302,#626,.T.);
#1653=EDGE_CURVE('',#1302,#1301,#627,.T.);
#1654=EDGE_CURVE('',#1303,#1298,#628,.T.);
#1655=EDGE_CURVE('',#1303,#1302,#629,.T.);
#1656=EDGE_CURVE('',#1299,#1304,#630,.T.);
#1657=EDGE_CURVE('',#1304,#1303,#631,.T.);
#1658=EDGE_CURVE('',#1305,#1258,#632,.T.);
#1659=EDGE_CURVE('',#1305,#1306,#633,.T.);
#1660=EDGE_CURVE('',#1306,#1275,#634,.T.);
#1661=EDGE_CURVE('',#1257,#1228,#635,.T.);
#1662=EDGE_CURVE('',#1291,#1227,#636,.T.);
#1663=EDGE_CURVE('',#1231,#1305,#637,.T.);
#1664=EDGE_CURVE('',#1307,#1308,#638,.T.);
#1665=EDGE_CURVE('',#1309,#1308,#639,.T.);
#1666=EDGE_CURVE('',#1309,#1310,#640,.T.);
#1667=EDGE_CURVE('',#1310,#1307,#641,.T.);
#1668=EDGE_CURVE('',#1308,#1248,#642,.T.);
#1669=EDGE_CURVE('',#1307,#1237,#643,.T.);
#1670=EDGE_CURVE('',#1247,#1309,#644,.T.);
#1671=EDGE_CURVE('',#1311,#1312,#645,.F.);
#1672=EDGE_CURVE('',#1311,#1313,#646,.T.);
#1673=EDGE_CURVE('',#1313,#1314,#647,.T.);
#1674=EDGE_CURVE('',#1314,#1315,#648,.T.);
#1675=EDGE_CURVE('',#1316,#1315,#649,.T.);
#1676=EDGE_CURVE('',#1312,#1316,#650,.T.);
#1677=EDGE_CURVE('',#1317,#1318,#651,.T.);
#1678=EDGE_CURVE('',#1314,#1317,#652,.T.);
#1679=EDGE_CURVE('',#1313,#1318,#653,.T.);
#1680=EDGE_CURVE('',#1319,#1320,#654,.T.);
#1681=EDGE_CURVE('',#1319,#1317,#655,.T.);
#1682=EDGE_CURVE('',#1318,#1321,#656,.T.);
#1683=EDGE_CURVE('',#1322,#1321,#657,.T.);
#1684=EDGE_CURVE('',#1320,#1322,#658,.T.);
#1685=EDGE_CURVE('',#1323,#1322,#659,.T.);
#1686=EDGE_CURVE('',#1323,#1324,#660,.T.);
#1687=EDGE_CURVE('',#1324,#1320,#661,.T.);
#1688=EDGE_CURVE('',#1325,#1326,#662,.T.);
#1689=EDGE_CURVE('',#1325,#1327,#663,.T.);
#1690=EDGE_CURVE('',#1327,#1328,#664,.T.);
#1691=EDGE_CURVE('',#1328,#1326,#665,.T.);
#1692=EDGE_CURVE('',#1326,#1329,#666,.T.);
#1693=EDGE_CURVE('',#1328,#1330,#667,.T.);
#1694=EDGE_CURVE('',#1329,#1330,#668,.T.);
#1695=EDGE_CURVE('',#1329,#1331,#669,.T.);
#1696=EDGE_CURVE('',#1330,#1332,#670,.T.);
#1697=EDGE_CURVE('',#1332,#1331,#671,.T.);
#1698=EDGE_CURVE('',#1331,#1333,#672,.T.);
#1699=EDGE_CURVE('',#1332,#1334,#673,.T.);
#1700=EDGE_CURVE('',#1333,#1334,#674,.T.);
#1701=EDGE_CURVE('',#1333,#1335,#675,.T.);
#1702=EDGE_CURVE('',#1334,#1336,#676,.T.);
#1703=EDGE_CURVE('',#1336,#1335,#677,.T.);
#1704=EDGE_CURVE('',#1335,#1337,#678,.T.);
#1705=EDGE_CURVE('',#1336,#1338,#679,.T.);
#1706=EDGE_CURVE('',#1337,#1338,#680,.T.);
#1707=EDGE_CURVE('',#1337,#1339,#681,.T.);
#1708=EDGE_CURVE('',#1338,#1340,#682,.T.);
#1709=EDGE_CURVE('',#1340,#1339,#683,.T.);
#1710=EDGE_CURVE('',#1339,#1341,#684,.T.);
#1711=EDGE_CURVE('',#1340,#1342,#685,.T.);
#1712=EDGE_CURVE('',#1341,#1342,#686,.T.);
#1713=EDGE_CURVE('',#1341,#1343,#687,.T.);
#1714=EDGE_CURVE('',#1342,#1344,#688,.T.);
#1715=EDGE_CURVE('',#1344,#1343,#689,.T.);
#1716=EDGE_CURVE('',#1343,#1345,#690,.T.);
#1717=EDGE_CURVE('',#1344,#1346,#691,.T.);
#1718=EDGE_CURVE('',#1345,#1346,#692,.T.);
#1719=EDGE_CURVE('',#1345,#1347,#693,.T.);
#1720=EDGE_CURVE('',#1346,#1348,#694,.T.);
#1721=EDGE_CURVE('',#1348,#1347,#695,.T.);
#1722=EDGE_CURVE('',#1349,#1350,#696,.T.);
#1723=EDGE_CURVE('',#1316,#1350,#697,.T.);
#1724=EDGE_CURVE('',#1315,#1325,#698,.T.);
#1725=EDGE_CURVE('',#1349,#1325,#699,.T.);
#1726=EDGE_CURVE('',#1351,#1349,#700,.T.);
#1727=EDGE_CURVE('',#1351,#1326,#701,.T.);
#1728=EDGE_CURVE('',#1352,#1351,#702,.T.);
#1729=EDGE_CURVE('',#1352,#1329,#703,.T.);
#1730=EDGE_CURVE('',#1353,#1352,#704,.T.);
#1731=EDGE_CURVE('',#1353,#1331,#705,.T.);
#1732=EDGE_CURVE('',#1354,#1353,#706,.T.);
#1733=EDGE_CURVE('',#1354,#1333,#707,.T.);
#1734=EDGE_CURVE('',#1355,#1354,#708,.T.);
#1735=EDGE_CURVE('',#1355,#1335,#709,.T.);
#1736=EDGE_CURVE('',#1356,#1355,#710,.T.);
#1737=EDGE_CURVE('',#1356,#1337,#711,.T.);
#1738=EDGE_CURVE('',#1357,#1356,#712,.T.);
#1739=EDGE_CURVE('',#1357,#1339,#713,.T.);
#1740=EDGE_CURVE('',#1358,#1357,#714,.T.);
#1741=EDGE_CURVE('',#1358,#1341,#715,.T.);
#1742=EDGE_CURVE('',#1359,#1358,#716,.T.);
#1743=EDGE_CURVE('',#1359,#1343,#717,.T.);
#1744=EDGE_CURVE('',#1360,#1359,#718,.T.);
#1745=EDGE_CURVE('',#1360,#1345,#719,.T.);
#1746=EDGE_CURVE('',#1361,#1360,#720,.T.);
#1747=EDGE_CURVE('',#1361,#1347,#721,.T.);
#1748=EDGE_CURVE('',#1347,#1311,#722,.T.);
#1749=EDGE_CURVE('',#1362,#1312,#723,.T.);
#1750=EDGE_CURVE('',#1362,#1361,#724,.T.);
#1751=EDGE_CURVE('',#1350,#1362,#725,.T.);
#1752=EDGE_CURVE('',#1274,#1310,#726,.T.);
#1753=EDGE_CURVE('',#1321,#1276,#727,.T.);
#1754=EDGE_CURVE('',#1348,#1304,#728,.T.);
#1755=EDGE_CURVE('',#1229,#1327,#729,.T.);
#1756=EDGE_CURVE('',#1230,#1319,#730,.T.);
#1757=EDGE_CURVE('',#1324,#1232,#731,.T.);
#1758=EDGE_CURVE('',#1306,#1323,#732,.T.);
#1759=ORIENTED_EDGE('',*,*,#1363,.T.);
#1760=ORIENTED_EDGE('',*,*,#1364,.F.);
#1761=ORIENTED_EDGE('',*,*,#1365,.T.);
#1762=ORIENTED_EDGE('',*,*,#1366,.F.);
#1763=ORIENTED_EDGE('',*,*,#1367,.F.);
#1764=ORIENTED_EDGE('',*,*,#1368,.T.);
#1765=ORIENTED_EDGE('',*,*,#1363,.F.);
#1766=ORIENTED_EDGE('',*,*,#1369,.F.);
#1767=ORIENTED_EDGE('',*,*,#1370,.F.);
#1768=ORIENTED_EDGE('',*,*,#1371,.F.);
#1769=ORIENTED_EDGE('',*,*,#1372,.F.);
#1770=ORIENTED_EDGE('',*,*,#1373,.F.);
#1771=ORIENTED_EDGE('',*,*,#1372,.T.);
#1772=ORIENTED_EDGE('',*,*,#1374,.F.);
#1773=ORIENTED_EDGE('',*,*,#1375,.F.);
#1774=ORIENTED_EDGE('',*,*,#1376,.T.);
#1775=ORIENTED_EDGE('',*,*,#1377,.T.);
#1776=ORIENTED_EDGE('',*,*,#1378,.F.);
#1777=ORIENTED_EDGE('',*,*,#1373,.T.);
#1778=ORIENTED_EDGE('',*,*,#1378,.T.);
#1779=ORIENTED_EDGE('',*,*,#1379,.T.);
#1780=ORIENTED_EDGE('',*,*,#1364,.T.);
#1781=ORIENTED_EDGE('',*,*,#1380,.F.);
#1782=ORIENTED_EDGE('',*,*,#1381,.F.);
#1783=ORIENTED_EDGE('',*,*,#1365,.F.);
#1784=ORIENTED_EDGE('',*,*,#1379,.F.);
#1785=ORIENTED_EDGE('',*,*,#1377,.F.);
#1786=ORIENTED_EDGE('',*,*,#1382,.F.);
#1787=ORIENTED_EDGE('',*,*,#1383,.F.);
#1788=ORIENTED_EDGE('',*,*,#1384,.T.);
#1789=ORIENTED_EDGE('',*,*,#1385,.F.);
#1790=ORIENTED_EDGE('',*,*,#1384,.F.);
#1791=ORIENTED_EDGE('',*,*,#1386,.F.);
#1792=ORIENTED_EDGE('',*,*,#1387,.T.);
#1793=ORIENTED_EDGE('',*,*,#1388,.F.);
#1794=ORIENTED_EDGE('',*,*,#1387,.F.);
#1795=ORIENTED_EDGE('',*,*,#1389,.T.);
#1796=ORIENTED_EDGE('',*,*,#1390,.T.);
#1797=ORIENTED_EDGE('',*,*,#1391,.T.);
#1798=ORIENTED_EDGE('',*,*,#1392,.T.);
#1799=ORIENTED_EDGE('',*,*,#1390,.F.);
#1800=ORIENTED_EDGE('',*,*,#1393,.F.);
#1801=ORIENTED_EDGE('',*,*,#1394,.F.);
#1802=ORIENTED_EDGE('',*,*,#1395,.T.);
#1803=ORIENTED_EDGE('',*,*,#1396,.T.);
#1804=ORIENTED_EDGE('',*,*,#1397,.T.);
#1805=ORIENTED_EDGE('',*,*,#1398,.T.);
#1806=ORIENTED_EDGE('',*,*,#1399,.T.);
#1807=ORIENTED_EDGE('',*,*,#1397,.F.);
#1808=ORIENTED_EDGE('',*,*,#1400,.T.);
#1809=ORIENTED_EDGE('',*,*,#1401,.F.);
#1810=ORIENTED_EDGE('',*,*,#1402,.F.);
#1811=ORIENTED_EDGE('',*,*,#1403,.T.);
#1812=ORIENTED_EDGE('',*,*,#1404,.T.);
#1813=ORIENTED_EDGE('',*,*,#1405,.T.);
#1814=ORIENTED_EDGE('',*,*,#1406,.T.);
#1815=ORIENTED_EDGE('',*,*,#1404,.F.);
#1816=ORIENTED_EDGE('',*,*,#1407,.F.);
#1817=ORIENTED_EDGE('',*,*,#1408,.F.);
#1818=ORIENTED_EDGE('',*,*,#1409,.T.);
#1819=ORIENTED_EDGE('',*,*,#1410,.T.);
#1820=ORIENTED_EDGE('',*,*,#1401,.T.);
#1821=ORIENTED_EDGE('',*,*,#1411,.T.);
#1822=ORIENTED_EDGE('',*,*,#1408,.T.);
#1823=ORIENTED_EDGE('',*,*,#1412,.T.);
#1824=ORIENTED_EDGE('',*,*,#1413,.T.);
#1825=ORIENTED_EDGE('',*,*,#1414,.T.);
#1826=ORIENTED_EDGE('',*,*,#1415,.T.);
#1827=ORIENTED_EDGE('',*,*,#1415,.F.);
#1828=ORIENTED_EDGE('',*,*,#1416,.T.);
#1829=ORIENTED_EDGE('',*,*,#1417,.F.);
#1830=ORIENTED_EDGE('',*,*,#1418,.F.);
#1831=ORIENTED_EDGE('',*,*,#1419,.T.);
#1832=ORIENTED_EDGE('',*,*,#1417,.T.);
#1833=ORIENTED_EDGE('',*,*,#1420,.T.);
#1834=ORIENTED_EDGE('',*,*,#1394,.T.);
#1835=ORIENTED_EDGE('',*,*,#1369,.T.);
#1836=ORIENTED_EDGE('',*,*,#1368,.F.);
#1837=ORIENTED_EDGE('',*,*,#1421,.T.);
#1838=ORIENTED_EDGE('',*,*,#1413,.F.);
#1839=ORIENTED_EDGE('',*,*,#1422,.F.);
#1840=ORIENTED_EDGE('',*,*,#1381,.T.);
#1841=ORIENTED_EDGE('',*,*,#1423,.F.);
#1842=ORIENTED_EDGE('',*,*,#1406,.F.);
#1843=ORIENTED_EDGE('',*,*,#1424,.T.);
#1844=ORIENTED_EDGE('',*,*,#1366,.T.);
#1845=ORIENTED_EDGE('',*,*,#1425,.T.);
#1846=ORIENTED_EDGE('',*,*,#1426,.T.);
#1847=ORIENTED_EDGE('',*,*,#1427,.T.);
#1848=ORIENTED_EDGE('',*,*,#1375,.T.);
#1849=ORIENTED_EDGE('',*,*,#1428,.F.);
#1850=ORIENTED_EDGE('',*,*,#1429,.T.);
#1851=ORIENTED_EDGE('',*,*,#1430,.F.);
#1852=ORIENTED_EDGE('',*,*,#1431,.F.);
#1853=ORIENTED_EDGE('',*,*,#1432,.T.);
#1854=ORIENTED_EDGE('',*,*,#1433,.T.);
#1855=ORIENTED_EDGE('',*,*,#1434,.T.);
#1856=ORIENTED_EDGE('',*,*,#1435,.T.);
#1857=ORIENTED_EDGE('',*,*,#1436,.T.);
#1858=ORIENTED_EDGE('',*,*,#1434,.F.);
#1859=ORIENTED_EDGE('',*,*,#1437,.T.);
#1860=ORIENTED_EDGE('',*,*,#1426,.F.);
#1861=ORIENTED_EDGE('',*,*,#1438,.F.);
#1862=ORIENTED_EDGE('',*,*,#1439,.T.);
#1863=ORIENTED_EDGE('',*,*,#1440,.F.);
#1864=ORIENTED_EDGE('',*,*,#1441,.F.);
#1865=ORIENTED_EDGE('',*,*,#1442,.F.);
#1866=ORIENTED_EDGE('',*,*,#1443,.T.);
#1867=ORIENTED_EDGE('',*,*,#1444,.F.);
#1868=ORIENTED_EDGE('',*,*,#1429,.F.);
#1869=ORIENTED_EDGE('',*,*,#1445,.F.);
#1870=ORIENTED_EDGE('',*,*,#1446,.T.);
#1871=ORIENTED_EDGE('',*,*,#1447,.F.);
#1872=ORIENTED_EDGE('',*,*,#1443,.F.);
#1873=ORIENTED_EDGE('',*,*,#1448,.F.);
#1874=ORIENTED_EDGE('',*,*,#1441,.T.);
#1875=ORIENTED_EDGE('',*,*,#1449,.F.);
#1876=ORIENTED_EDGE('',*,*,#1446,.F.);
#1877=ORIENTED_EDGE('',*,*,#1450,.T.);
#1878=ORIENTED_EDGE('',*,*,#1451,.T.);
#1879=ORIENTED_EDGE('',*,*,#1438,.T.);
#1880=ORIENTED_EDGE('',*,*,#1448,.T.);
#1881=ORIENTED_EDGE('',*,*,#1445,.T.);
#1882=ORIENTED_EDGE('',*,*,#1442,.T.);
#1883=ORIENTED_EDGE('',*,*,#1428,.T.);
#1884=ORIENTED_EDGE('',*,*,#1452,.T.);
#1885=ORIENTED_EDGE('',*,*,#1453,.T.);
#1886=ORIENTED_EDGE('',*,*,#1454,.F.);
#1887=ORIENTED_EDGE('',*,*,#1455,.T.);
#1888=ORIENTED_EDGE('',*,*,#1456,.F.);
#1889=ORIENTED_EDGE('',*,*,#1457,.T.);
#1890=ORIENTED_EDGE('',*,*,#1458,.T.);
#1891=ORIENTED_EDGE('',*,*,#1450,.F.);
#1892=ORIENTED_EDGE('',*,*,#1459,.F.);
#1893=ORIENTED_EDGE('',*,*,#1453,.F.);
#1894=ORIENTED_EDGE('',*,*,#1460,.F.);
#1895=ORIENTED_EDGE('',*,*,#1432,.F.);
#1896=ORIENTED_EDGE('',*,*,#1461,.F.);
#1897=ORIENTED_EDGE('',*,*,#1455,.F.);
#1898=ORIENTED_EDGE('',*,*,#1462,.F.);
#1899=ORIENTED_EDGE('',*,*,#1463,.T.);
#1900=ORIENTED_EDGE('',*,*,#1463,.F.);
#1901=ORIENTED_EDGE('',*,*,#1464,.T.);
#1902=ORIENTED_EDGE('',*,*,#1457,.F.);
#1903=ORIENTED_EDGE('',*,*,#1464,.F.);
#1904=ORIENTED_EDGE('',*,*,#1465,.T.);
#1905=ORIENTED_EDGE('',*,*,#1465,.F.);
#1906=ORIENTED_EDGE('',*,*,#1466,.T.);
#1907=ORIENTED_EDGE('',*,*,#1458,.F.);
#1908=ORIENTED_EDGE('',*,*,#1466,.F.);
#1909=ORIENTED_EDGE('',*,*,#1467,.F.);
#1910=ORIENTED_EDGE('',*,*,#1468,.F.);
#1911=ORIENTED_EDGE('',*,*,#1469,.F.);
#1912=ORIENTED_EDGE('',*,*,#1470,.F.);
#1913=ORIENTED_EDGE('',*,*,#1471,.F.);
#1914=ORIENTED_EDGE('',*,*,#1472,.T.);
#1915=ORIENTED_EDGE('',*,*,#1473,.T.);
#1916=ORIENTED_EDGE('',*,*,#1468,.T.);
#1917=ORIENTED_EDGE('',*,*,#1474,.F.);
#1918=ORIENTED_EDGE('',*,*,#1475,.F.);
#1919=ORIENTED_EDGE('',*,*,#1476,.F.);
#1920=ORIENTED_EDGE('',*,*,#1472,.F.);
#1921=ORIENTED_EDGE('',*,*,#1477,.F.);
#1922=ORIENTED_EDGE('',*,*,#1470,.T.);
#1923=ORIENTED_EDGE('',*,*,#1478,.T.);
#1924=ORIENTED_EDGE('',*,*,#1479,.T.);
#1925=ORIENTED_EDGE('',*,*,#1480,.F.);
#1926=ORIENTED_EDGE('',*,*,#1481,.F.);
#1927=ORIENTED_EDGE('',*,*,#1482,.F.);
#1928=ORIENTED_EDGE('',*,*,#1483,.F.);
#1929=ORIENTED_EDGE('',*,*,#1484,.F.);
#1930=ORIENTED_EDGE('',*,*,#1483,.T.);
#1931=ORIENTED_EDGE('',*,*,#1485,.T.);
#1932=ORIENTED_EDGE('',*,*,#1486,.T.);
#1933=ORIENTED_EDGE('',*,*,#1487,.F.);
#1934=ORIENTED_EDGE('',*,*,#1479,.F.);
#1935=ORIENTED_EDGE('',*,*,#1488,.F.);
#1936=ORIENTED_EDGE('',*,*,#1489,.F.);
#1937=ORIENTED_EDGE('',*,*,#1490,.F.);
#1938=ORIENTED_EDGE('',*,*,#1489,.T.);
#1939=ORIENTED_EDGE('',*,*,#1491,.T.);
#1940=ORIENTED_EDGE('',*,*,#1481,.T.);
#1941=ORIENTED_EDGE('',*,*,#1492,.F.);
#1942=ORIENTED_EDGE('',*,*,#1493,.F.);
#1943=ORIENTED_EDGE('',*,*,#1494,.F.);
#1944=ORIENTED_EDGE('',*,*,#1495,.F.);
#1945=ORIENTED_EDGE('',*,*,#1496,.F.);
#1946=ORIENTED_EDGE('',*,*,#1497,.F.);
#1947=ORIENTED_EDGE('',*,*,#1498,.F.);
#1948=ORIENTED_EDGE('',*,*,#1499,.F.);
#1949=ORIENTED_EDGE('',*,*,#1500,.F.);
#1950=ORIENTED_EDGE('',*,*,#1501,.F.);
#1951=ORIENTED_EDGE('',*,*,#1502,.F.);
#1952=ORIENTED_EDGE('',*,*,#1503,.F.);
#1953=ORIENTED_EDGE('',*,*,#1504,.F.);
#1954=ORIENTED_EDGE('',*,*,#1505,.F.);
#1955=ORIENTED_EDGE('',*,*,#1506,.F.);
#1956=ORIENTED_EDGE('',*,*,#1507,.F.);
#1957=ORIENTED_EDGE('',*,*,#1508,.F.);
#1958=ORIENTED_EDGE('',*,*,#1509,.T.);
#1959=ORIENTED_EDGE('',*,*,#1510,.T.);
#1960=ORIENTED_EDGE('',*,*,#1511,.T.);
#1961=ORIENTED_EDGE('',*,*,#1512,.F.);
#1962=ORIENTED_EDGE('',*,*,#1513,.T.);
#1963=ORIENTED_EDGE('',*,*,#1514,.T.);
#1964=ORIENTED_EDGE('',*,*,#1515,.T.);
#1965=ORIENTED_EDGE('',*,*,#1516,.F.);
#1966=ORIENTED_EDGE('',*,*,#1515,.F.);
#1967=ORIENTED_EDGE('',*,*,#1517,.F.);
#1968=ORIENTED_EDGE('',*,*,#1518,.F.);
#1969=ORIENTED_EDGE('',*,*,#1519,.F.);
#1970=ORIENTED_EDGE('',*,*,#1518,.T.);
#1971=ORIENTED_EDGE('',*,*,#1520,.T.);
#1972=ORIENTED_EDGE('',*,*,#1475,.T.);
#1973=ORIENTED_EDGE('',*,*,#1519,.T.);
#1974=ORIENTED_EDGE('',*,*,#1521,.F.);
#1975=ORIENTED_EDGE('',*,*,#1497,.T.);
#1976=ORIENTED_EDGE('',*,*,#1522,.T.);
#1977=ORIENTED_EDGE('',*,*,#1495,.T.);
#1978=ORIENTED_EDGE('',*,*,#1523,.F.);
#1979=ORIENTED_EDGE('',*,*,#1512,.T.);
#1980=ORIENTED_EDGE('',*,*,#1524,.F.);
#1981=ORIENTED_EDGE('',*,*,#1474,.T.);
#1982=ORIENTED_EDGE('',*,*,#1525,.F.);
#1983=ORIENTED_EDGE('',*,*,#1498,.T.);
#1984=ORIENTED_EDGE('',*,*,#1521,.T.);
#1985=ORIENTED_EDGE('',*,*,#1471,.T.);
#1986=ORIENTED_EDGE('',*,*,#1526,.F.);
#1987=ORIENTED_EDGE('',*,*,#1499,.T.);
#1988=ORIENTED_EDGE('',*,*,#1525,.T.);
#1989=ORIENTED_EDGE('',*,*,#1493,.T.);
#1990=ORIENTED_EDGE('',*,*,#1527,.F.);
#1991=ORIENTED_EDGE('',*,*,#1507,.T.);
#1992=ORIENTED_EDGE('',*,*,#1528,.F.);
#1993=ORIENTED_EDGE('',*,*,#1467,.T.);
#1994=ORIENTED_EDGE('',*,*,#1529,.F.);
#1995=ORIENTED_EDGE('',*,*,#1500,.T.);
#1996=ORIENTED_EDGE('',*,*,#1526,.T.);
#1997=ORIENTED_EDGE('',*,*,#1477,.T.);
#1998=ORIENTED_EDGE('',*,*,#1530,.F.);
#1999=ORIENTED_EDGE('',*,*,#1501,.T.);
#2000=ORIENTED_EDGE('',*,*,#1529,.T.);
#2001=ORIENTED_EDGE('',*,*,#1487,.T.);
#2002=ORIENTED_EDGE('',*,*,#1531,.F.);
#2003=ORIENTED_EDGE('',*,*,#1502,.T.);
#2004=ORIENTED_EDGE('',*,*,#1530,.T.);
#2005=ORIENTED_EDGE('',*,*,#1490,.T.);
#2006=ORIENTED_EDGE('',*,*,#1532,.F.);
#2007=ORIENTED_EDGE('',*,*,#1503,.T.);
#2008=ORIENTED_EDGE('',*,*,#1531,.T.);
#2009=ORIENTED_EDGE('',*,*,#1504,.T.);
#2010=ORIENTED_EDGE('',*,*,#1532,.T.);
#2011=ORIENTED_EDGE('',*,*,#1480,.T.);
#2012=ORIENTED_EDGE('',*,*,#1533,.F.);
#2013=ORIENTED_EDGE('',*,*,#1505,.T.);
#2014=ORIENTED_EDGE('',*,*,#1533,.T.);
#2015=ORIENTED_EDGE('',*,*,#1484,.T.);
#2016=ORIENTED_EDGE('',*,*,#1534,.F.);
#2017=ORIENTED_EDGE('',*,*,#1492,.T.);
#2018=ORIENTED_EDGE('',*,*,#1534,.T.);
#2019=ORIENTED_EDGE('',*,*,#1535,.T.);
#2020=ORIENTED_EDGE('',*,*,#1508,.T.);
#2021=ORIENTED_EDGE('',*,*,#1527,.T.);
#2022=ORIENTED_EDGE('',*,*,#1494,.T.);
#2023=ORIENTED_EDGE('',*,*,#1528,.T.);
#2024=ORIENTED_EDGE('',*,*,#1506,.T.);
#2025=ORIENTED_EDGE('',*,*,#1536,.T.);
#2026=ORIENTED_EDGE('',*,*,#1523,.T.);
#2027=ORIENTED_EDGE('',*,*,#1496,.T.);
#2028=ORIENTED_EDGE('',*,*,#1524,.T.);
#2029=ORIENTED_EDGE('',*,*,#1516,.T.);
#2030=ORIENTED_EDGE('',*,*,#1522,.F.);
#2031=ORIENTED_EDGE('',*,*,#1427,.F.);
#2032=ORIENTED_EDGE('',*,*,#1437,.F.);
#2033=ORIENTED_EDGE('',*,*,#1433,.F.);
#2034=ORIENTED_EDGE('',*,*,#1462,.T.);
#2035=ORIENTED_EDGE('',*,*,#1454,.T.);
#2036=ORIENTED_EDGE('',*,*,#1459,.T.);
#2037=ORIENTED_EDGE('',*,*,#1452,.F.);
#2038=ORIENTED_EDGE('',*,*,#1431,.T.);
#2039=ORIENTED_EDGE('',*,*,#1537,.F.);
#2040=ORIENTED_EDGE('',*,*,#1382,.T.);
#2041=ORIENTED_EDGE('',*,*,#1376,.F.);
#2042=ORIENTED_EDGE('',*,*,#1538,.F.);
#2043=ORIENTED_EDGE('',*,*,#1439,.F.);
#2044=ORIENTED_EDGE('',*,*,#1451,.F.);
#2045=ORIENTED_EDGE('',*,*,#1460,.T.);
#2046=ORIENTED_EDGE('',*,*,#1456,.T.);
#2047=ORIENTED_EDGE('',*,*,#1461,.T.);
#2048=ORIENTED_EDGE('',*,*,#1435,.F.);
#2049=ORIENTED_EDGE('',*,*,#1436,.F.);
#2050=ORIENTED_EDGE('',*,*,#1425,.F.);
#2051=ORIENTED_EDGE('',*,*,#1374,.T.);
#2052=ORIENTED_EDGE('',*,*,#1371,.T.);
#2053=ORIENTED_EDGE('',*,*,#1539,.T.);
#2054=ORIENTED_EDGE('',*,*,#1485,.F.);
#2055=ORIENTED_EDGE('',*,*,#1482,.T.);
#2056=ORIENTED_EDGE('',*,*,#1491,.F.);
#2057=ORIENTED_EDGE('',*,*,#1488,.T.);
#2058=ORIENTED_EDGE('',*,*,#1478,.F.);
#2059=ORIENTED_EDGE('',*,*,#1469,.T.);
#2060=ORIENTED_EDGE('',*,*,#1473,.F.);
#2061=ORIENTED_EDGE('',*,*,#1476,.T.);
#2062=ORIENTED_EDGE('',*,*,#1520,.F.);
#2063=ORIENTED_EDGE('',*,*,#1517,.T.);
#2064=ORIENTED_EDGE('',*,*,#1514,.F.);
#2065=ORIENTED_EDGE('',*,*,#1540,.T.);
#2066=ORIENTED_EDGE('',*,*,#1398,.F.);
#2067=ORIENTED_EDGE('',*,*,#1402,.T.);
#2068=ORIENTED_EDGE('',*,*,#1410,.F.);
#2069=ORIENTED_EDGE('',*,*,#1407,.T.);
#2070=ORIENTED_EDGE('',*,*,#1403,.F.);
#2071=ORIENTED_EDGE('',*,*,#1423,.T.);
#2072=ORIENTED_EDGE('',*,*,#1380,.T.);
#2073=ORIENTED_EDGE('',*,*,#1537,.T.);
#2074=ORIENTED_EDGE('',*,*,#1430,.T.);
#2075=ORIENTED_EDGE('',*,*,#1444,.T.);
#2076=ORIENTED_EDGE('',*,*,#1447,.T.);
#2077=ORIENTED_EDGE('',*,*,#1449,.T.);
#2078=ORIENTED_EDGE('',*,*,#1440,.T.);
#2079=ORIENTED_EDGE('',*,*,#1538,.T.);
#2080=ORIENTED_EDGE('',*,*,#1370,.T.);
#2081=ORIENTED_EDGE('',*,*,#1422,.T.);
#2082=ORIENTED_EDGE('',*,*,#1412,.F.);
#2083=ORIENTED_EDGE('',*,*,#1418,.T.);
#2084=ORIENTED_EDGE('',*,*,#1419,.F.);
#2085=ORIENTED_EDGE('',*,*,#1393,.T.);
#2086=ORIENTED_EDGE('',*,*,#1389,.F.);
#2087=ORIENTED_EDGE('',*,*,#1383,.T.);
#2088=ORIENTED_EDGE('',*,*,#1386,.T.);
#2089=ORIENTED_EDGE('',*,*,#1540,.F.);
#2090=ORIENTED_EDGE('',*,*,#1513,.F.);
#2091=ORIENTED_EDGE('',*,*,#1536,.F.);
#2092=ORIENTED_EDGE('',*,*,#1511,.F.);
#2093=ORIENTED_EDGE('',*,*,#1541,.F.);
#2094=ORIENTED_EDGE('',*,*,#1399,.F.);
#2095=ORIENTED_EDGE('',*,*,#1541,.T.);
#2096=ORIENTED_EDGE('',*,*,#1510,.F.);
#2097=ORIENTED_EDGE('',*,*,#1542,.T.);
#2098=ORIENTED_EDGE('',*,*,#1391,.F.);
#2099=ORIENTED_EDGE('',*,*,#1395,.F.);
#2100=ORIENTED_EDGE('',*,*,#1420,.F.);
#2101=ORIENTED_EDGE('',*,*,#1416,.F.);
#2102=ORIENTED_EDGE('',*,*,#1414,.F.);
#2103=ORIENTED_EDGE('',*,*,#1421,.F.);
#2104=ORIENTED_EDGE('',*,*,#1367,.T.);
#2105=ORIENTED_EDGE('',*,*,#1424,.F.);
#2106=ORIENTED_EDGE('',*,*,#1405,.F.);
#2107=ORIENTED_EDGE('',*,*,#1409,.F.);
#2108=ORIENTED_EDGE('',*,*,#1411,.F.);
#2109=ORIENTED_EDGE('',*,*,#1400,.F.);
#2110=ORIENTED_EDGE('',*,*,#1396,.F.);
#2111=ORIENTED_EDGE('',*,*,#1388,.T.);
#2112=ORIENTED_EDGE('',*,*,#1385,.T.);
#2113=ORIENTED_EDGE('',*,*,#1542,.F.);
#2114=ORIENTED_EDGE('',*,*,#1509,.F.);
#2115=ORIENTED_EDGE('',*,*,#1535,.F.);
#2116=ORIENTED_EDGE('',*,*,#1486,.F.);
#2117=ORIENTED_EDGE('',*,*,#1539,.F.);
#2118=ORIENTED_EDGE('',*,*,#1392,.F.);
#2119=ORIENTED_EDGE('',*,*,#1543,.F.);
#2120=ORIENTED_EDGE('',*,*,#1544,.T.);
#2121=ORIENTED_EDGE('',*,*,#1545,.T.);
#2122=ORIENTED_EDGE('',*,*,#1546,.F.);
#2123=ORIENTED_EDGE('',*,*,#1547,.F.);
#2124=ORIENTED_EDGE('',*,*,#1546,.T.);
#2125=ORIENTED_EDGE('',*,*,#1548,.T.);
#2126=ORIENTED_EDGE('',*,*,#1549,.F.);
#2127=ORIENTED_EDGE('',*,*,#1550,.T.);
#2128=ORIENTED_EDGE('',*,*,#1551,.T.);
#2129=ORIENTED_EDGE('',*,*,#1552,.F.);
#2130=ORIENTED_EDGE('',*,*,#1553,.F.);
#2131=ORIENTED_EDGE('',*,*,#1554,.F.);
#2132=ORIENTED_EDGE('',*,*,#1550,.F.);
#2133=ORIENTED_EDGE('',*,*,#1555,.F.);
#2134=ORIENTED_EDGE('',*,*,#1556,.F.);
#2135=ORIENTED_EDGE('',*,*,#1557,.F.);
#2136=ORIENTED_EDGE('',*,*,#1558,.F.);
#2137=ORIENTED_EDGE('',*,*,#1559,.F.);
#2138=ORIENTED_EDGE('',*,*,#1560,.F.);
#2139=ORIENTED_EDGE('',*,*,#1561,.F.);
#2140=ORIENTED_EDGE('',*,*,#1562,.F.);
#2141=ORIENTED_EDGE('',*,*,#1561,.T.);
#2142=ORIENTED_EDGE('',*,*,#1563,.T.);
#2143=ORIENTED_EDGE('',*,*,#1564,.T.);
#2144=ORIENTED_EDGE('',*,*,#1565,.T.);
#2145=ORIENTED_EDGE('',*,*,#1566,.F.);
#2146=ORIENTED_EDGE('',*,*,#1567,.F.);
#2147=ORIENTED_EDGE('',*,*,#1560,.T.);
#2148=ORIENTED_EDGE('',*,*,#1568,.F.);
#2149=ORIENTED_EDGE('',*,*,#1569,.T.);
#2150=ORIENTED_EDGE('',*,*,#1563,.F.);
#2151=ORIENTED_EDGE('',*,*,#1556,.T.);
#2152=ORIENTED_EDGE('',*,*,#1570,.F.);
#2153=ORIENTED_EDGE('',*,*,#1571,.F.);
#2154=ORIENTED_EDGE('',*,*,#1572,.F.);
#2155=ORIENTED_EDGE('',*,*,#1573,.F.);
#2156=ORIENTED_EDGE('',*,*,#1574,.F.);
#2157=ORIENTED_EDGE('',*,*,#1575,.F.);
#2158=ORIENTED_EDGE('',*,*,#1576,.F.);
#2159=ORIENTED_EDGE('',*,*,#1577,.T.);
#2160=ORIENTED_EDGE('',*,*,#1558,.T.);
#2161=ORIENTED_EDGE('',*,*,#1578,.T.);
#2162=ORIENTED_EDGE('',*,*,#1579,.T.);
#2163=ORIENTED_EDGE('',*,*,#1580,.T.);
#2164=ORIENTED_EDGE('',*,*,#1581,.T.);
#2165=ORIENTED_EDGE('',*,*,#1559,.T.);
#2166=ORIENTED_EDGE('',*,*,#1581,.F.);
#2167=ORIENTED_EDGE('',*,*,#1582,.F.);
#2168=ORIENTED_EDGE('',*,*,#1583,.F.);
#2169=ORIENTED_EDGE('',*,*,#1584,.T.);
#2170=ORIENTED_EDGE('',*,*,#1568,.T.);
#2171=ORIENTED_EDGE('',*,*,#1585,.T.);
#2172=ORIENTED_EDGE('',*,*,#1586,.F.);
#2173=ORIENTED_EDGE('',*,*,#1587,.F.);
#2174=ORIENTED_EDGE('',*,*,#1588,.F.);
#2175=ORIENTED_EDGE('',*,*,#1589,.F.);
#2176=ORIENTED_EDGE('',*,*,#1590,.F.);
#2177=ORIENTED_EDGE('',*,*,#1591,.F.);
#2178=ORIENTED_EDGE('',*,*,#1592,.F.);
#2179=ORIENTED_EDGE('',*,*,#1593,.T.);
#2180=ORIENTED_EDGE('',*,*,#1594,.F.);
#2181=ORIENTED_EDGE('',*,*,#1585,.F.);
#2182=ORIENTED_EDGE('',*,*,#1595,.F.);
#2183=ORIENTED_EDGE('',*,*,#1596,.F.);
#2184=ORIENTED_EDGE('',*,*,#1597,.F.);
#2185=ORIENTED_EDGE('',*,*,#1598,.F.);
#2186=ORIENTED_EDGE('',*,*,#1564,.F.);
#2187=ORIENTED_EDGE('',*,*,#1569,.F.);
#2188=ORIENTED_EDGE('',*,*,#1584,.F.);
#2189=ORIENTED_EDGE('',*,*,#1599,.F.);
#2190=ORIENTED_EDGE('',*,*,#1599,.T.);
#2191=ORIENTED_EDGE('',*,*,#1583,.T.);
#2192=ORIENTED_EDGE('',*,*,#1600,.T.);
#2193=ORIENTED_EDGE('',*,*,#1601,.T.);
#2194=ORIENTED_EDGE('',*,*,#1602,.T.);
#2195=ORIENTED_EDGE('',*,*,#1596,.T.);
#2196=ORIENTED_EDGE('',*,*,#1603,.F.);
#2197=ORIENTED_EDGE('',*,*,#1604,.F.);
#2198=ORIENTED_EDGE('',*,*,#1605,.T.);
#2199=ORIENTED_EDGE('',*,*,#1593,.F.);
#2200=ORIENTED_EDGE('',*,*,#1606,.T.);
#2201=ORIENTED_EDGE('',*,*,#1607,.T.);
#2202=ORIENTED_EDGE('',*,*,#1606,.F.);
#2203=ORIENTED_EDGE('',*,*,#1607,.F.);
#2204=ORIENTED_EDGE('',*,*,#1608,.F.);
#2205=ORIENTED_EDGE('',*,*,#1577,.F.);
#2206=ORIENTED_EDGE('',*,*,#1609,.T.);
#2207=ORIENTED_EDGE('',*,*,#1610,.T.);
#2208=ORIENTED_EDGE('',*,*,#1609,.F.);
#2209=ORIENTED_EDGE('',*,*,#1610,.F.);
#2210=ORIENTED_EDGE('',*,*,#1611,.F.);
#2211=ORIENTED_EDGE('',*,*,#1611,.T.);
#2212=ORIENTED_EDGE('',*,*,#1612,.T.);
#2213=ORIENTED_EDGE('',*,*,#1613,.F.);
#2214=ORIENTED_EDGE('',*,*,#1612,.F.);
#2215=ORIENTED_EDGE('',*,*,#1608,.T.);
#2216=ORIENTED_EDGE('',*,*,#1614,.T.);
#2217=ORIENTED_EDGE('',*,*,#1615,.F.);
#2218=ORIENTED_EDGE('',*,*,#1614,.F.);
#2219=ORIENTED_EDGE('',*,*,#1616,.T.);
#2220=ORIENTED_EDGE('',*,*,#1617,.T.);
#2221=ORIENTED_EDGE('',*,*,#1575,.T.);
#2222=ORIENTED_EDGE('',*,*,#1618,.T.);
#2223=ORIENTED_EDGE('',*,*,#1574,.T.);
#2224=ORIENTED_EDGE('',*,*,#1619,.T.);
#2225=ORIENTED_EDGE('',*,*,#1620,.T.);
#2226=ORIENTED_EDGE('',*,*,#1618,.F.);
#2227=ORIENTED_EDGE('',*,*,#1573,.T.);
#2228=ORIENTED_EDGE('',*,*,#1621,.T.);
#2229=ORIENTED_EDGE('',*,*,#1622,.T.);
#2230=ORIENTED_EDGE('',*,*,#1619,.F.);
#2231=ORIENTED_EDGE('',*,*,#1572,.T.);
#2232=ORIENTED_EDGE('',*,*,#1623,.T.);
#2233=ORIENTED_EDGE('',*,*,#1624,.T.);
#2234=ORIENTED_EDGE('',*,*,#1621,.F.);
#2235=ORIENTED_EDGE('',*,*,#1571,.T.);
#2236=ORIENTED_EDGE('',*,*,#1625,.T.);
#2237=ORIENTED_EDGE('',*,*,#1626,.T.);
#2238=ORIENTED_EDGE('',*,*,#1623,.F.);
#2239=ORIENTED_EDGE('',*,*,#1555,.T.);
#2240=ORIENTED_EDGE('',*,*,#1553,.T.);
#2241=ORIENTED_EDGE('',*,*,#1625,.F.);
#2242=ORIENTED_EDGE('',*,*,#1570,.T.);
#2243=ORIENTED_EDGE('',*,*,#1616,.F.);
#2244=ORIENTED_EDGE('',*,*,#1627,.T.);
#2245=ORIENTED_EDGE('',*,*,#1628,.T.);
#2246=ORIENTED_EDGE('',*,*,#1629,.T.);
#2247=ORIENTED_EDGE('',*,*,#1620,.F.);
#2248=ORIENTED_EDGE('',*,*,#1630,.F.);
#2249=ORIENTED_EDGE('',*,*,#1631,.T.);
#2250=ORIENTED_EDGE('',*,*,#1627,.F.);
#2251=ORIENTED_EDGE('',*,*,#1622,.F.);
#2252=ORIENTED_EDGE('',*,*,#1632,.T.);
#2253=ORIENTED_EDGE('',*,*,#1633,.T.);
#2254=ORIENTED_EDGE('',*,*,#1630,.T.);
#2255=ORIENTED_EDGE('',*,*,#1624,.F.);
#2256=ORIENTED_EDGE('',*,*,#1634,.F.);
#2257=ORIENTED_EDGE('',*,*,#1635,.T.);
#2258=ORIENTED_EDGE('',*,*,#1632,.F.);
#2259=ORIENTED_EDGE('',*,*,#1626,.F.);
#2260=ORIENTED_EDGE('',*,*,#1552,.T.);
#2261=ORIENTED_EDGE('',*,*,#1636,.T.);
#2262=ORIENTED_EDGE('',*,*,#1634,.T.);
#2263=ORIENTED_EDGE('',*,*,#1595,.T.);
#2264=ORIENTED_EDGE('',*,*,#1592,.T.);
#2265=ORIENTED_EDGE('',*,*,#1637,.T.);
#2266=ORIENTED_EDGE('',*,*,#1603,.T.);
#2267=ORIENTED_EDGE('',*,*,#1638,.T.);
#2268=ORIENTED_EDGE('',*,*,#1637,.F.);
#2269=ORIENTED_EDGE('',*,*,#1591,.T.);
#2270=ORIENTED_EDGE('',*,*,#1639,.T.);
#2271=ORIENTED_EDGE('',*,*,#1640,.T.);
#2272=ORIENTED_EDGE('',*,*,#1639,.F.);
#2273=ORIENTED_EDGE('',*,*,#1590,.T.);
#2274=ORIENTED_EDGE('',*,*,#1641,.T.);
#2275=ORIENTED_EDGE('',*,*,#1642,.T.);
#2276=ORIENTED_EDGE('',*,*,#1641,.F.);
#2277=ORIENTED_EDGE('',*,*,#1589,.T.);
#2278=ORIENTED_EDGE('',*,*,#1643,.T.);
#2279=ORIENTED_EDGE('',*,*,#1644,.T.);
#2280=ORIENTED_EDGE('',*,*,#1643,.F.);
#2281=ORIENTED_EDGE('',*,*,#1588,.T.);
#2282=ORIENTED_EDGE('',*,*,#1645,.T.);
#2283=ORIENTED_EDGE('',*,*,#1587,.T.);
#2284=ORIENTED_EDGE('',*,*,#1646,.T.);
#2285=ORIENTED_EDGE('',*,*,#1647,.T.);
#2286=ORIENTED_EDGE('',*,*,#1645,.F.);
#2287=ORIENTED_EDGE('',*,*,#1638,.F.);
#2288=ORIENTED_EDGE('',*,*,#1648,.T.);
#2289=ORIENTED_EDGE('',*,*,#1649,.T.);
#2290=ORIENTED_EDGE('',*,*,#1604,.T.);
#2291=ORIENTED_EDGE('',*,*,#1640,.F.);
#2292=ORIENTED_EDGE('',*,*,#1650,.F.);
#2293=ORIENTED_EDGE('',*,*,#1651,.T.);
#2294=ORIENTED_EDGE('',*,*,#1648,.F.);
#2295=ORIENTED_EDGE('',*,*,#1642,.F.);
#2296=ORIENTED_EDGE('',*,*,#1652,.T.);
#2297=ORIENTED_EDGE('',*,*,#1653,.T.);
#2298=ORIENTED_EDGE('',*,*,#1650,.T.);
#2299=ORIENTED_EDGE('',*,*,#1644,.F.);
#2300=ORIENTED_EDGE('',*,*,#1654,.F.);
#2301=ORIENTED_EDGE('',*,*,#1655,.T.);
#2302=ORIENTED_EDGE('',*,*,#1652,.F.);
#2303=ORIENTED_EDGE('',*,*,#1647,.F.);
#2304=ORIENTED_EDGE('',*,*,#1656,.T.);
#2305=ORIENTED_EDGE('',*,*,#1657,.T.);
#2306=ORIENTED_EDGE('',*,*,#1654,.T.);
#2307=ORIENTED_EDGE('',*,*,#1600,.F.);
#2308=ORIENTED_EDGE('',*,*,#1582,.T.);
#2309=ORIENTED_EDGE('',*,*,#1580,.F.);
#2310=ORIENTED_EDGE('',*,*,#1658,.F.);
#2311=ORIENTED_EDGE('',*,*,#1659,.T.);
#2312=ORIENTED_EDGE('',*,*,#1660,.T.);
#2313=ORIENTED_EDGE('',*,*,#1543,.T.);
#2314=ORIENTED_EDGE('',*,*,#1661,.F.);
#2315=ORIENTED_EDGE('',*,*,#1578,.F.);
#2316=ORIENTED_EDGE('',*,*,#1557,.T.);
#2317=ORIENTED_EDGE('',*,*,#1576,.T.);
#2318=ORIENTED_EDGE('',*,*,#1617,.F.);
#2319=ORIENTED_EDGE('',*,*,#1629,.F.);
#2320=ORIENTED_EDGE('',*,*,#1662,.T.);
#2321=ORIENTED_EDGE('',*,*,#1547,.T.);
#2322=ORIENTED_EDGE('',*,*,#1663,.T.);
#2323=ORIENTED_EDGE('',*,*,#1658,.T.);
#2324=ORIENTED_EDGE('',*,*,#1579,.F.);
#2325=ORIENTED_EDGE('',*,*,#1661,.T.);
#2326=ORIENTED_EDGE('',*,*,#1664,.T.);
#2327=ORIENTED_EDGE('',*,*,#1665,.F.);
#2328=ORIENTED_EDGE('',*,*,#1666,.T.);
#2329=ORIENTED_EDGE('',*,*,#1667,.T.);
#2330=ORIENTED_EDGE('',*,*,#1668,.F.);
#2331=ORIENTED_EDGE('',*,*,#1664,.F.);
#2332=ORIENTED_EDGE('',*,*,#1669,.T.);
#2333=ORIENTED_EDGE('',*,*,#1562,.T.);
#2334=ORIENTED_EDGE('',*,*,#1567,.T.);
#2335=ORIENTED_EDGE('',*,*,#1670,.T.);
#2336=ORIENTED_EDGE('',*,*,#1665,.T.);
#2337=ORIENTED_EDGE('',*,*,#1668,.T.);
#2338=ORIENTED_EDGE('',*,*,#1566,.T.);
#2339=ORIENTED_EDGE('',*,*,#1671,.F.);
#2340=ORIENTED_EDGE('',*,*,#1672,.T.);
#2341=ORIENTED_EDGE('',*,*,#1673,.T.);
#2342=ORIENTED_EDGE('',*,*,#1674,.T.);
#2343=ORIENTED_EDGE('',*,*,#1675,.F.);
#2344=ORIENTED_EDGE('',*,*,#1676,.F.);
#2345=ORIENTED_EDGE('',*,*,#1677,.F.);
#2346=ORIENTED_EDGE('',*,*,#1678,.F.);
#2347=ORIENTED_EDGE('',*,*,#1673,.F.);
#2348=ORIENTED_EDGE('',*,*,#1679,.T.);
#2349=ORIENTED_EDGE('',*,*,#1680,.F.);
#2350=ORIENTED_EDGE('',*,*,#1681,.T.);
#2351=ORIENTED_EDGE('',*,*,#1677,.T.);
#2352=ORIENTED_EDGE('',*,*,#1682,.T.);
#2353=ORIENTED_EDGE('',*,*,#1683,.F.);
#2354=ORIENTED_EDGE('',*,*,#1684,.F.);
#2355=ORIENTED_EDGE('',*,*,#1684,.T.);
#2356=ORIENTED_EDGE('',*,*,#1685,.F.);
#2357=ORIENTED_EDGE('',*,*,#1686,.T.);
#2358=ORIENTED_EDGE('',*,*,#1687,.T.);
#2359=ORIENTED_EDGE('',*,*,#1688,.F.);
#2360=ORIENTED_EDGE('',*,*,#1689,.T.);
#2361=ORIENTED_EDGE('',*,*,#1690,.T.);
#2362=ORIENTED_EDGE('',*,*,#1691,.T.);
#2363=ORIENTED_EDGE('',*,*,#1692,.F.);
#2364=ORIENTED_EDGE('',*,*,#1691,.F.);
#2365=ORIENTED_EDGE('',*,*,#1693,.T.);
#2366=ORIENTED_EDGE('',*,*,#1694,.F.);
#2367=ORIENTED_EDGE('',*,*,#1695,.F.);
#2368=ORIENTED_EDGE('',*,*,#1694,.T.);
#2369=ORIENTED_EDGE('',*,*,#1696,.T.);
#2370=ORIENTED_EDGE('',*,*,#1697,.T.);
#2371=ORIENTED_EDGE('',*,*,#1698,.F.);
#2372=ORIENTED_EDGE('',*,*,#1697,.F.);
#2373=ORIENTED_EDGE('',*,*,#1699,.T.);
#2374=ORIENTED_EDGE('',*,*,#1700,.F.);
#2375=ORIENTED_EDGE('',*,*,#1701,.F.);
#2376=ORIENTED_EDGE('',*,*,#1700,.T.);
#2377=ORIENTED_EDGE('',*,*,#1702,.T.);
#2378=ORIENTED_EDGE('',*,*,#1703,.T.);
#2379=ORIENTED_EDGE('',*,*,#1704,.F.);
#2380=ORIENTED_EDGE('',*,*,#1703,.F.);
#2381=ORIENTED_EDGE('',*,*,#1705,.T.);
#2382=ORIENTED_EDGE('',*,*,#1706,.F.);
#2383=ORIENTED_EDGE('',*,*,#1707,.F.);
#2384=ORIENTED_EDGE('',*,*,#1706,.T.);
#2385=ORIENTED_EDGE('',*,*,#1708,.T.);
#2386=ORIENTED_EDGE('',*,*,#1709,.T.);
#2387=ORIENTED_EDGE('',*,*,#1710,.F.);
#2388=ORIENTED_EDGE('',*,*,#1709,.F.);
#2389=ORIENTED_EDGE('',*,*,#1711,.T.);
#2390=ORIENTED_EDGE('',*,*,#1712,.F.);
#2391=ORIENTED_EDGE('',*,*,#1713,.F.);
#2392=ORIENTED_EDGE('',*,*,#1712,.T.);
#2393=ORIENTED_EDGE('',*,*,#1714,.T.);
#2394=ORIENTED_EDGE('',*,*,#1715,.T.);
#2395=ORIENTED_EDGE('',*,*,#1716,.F.);
#2396=ORIENTED_EDGE('',*,*,#1715,.F.);
#2397=ORIENTED_EDGE('',*,*,#1717,.T.);
#2398=ORIENTED_EDGE('',*,*,#1718,.F.);
#2399=ORIENTED_EDGE('',*,*,#1719,.F.);
#2400=ORIENTED_EDGE('',*,*,#1718,.T.);
#2401=ORIENTED_EDGE('',*,*,#1720,.T.);
#2402=ORIENTED_EDGE('',*,*,#1721,.T.);
#2403=ORIENTED_EDGE('',*,*,#1722,.T.);
#2404=ORIENTED_EDGE('',*,*,#1723,.F.);
#2405=ORIENTED_EDGE('',*,*,#1675,.T.);
#2406=ORIENTED_EDGE('',*,*,#1724,.T.);
#2407=ORIENTED_EDGE('',*,*,#1725,.F.);
#2408=ORIENTED_EDGE('',*,*,#1726,.T.);
#2409=ORIENTED_EDGE('',*,*,#1725,.T.);
#2410=ORIENTED_EDGE('',*,*,#1688,.T.);
#2411=ORIENTED_EDGE('',*,*,#1727,.F.);
#2412=ORIENTED_EDGE('',*,*,#1728,.T.);
#2413=ORIENTED_EDGE('',*,*,#1727,.T.);
#2414=ORIENTED_EDGE('',*,*,#1692,.T.);
#2415=ORIENTED_EDGE('',*,*,#1729,.F.);
#2416=ORIENTED_EDGE('',*,*,#1730,.T.);
#2417=ORIENTED_EDGE('',*,*,#1729,.T.);
#2418=ORIENTED_EDGE('',*,*,#1695,.T.);
#2419=ORIENTED_EDGE('',*,*,#1731,.F.);
#2420=ORIENTED_EDGE('',*,*,#1732,.T.);
#2421=ORIENTED_EDGE('',*,*,#1731,.T.);
#2422=ORIENTED_EDGE('',*,*,#1698,.T.);
#2423=ORIENTED_EDGE('',*,*,#1733,.F.);
#2424=ORIENTED_EDGE('',*,*,#1734,.T.);
#2425=ORIENTED_EDGE('',*,*,#1733,.T.);
#2426=ORIENTED_EDGE('',*,*,#1701,.T.);
#2427=ORIENTED_EDGE('',*,*,#1735,.F.);
#2428=ORIENTED_EDGE('',*,*,#1736,.T.);
#2429=ORIENTED_EDGE('',*,*,#1735,.T.);
#2430=ORIENTED_EDGE('',*,*,#1704,.T.);
#2431=ORIENTED_EDGE('',*,*,#1737,.F.);
#2432=ORIENTED_EDGE('',*,*,#1738,.T.);
#2433=ORIENTED_EDGE('',*,*,#1737,.T.);
#2434=ORIENTED_EDGE('',*,*,#1707,.T.);
#2435=ORIENTED_EDGE('',*,*,#1739,.F.);
#2436=ORIENTED_EDGE('',*,*,#1740,.T.);
#2437=ORIENTED_EDGE('',*,*,#1739,.T.);
#2438=ORIENTED_EDGE('',*,*,#1710,.T.);
#2439=ORIENTED_EDGE('',*,*,#1741,.F.);
#2440=ORIENTED_EDGE('',*,*,#1742,.T.);
#2441=ORIENTED_EDGE('',*,*,#1741,.T.);
#2442=ORIENTED_EDGE('',*,*,#1713,.T.);
#2443=ORIENTED_EDGE('',*,*,#1743,.F.);
#2444=ORIENTED_EDGE('',*,*,#1744,.T.);
#2445=ORIENTED_EDGE('',*,*,#1743,.T.);
#2446=ORIENTED_EDGE('',*,*,#1716,.T.);
#2447=ORIENTED_EDGE('',*,*,#1745,.F.);
#2448=ORIENTED_EDGE('',*,*,#1746,.T.);
#2449=ORIENTED_EDGE('',*,*,#1745,.T.);
#2450=ORIENTED_EDGE('',*,*,#1719,.T.);
#2451=ORIENTED_EDGE('',*,*,#1747,.F.);
#2452=ORIENTED_EDGE('',*,*,#1748,.T.);
#2453=ORIENTED_EDGE('',*,*,#1671,.T.);
#2454=ORIENTED_EDGE('',*,*,#1749,.F.);
#2455=ORIENTED_EDGE('',*,*,#1750,.T.);
#2456=ORIENTED_EDGE('',*,*,#1747,.T.);
#2457=ORIENTED_EDGE('',*,*,#1751,.F.);
#2458=ORIENTED_EDGE('',*,*,#1722,.F.);
#2459=ORIENTED_EDGE('',*,*,#1726,.F.);
#2460=ORIENTED_EDGE('',*,*,#1728,.F.);
#2461=ORIENTED_EDGE('',*,*,#1730,.F.);
#2462=ORIENTED_EDGE('',*,*,#1732,.F.);
#2463=ORIENTED_EDGE('',*,*,#1734,.F.);
#2464=ORIENTED_EDGE('',*,*,#1736,.F.);
#2465=ORIENTED_EDGE('',*,*,#1738,.F.);
#2466=ORIENTED_EDGE('',*,*,#1740,.F.);
#2467=ORIENTED_EDGE('',*,*,#1742,.F.);
#2468=ORIENTED_EDGE('',*,*,#1744,.F.);
#2469=ORIENTED_EDGE('',*,*,#1746,.F.);
#2470=ORIENTED_EDGE('',*,*,#1750,.F.);
#2471=ORIENTED_EDGE('',*,*,#1723,.T.);
#2472=ORIENTED_EDGE('',*,*,#1751,.T.);
#2473=ORIENTED_EDGE('',*,*,#1749,.T.);
#2474=ORIENTED_EDGE('',*,*,#1676,.T.);
#2475=ORIENTED_EDGE('',*,*,#1752,.T.);
#2476=ORIENTED_EDGE('',*,*,#1666,.F.);
#2477=ORIENTED_EDGE('',*,*,#1670,.F.);
#2478=ORIENTED_EDGE('',*,*,#1565,.F.);
#2479=ORIENTED_EDGE('',*,*,#1598,.T.);
#2480=ORIENTED_EDGE('',*,*,#1753,.F.);
#2481=ORIENTED_EDGE('',*,*,#1682,.F.);
#2482=ORIENTED_EDGE('',*,*,#1679,.F.);
#2483=ORIENTED_EDGE('',*,*,#1672,.F.);
#2484=ORIENTED_EDGE('',*,*,#1748,.F.);
#2485=ORIENTED_EDGE('',*,*,#1721,.F.);
#2486=ORIENTED_EDGE('',*,*,#1754,.T.);
#2487=ORIENTED_EDGE('',*,*,#1656,.F.);
#2488=ORIENTED_EDGE('',*,*,#1646,.F.);
#2489=ORIENTED_EDGE('',*,*,#1586,.T.);
#2490=ORIENTED_EDGE('',*,*,#1594,.T.);
#2491=ORIENTED_EDGE('',*,*,#1602,.F.);
#2492=ORIENTED_EDGE('',*,*,#1754,.F.);
#2493=ORIENTED_EDGE('',*,*,#1720,.F.);
#2494=ORIENTED_EDGE('',*,*,#1717,.F.);
#2495=ORIENTED_EDGE('',*,*,#1714,.F.);
#2496=ORIENTED_EDGE('',*,*,#1711,.F.);
#2497=ORIENTED_EDGE('',*,*,#1708,.F.);
#2498=ORIENTED_EDGE('',*,*,#1705,.F.);
#2499=ORIENTED_EDGE('',*,*,#1702,.F.);
#2500=ORIENTED_EDGE('',*,*,#1699,.F.);
#2501=ORIENTED_EDGE('',*,*,#1696,.F.);
#2502=ORIENTED_EDGE('',*,*,#1693,.F.);
#2503=ORIENTED_EDGE('',*,*,#1690,.F.);
#2504=ORIENTED_EDGE('',*,*,#1755,.F.);
#2505=ORIENTED_EDGE('',*,*,#1544,.F.);
#2506=ORIENTED_EDGE('',*,*,#1662,.F.);
#2507=ORIENTED_EDGE('',*,*,#1628,.F.);
#2508=ORIENTED_EDGE('',*,*,#1631,.F.);
#2509=ORIENTED_EDGE('',*,*,#1633,.F.);
#2510=ORIENTED_EDGE('',*,*,#1635,.F.);
#2511=ORIENTED_EDGE('',*,*,#1636,.F.);
#2512=ORIENTED_EDGE('',*,*,#1551,.F.);
#2513=ORIENTED_EDGE('',*,*,#1554,.T.);
#2514=ORIENTED_EDGE('',*,*,#1669,.F.);
#2515=ORIENTED_EDGE('',*,*,#1667,.F.);
#2516=ORIENTED_EDGE('',*,*,#1752,.F.);
#2517=ORIENTED_EDGE('',*,*,#1597,.T.);
#2518=ORIENTED_EDGE('',*,*,#1605,.F.);
#2519=ORIENTED_EDGE('',*,*,#1649,.F.);
#2520=ORIENTED_EDGE('',*,*,#1651,.F.);
#2521=ORIENTED_EDGE('',*,*,#1653,.F.);
#2522=ORIENTED_EDGE('',*,*,#1655,.F.);
#2523=ORIENTED_EDGE('',*,*,#1657,.F.);
#2524=ORIENTED_EDGE('',*,*,#1615,.T.);
#2525=ORIENTED_EDGE('',*,*,#1613,.T.);
#2526=ORIENTED_EDGE('',*,*,#1545,.F.);
#2527=ORIENTED_EDGE('',*,*,#1755,.T.);
#2528=ORIENTED_EDGE('',*,*,#1689,.F.);
#2529=ORIENTED_EDGE('',*,*,#1724,.F.);
#2530=ORIENTED_EDGE('',*,*,#1674,.F.);
#2531=ORIENTED_EDGE('',*,*,#1678,.T.);
#2532=ORIENTED_EDGE('',*,*,#1681,.F.);
#2533=ORIENTED_EDGE('',*,*,#1756,.F.);
#2534=ORIENTED_EDGE('',*,*,#1548,.F.);
#2535=ORIENTED_EDGE('',*,*,#1756,.T.);
#2536=ORIENTED_EDGE('',*,*,#1680,.T.);
#2537=ORIENTED_EDGE('',*,*,#1687,.F.);
#2538=ORIENTED_EDGE('',*,*,#1757,.T.);
#2539=ORIENTED_EDGE('',*,*,#1757,.F.);
#2540=ORIENTED_EDGE('',*,*,#1686,.F.);
#2541=ORIENTED_EDGE('',*,*,#1758,.F.);
#2542=ORIENTED_EDGE('',*,*,#1659,.F.);
#2543=ORIENTED_EDGE('',*,*,#1663,.F.);
#2544=ORIENTED_EDGE('',*,*,#1549,.T.);
#2545=ORIENTED_EDGE('',*,*,#1758,.T.);
#2546=ORIENTED_EDGE('',*,*,#1685,.T.);
#2547=ORIENTED_EDGE('',*,*,#1683,.T.);
#2548=ORIENTED_EDGE('',*,*,#1753,.T.);
#2549=ORIENTED_EDGE('',*,*,#1601,.F.);
#2550=ORIENTED_EDGE('',*,*,#1660,.F.);
#2551=PLANE('',#2858);
#2552=PLANE('',#2865);
#2553=PLANE('',#2867);
#2554=PLANE('',#2877);
#2555=PLANE('',#2878);
#2556=PLANE('',#2879);
#2557=PLANE('',#2880);
#2558=PLANE('',#2881);
#2559=PLANE('',#2882);
#2560=PLANE('',#2883);
#2561=PLANE('',#2884);
#2562=PLANE('',#2885);
#2563=PLANE('',#2886);
#2564=PLANE('',#2887);
#2565=PLANE('',#2888);
#2566=PLANE('',#2889);
#2567=PLANE('',#2890);
#2568=PLANE('',#2891);
#2569=PLANE('',#2892);
#2570=PLANE('',#2893);
#2571=PLANE('',#2894);
#2572=PLANE('',#2895);
#2573=PLANE('',#2896);
#2574=PLANE('',#2897);
#2575=PLANE('',#2898);
#2576=PLANE('',#2901);
#2577=PLANE('',#2902);
#2578=PLANE('',#2903);
#2579=PLANE('',#2906);
#2580=PLANE('',#2909);
#2581=PLANE('',#2910);
#2582=PLANE('',#2911);
#2583=PLANE('',#2912);
#2584=PLANE('',#2913);
#2585=PLANE('',#2914);
#2586=PLANE('',#2915);
#2587=PLANE('',#2916);
#2588=PLANE('',#2917);
#2589=PLANE('',#2918);
#2590=PLANE('',#2919);
#2591=PLANE('',#2920);
#2592=PLANE('',#2921);
#2593=PLANE('',#2922);
#2594=PLANE('',#2923);
#2595=PLANE('',#2924);
#2596=PLANE('',#2925);
#2597=PLANE('',#2926);
#2598=PLANE('',#2927);
#2599=PLANE('',#2928);
#2600=PLANE('',#2929);
#2601=PLANE('',#2930);
#2602=PLANE('',#2931);
#2603=PLANE('',#2932);
#2604=PLANE('',#2933);
#2605=PLANE('',#2934);
#2606=PLANE('',#2935);
#2607=PLANE('',#2936);
#2608=PLANE('',#2937);
#2609=PLANE('',#2938);
#2610=PLANE('',#2939);
#2611=PLANE('',#2940);
#2612=PLANE('',#2941);
#2613=PLANE('',#2942);
#2614=PLANE('',#2943);
#2615=PLANE('',#2944);
#2616=PLANE('',#2953);
#2617=PLANE('',#2955);
#2618=PLANE('',#2956);
#2619=PLANE('',#2958);
#2620=PLANE('',#2959);
#2621=PLANE('',#2961);
#2622=PLANE('',#2969);
#2623=PLANE('',#2970);
#2624=PLANE('',#2973);
#2625=PLANE('',#2977);
#2626=PLANE('',#2983);
#2627=PLANE('',#2984);
#2628=PLANE('',#2985);
#2629=PLANE('',#2986);
#2630=PLANE('',#2987);
#2631=PLANE('',#2988);
#2632=PLANE('',#2989);
#2633=PLANE('',#2990);
#2634=PLANE('',#2991);
#2635=PLANE('',#2992);
#2636=PLANE('',#2993);
#2637=PLANE('',#2994);
#2638=PLANE('',#2995);
#2639=PLANE('',#2996);
#2640=PLANE('',#2997);
#2641=PLANE('',#2998);
#2642=PLANE('',#2999);
#2643=PLANE('',#3000);
#2644=PLANE('',#3001);
#2645=PLANE('',#3002);
#2646=PLANE('',#3003);
#2647=PLANE('',#3004);
#2648=PLANE('',#3005);
#2649=PLANE('',#3006);
#2650=PLANE('',#3007);
#2651=PLANE('',#3008);
#2652=PLANE('',#3009);
#2653=PLANE('',#3010);
#2654=PLANE('',#3011);
#2655=PLANE('',#3012);
#2656=PLANE('',#3013);
#2657=PLANE('',#3014);
#2658=PLANE('',#3015);
#2659=PLANE('',#3016);
#2660=PLANE('',#3017);
#2661=PLANE('',#3018);
#2662=PLANE('',#3019);
#2663=PLANE('',#3020);
#2664=PLANE('',#3021);
#2665=PLANE('',#3022);
#2666=PLANE('',#3023);
#2667=PLANE('',#3024);
#2668=PLANE('',#3025);
#2669=PLANE('',#3026);
#2670=PLANE('',#3027);
#2671=PLANE('',#3028);
#2672=PLANE('',#3029);
#2673=PLANE('',#3030);
#2674=PLANE('',#3031);
#2675=PLANE('',#3032);
#2676=PLANE('',#3033);
#2677=PLANE('',#3034);
#2678=PLANE('',#3035);
#2679=PLANE('',#3036);
#2680=PLANE('',#3037);
#2681=PLANE('',#3038);
#2682=PLANE('',#3039);
#2683=PLANE('',#3040);
#2684=PLANE('',#3041);
#2685=PLANE('',#3042);
#2686=PLANE('',#3043);
#2687=PLANE('',#3044);
#2688=PLANE('',#3045);
#2689=PLANE('',#3046);
#2690=PLANE('',#3047);
#2691=ADVANCED_FACE('',(#59),#2551,.T.);
#2692=ADVANCED_FACE('',(#60),#47,.F.);
#2693=ADVANCED_FACE('',(#61),#2552,.T.);
#2694=ADVANCED_FACE('',(#62),#2553,.T.);
#2695=ADVANCED_FACE('',(#63),#48,.F.);
#2696=ADVANCED_FACE('',(#64),#49,.F.);
#2697=ADVANCED_FACE('',(#65),#50,.F.);
#2698=ADVANCED_FACE('',(#66),#2554,.T.);
#2699=ADVANCED_FACE('',(#67),#2555,.T.);
#2700=ADVANCED_FACE('',(#68),#2556,.T.);
#2701=ADVANCED_FACE('',(#69),#2557,.T.);
#2702=ADVANCED_FACE('',(#70),#2558,.T.);
#2703=ADVANCED_FACE('',(#71),#2559,.T.);
#2704=ADVANCED_FACE('',(#72),#2560,.T.);
#2705=ADVANCED_FACE('',(#73),#2561,.T.);
#2706=ADVANCED_FACE('',(#74),#2562,.T.);
#2707=ADVANCED_FACE('',(#75),#2563,.T.);
#2708=ADVANCED_FACE('',(#76),#2564,.T.);
#2709=ADVANCED_FACE('',(#77),#2565,.T.);
#2710=ADVANCED_FACE('',(#78),#2566,.T.);
#2711=ADVANCED_FACE('',(#79),#2567,.T.);
#2712=ADVANCED_FACE('',(#80),#2568,.T.);
#2713=ADVANCED_FACE('',(#81),#2569,.T.);
#2714=ADVANCED_FACE('',(#82),#2570,.T.);
#2715=ADVANCED_FACE('',(#83),#2571,.T.);
#2716=ADVANCED_FACE('',(#84),#2572,.T.);
#2717=ADVANCED_FACE('',(#85),#2573,.T.);
#2718=ADVANCED_FACE('',(#86),#2574,.T.);
#2719=ADVANCED_FACE('',(#87,#17,#18),#2575,.T.);
#2720=ADVANCED_FACE('',(#88),#2576,.T.);
#2721=ADVANCED_FACE('',(#89),#2577,.T.);
#2722=ADVANCED_FACE('',(#90),#2578,.T.);
#2723=ADVANCED_FACE('',(#91),#51,.T.);
#2724=ADVANCED_FACE('',(#92),#2579,.T.);
#2725=ADVANCED_FACE('',(#93),#52,.T.);
#2726=ADVANCED_FACE('',(#94),#2580,.T.);
#2727=ADVANCED_FACE('',(#95),#2581,.T.);
#2728=ADVANCED_FACE('',(#96),#2582,.T.);
#2729=ADVANCED_FACE('',(#97),#2583,.T.);
#2730=ADVANCED_FACE('',(#98),#2584,.T.);
#2731=ADVANCED_FACE('',(#99),#2585,.T.);
#2732=ADVANCED_FACE('',(#100),#2586,.T.);
#2733=ADVANCED_FACE('',(#101),#2587,.T.);
#2734=ADVANCED_FACE('',(#102),#2588,.T.);
#2735=ADVANCED_FACE('',(#103),#2589,.T.);
#2736=ADVANCED_FACE('',(#104),#2590,.T.);
#2737=ADVANCED_FACE('',(#105),#2591,.T.);
#2738=ADVANCED_FACE('',(#106),#2592,.T.);
#2739=ADVANCED_FACE('',(#107),#2593,.T.);
#2740=ADVANCED_FACE('',(#108),#2594,.T.);
#2741=ADVANCED_FACE('',(#109),#2595,.T.);
#2742=ADVANCED_FACE('',(#110),#2596,.T.);
#2743=ADVANCED_FACE('',(#111),#2597,.T.);
#2744=ADVANCED_FACE('',(#112),#2598,.T.);
#2745=ADVANCED_FACE('',(#113),#2599,.T.);
#2746=ADVANCED_FACE('',(#114),#2600,.T.);
#2747=ADVANCED_FACE('',(#115),#2601,.T.);
#2748=ADVANCED_FACE('',(#116),#2602,.T.);
#2749=ADVANCED_FACE('',(#117),#2603,.T.);
#2750=ADVANCED_FACE('',(#118),#2604,.T.);
#2751=ADVANCED_FACE('',(#119),#2605,.T.);
#2752=ADVANCED_FACE('',(#120),#2606,.T.);
#2753=ADVANCED_FACE('',(#121),#2607,.T.);
#2754=ADVANCED_FACE('',(#122),#2608,.T.);
#2755=ADVANCED_FACE('',(#123,#19,#20),#2609,.T.);
#2756=ADVANCED_FACE('',(#124),#2610,.T.);
#2757=ADVANCED_FACE('',(#125,#21,#22),#2611,.F.);
#2758=ADVANCED_FACE('',(#126),#2612,.T.);
#2759=ADVANCED_FACE('',(#127),#2613,.T.);
#2760=ADVANCED_FACE('',(#128),#2614,.T.);
#2761=ADVANCED_FACE('',(#129),#2615,.T.);
#2762=ADVANCED_FACE('',(#130),#53,.F.);
#2763=ADVANCED_FACE('',(#131),#2616,.T.);
#2764=ADVANCED_FACE('',(#132),#2617,.F.);
#2765=ADVANCED_FACE('',(#133,#23),#2618,.T.);
#2766=ADVANCED_FACE('',(#134),#2619,.T.);
#2767=ADVANCED_FACE('',(#135),#2620,.T.);
#2768=ADVANCED_FACE('',(#136,#24),#2621,.T.);
#2769=ADVANCED_FACE('',(#137),#54,.F.);
#2770=ADVANCED_FACE('',(#138),#2622,.T.);
#2771=ADVANCED_FACE('',(#139),#2623,.T.);
#2772=ADVANCED_FACE('',(#140),#55,.F.);
#2773=ADVANCED_FACE('',(#141,#25),#2624,.T.);
#2774=ADVANCED_FACE('',(#142),#56,.F.);
#2775=ADVANCED_FACE('',(#143,#26),#2625,.T.);
#2776=ADVANCED_FACE('',(#144),#57,.F.);
#2777=ADVANCED_FACE('',(#145),#58,.F.);
#2778=ADVANCED_FACE('',(#146),#2626,.T.);
#2779=ADVANCED_FACE('',(#147),#2627,.T.);
#2780=ADVANCED_FACE('',(#148),#2628,.T.);
#2781=ADVANCED_FACE('',(#149),#2629,.T.);
#2782=ADVANCED_FACE('',(#150),#2630,.T.);
#2783=ADVANCED_FACE('',(#151),#2631,.T.);
#2784=ADVANCED_FACE('',(#152),#2632,.T.);
#2785=ADVANCED_FACE('',(#153),#2633,.T.);
#2786=ADVANCED_FACE('',(#154),#2634,.T.);
#2787=ADVANCED_FACE('',(#155),#2635,.T.);
#2788=ADVANCED_FACE('',(#156),#2636,.T.);
#2789=ADVANCED_FACE('',(#157),#2637,.T.);
#2790=ADVANCED_FACE('',(#158),#2638,.T.);
#2791=ADVANCED_FACE('',(#159),#2639,.T.);
#2792=ADVANCED_FACE('',(#160),#2640,.T.);
#2793=ADVANCED_FACE('',(#161),#2641,.T.);
#2794=ADVANCED_FACE('',(#162),#2642,.T.);
#2795=ADVANCED_FACE('',(#163),#2643,.T.);
#2796=ADVANCED_FACE('',(#164),#2644,.T.);
#2797=ADVANCED_FACE('',(#165),#2645,.T.);
#2798=ADVANCED_FACE('',(#166),#2646,.T.);
#2799=ADVANCED_FACE('',(#167),#2647,.T.);
#2800=ADVANCED_FACE('',(#168),#2648,.T.);
#2801=ADVANCED_FACE('',(#169),#2649,.T.);
#2802=ADVANCED_FACE('',(#170),#2650,.T.);
#2803=ADVANCED_FACE('',(#171),#2651,.T.);
#2804=ADVANCED_FACE('',(#172),#2652,.T.);
#2805=ADVANCED_FACE('',(#173),#2653,.F.);
#2806=ADVANCED_FACE('',(#174),#2654,.T.);
#2807=ADVANCED_FACE('',(#175),#2655,.T.);
#2808=ADVANCED_FACE('',(#176),#2656,.T.);
#2809=ADVANCED_FACE('',(#177),#2657,.T.);
#2810=ADVANCED_FACE('',(#178),#2658,.T.);
#2811=ADVANCED_FACE('',(#179),#2659,.T.);
#2812=ADVANCED_FACE('',(#180),#2660,.T.);
#2813=ADVANCED_FACE('',(#181),#2661,.T.);
#2814=ADVANCED_FACE('',(#182),#2662,.T.);
#2815=ADVANCED_FACE('',(#183),#2663,.T.);
#2816=ADVANCED_FACE('',(#184),#2664,.T.);
#2817=ADVANCED_FACE('',(#185),#2665,.T.);
#2818=ADVANCED_FACE('',(#186),#2666,.T.);
#2819=ADVANCED_FACE('',(#187),#2667,.T.);
#2820=ADVANCED_FACE('',(#188),#2668,.T.);
#2821=ADVANCED_FACE('',(#189),#2669,.T.);
#2822=ADVANCED_FACE('',(#190),#2670,.T.);
#2823=ADVANCED_FACE('',(#191),#2671,.T.);
#2824=ADVANCED_FACE('',(#192),#2672,.T.);
#2825=ADVANCED_FACE('',(#193),#2673,.T.);
#2826=ADVANCED_FACE('',(#194),#2674,.T.);
#2827=ADVANCED_FACE('',(#195),#2675,.T.);
#2828=ADVANCED_FACE('',(#196),#2676,.T.);
#2829=ADVANCED_FACE('',(#197),#2677,.T.);
#2830=ADVANCED_FACE('',(#198),#2678,.T.);
#2831=ADVANCED_FACE('',(#199),#2679,.T.);
#2832=ADVANCED_FACE('',(#200),#2680,.T.);
#2833=ADVANCED_FACE('',(#201),#2681,.T.);
#2834=ADVANCED_FACE('',(#202),#2682,.T.);
#2835=ADVANCED_FACE('',(#203),#2683,.T.);
#2836=ADVANCED_FACE('',(#204),#2684,.T.);
#2837=ADVANCED_FACE('',(#205),#2685,.T.);
#2838=ADVANCED_FACE('',(#206,#27,#28),#2686,.F.);
#2839=ADVANCED_FACE('',(#207),#2687,.T.);
#2840=ADVANCED_FACE('',(#208),#2688,.T.);
#2841=ADVANCED_FACE('',(#209),#2689,.T.);
#2842=ADVANCED_FACE('',(#210),#2690,.T.);
#2843=CLOSED_SHELL('',(#2691,#2692,#2693,#2694,#2695,#2696,#2697,#2698,
#2699,#2700,#2701,#2702,#2703,#2704,#2705,#2706,#2707,#2708,#2709,#2710,
#2711,#2712,#2713,#2714,#2715,#2716,#2717,#2718,#2719,#2720,#2721,#2722,
#2723,#2724,#2725,#2726,#2727,#2728,#2729,#2730,#2731,#2732,#2733,#2734,
#2735,#2736,#2737,#2738,#2739,#2740,#2741,#2742,#2743,#2744,#2745,#2746,
#2747,#2748,#2749,#2750,#2751,#2752,#2753,#2754,#2755,#2756,#2757,#2758));
#2844=CLOSED_SHELL('',(#2759,#2760,#2761,#2762,#2763,#2764,#2765,#2766,
#2767,#2768,#2769,#2770,#2771,#2772,#2773,#2774,#2775,#2776,#2777,#2778,
#2779,#2780,#2781,#2782,#2783,#2784,#2785,#2786,#2787,#2788,#2789,#2790,
#2791,#2792,#2793,#2794,#2795,#2796,#2797,#2798,#2799,#2800,#2801,#2802,
#2803,#2804,#2805,#2806,#2807,#2808,#2809,#2810,#2811,#2812,#2813,#2814,
#2815,#2816,#2817,#2818,#2819,#2820,#2821,#2822,#2823,#2824,#2825,#2826,
#2827,#2828,#2829,#2830,#2831,#2832,#2833,#2834,#2835,#2836,#2837,#2838,
#2839,#2840,#2841,#2842));
#2845=DERIVED_UNIT_ELEMENT(#2847,1.);
#2846=DERIVED_UNIT_ELEMENT(#4594,-3.);
#2847=(
MASS_UNIT()
NAMED_UNIT(*)
SI_UNIT(.KILO.,.GRAM.)
);
#2848=DERIVED_UNIT((#2845,#2846));
#2849=MEASURE_REPRESENTATION_ITEM('density measure',
POSITIVE_RATIO_MEASURE(7850.),#2848);
#2850=PROPERTY_DEFINITION_REPRESENTATION(#2855,#2852);
#2851=PROPERTY_DEFINITION_REPRESENTATION(#2856,#2853);
#2852=REPRESENTATION('material name',(#2854),#4591);
#2853=REPRESENTATION('density',(#2849),#4591);
#2854=DESCRIPTIVE_REPRESENTATION_ITEM('Stahl','Stahl');
#2855=PROPERTY_DEFINITION('material property','material name',#4601);
#2856=PROPERTY_DEFINITION('material property','density of part',#4601);
#2857=AXIS2_PLACEMENT_3D('',#3788,#3048,#3049);
#2858=AXIS2_PLACEMENT_3D('',#3789,#3050,#3051);
#2859=AXIS2_PLACEMENT_3D('',#3792,#3052,#3053);
#2860=AXIS2_PLACEMENT_3D('',#3796,#3055,#3056);
#2861=AXIS2_PLACEMENT_3D('',#3802,#3060,#3061);
#2862=AXIS2_PLACEMENT_3D('',#3804,#3062,#3063);
#2863=AXIS2_PLACEMENT_3D('',#3808,#3065,#3066);
#2864=AXIS2_PLACEMENT_3D('',#3810,#3067,#3068);
#2865=AXIS2_PLACEMENT_3D('',#3812,#3070,#3071);
#2866=AXIS2_PLACEMENT_3D('',#3820,#3075,#3076);
#2867=AXIS2_PLACEMENT_3D('',#3822,#3078,#3079);
#2868=AXIS2_PLACEMENT_3D('',#3824,#3081,#3082);
#2869=AXIS2_PLACEMENT_3D('',#3828,#3084,#3085);
#2870=AXIS2_PLACEMENT_3D('',#3829,#3086,#3087);
#2871=AXIS2_PLACEMENT_3D('',#3830,#3088,#3089);
#2872=AXIS2_PLACEMENT_3D('',#3832,#3090,#3091);
#2873=AXIS2_PLACEMENT_3D('',#3835,#3093,#3094);
#2874=AXIS2_PLACEMENT_3D('',#3836,#3095,#3096);
#2875=AXIS2_PLACEMENT_3D('',#3838,#3097,#3098);
#2876=AXIS2_PLACEMENT_3D('',#3841,#3100,#3101);
#2877=AXIS2_PLACEMENT_3D('',#3842,#3102,#3103);
#2878=AXIS2_PLACEMENT_3D('',#3851,#3108,#3109);
#2879=AXIS2_PLACEMENT_3D('',#3857,#3113,#3114);
#2880=AXIS2_PLACEMENT_3D('',#3866,#3119,#3120);
#2881=AXIS2_PLACEMENT_3D('',#3872,#3124,#3125);
#2882=AXIS2_PLACEMENT_3D('',#3881,#3130,#3131);
#2883=AXIS2_PLACEMENT_3D('',#3887,#3135,#3136);
#2884=AXIS2_PLACEMENT_3D('',#3890,#3139,#3140);
#2885=AXIS2_PLACEMENT_3D('',#3899,#3145,#3146);
#2886=AXIS2_PLACEMENT_3D('',#3905,#3150,#3151);
#2887=AXIS2_PLACEMENT_3D('',#3908,#3154,#3155);
#2888=AXIS2_PLACEMENT_3D('',#3911,#3158,#3159);
#2889=AXIS2_PLACEMENT_3D('',#3914,#3162,#3163);
#2890=AXIS2_PLACEMENT_3D('',#3920,#3167,#3168);
#2891=AXIS2_PLACEMENT_3D('',#3929,#3173,#3174);
#2892=AXIS2_PLACEMENT_3D('',#3938,#3179,#3180);
#2893=AXIS2_PLACEMENT_3D('',#3941,#3183,#3184);
#2894=AXIS2_PLACEMENT_3D('',#3950,#3189,#3190);
#2895=AXIS2_PLACEMENT_3D('',#3956,#3194,#3195);
#2896=AXIS2_PLACEMENT_3D('',#3962,#3199,#3200);
#2897=AXIS2_PLACEMENT_3D('',#3965,#3203,#3204);
#2898=AXIS2_PLACEMENT_3D('',#3971,#3208,#3209);
#2899=AXIS2_PLACEMENT_3D('',#3981,#3214,#3215);
#2900=AXIS2_PLACEMENT_3D('',#3983,#3216,#3217);
#2901=AXIS2_PLACEMENT_3D('',#3984,#3218,#3219);
#2902=AXIS2_PLACEMENT_3D('',#3987,#3222,#3223);
#2903=AXIS2_PLACEMENT_3D('',#3990,#3226,#3227);
#2904=AXIS2_PLACEMENT_3D('',#3992,#3228,#3229);
#2905=AXIS2_PLACEMENT_3D('',#3993,#3230,#3231);
#2906=AXIS2_PLACEMENT_3D('',#3995,#3233,#3234);
#2907=AXIS2_PLACEMENT_3D('',#3997,#3235,#3236);
#2908=AXIS2_PLACEMENT_3D('',#3998,#3237,#3238);
#2909=AXIS2_PLACEMENT_3D('',#4000,#3240,#3241);
#2910=AXIS2_PLACEMENT_3D('',#4009,#3246,#3247);
#2911=AXIS2_PLACEMENT_3D('',#4015,#3251,#3252);
#2912=AXIS2_PLACEMENT_3D('',#4021,#3256,#3257);
#2913=AXIS2_PLACEMENT_3D('',#4027,#3261,#3262);
#2914=AXIS2_PLACEMENT_3D('',#4036,#3267,#3268);
#2915=AXIS2_PLACEMENT_3D('',#4042,#3272,#3273);
#2916=AXIS2_PLACEMENT_3D('',#4048,#3277,#3278);
#2917=AXIS2_PLACEMENT_3D('',#4051,#3281,#3282);
#2918=AXIS2_PLACEMENT_3D('',#4080,#3297,#3298);
#2919=AXIS2_PLACEMENT_3D('',#4093,#3305,#3306);
#2920=AXIS2_PLACEMENT_3D('',#4102,#3311,#3312);
#2921=AXIS2_PLACEMENT_3D('',#4108,#3316,#3317);
#2922=AXIS2_PLACEMENT_3D('',#4111,#3320,#3321);
#2923=AXIS2_PLACEMENT_3D('',#4114,#3324,#3325);
#2924=AXIS2_PLACEMENT_3D('',#4117,#3328,#3329);
#2925=AXIS2_PLACEMENT_3D('',#4119,#3331,#3332);
#2926=AXIS2_PLACEMENT_3D('',#4121,#3334,#3335);
#2927=AXIS2_PLACEMENT_3D('',#4124,#3338,#3339);
#2928=AXIS2_PLACEMENT_3D('',#4126,#3341,#3342);
#2929=AXIS2_PLACEMENT_3D('',#4128,#3344,#3345);
#2930=AXIS2_PLACEMENT_3D('',#4130,#3347,#3348);
#2931=AXIS2_PLACEMENT_3D('',#4132,#3350,#3351);
#2932=AXIS2_PLACEMENT_3D('',#4134,#3353,#3354);
#2933=AXIS2_PLACEMENT_3D('',#4136,#3356,#3357);
#2934=AXIS2_PLACEMENT_3D('',#4138,#3359,#3360);
#2935=AXIS2_PLACEMENT_3D('',#4140,#3362,#3363);
#2936=AXIS2_PLACEMENT_3D('',#4141,#3364,#3365);
#2937=AXIS2_PLACEMENT_3D('',#4143,#3367,#3368);
#2938=AXIS2_PLACEMENT_3D('',#4145,#3370,#3371);
#2939=AXIS2_PLACEMENT_3D('',#4148,#3374,#3375);
#2940=AXIS2_PLACEMENT_3D('',#4150,#3377,#3378);
#2941=AXIS2_PLACEMENT_3D('',#4152,#3380,#3381);
#2942=AXIS2_PLACEMENT_3D('',#4153,#3382,#3383);
#2943=AXIS2_PLACEMENT_3D('',#4162,#3388,#3389);
#2944=AXIS2_PLACEMENT_3D('',#4168,#3393,#3394);
#2945=AXIS2_PLACEMENT_3D('',#4171,#3395,#3396);
#2946=AXIS2_PLACEMENT_3D('',#4177,#3400,#3401);
#2947=AXIS2_PLACEMENT_3D('',#4181,#3403,#3404);
#2948=AXIS2_PLACEMENT_3D('',#4185,#3406,#3407);
#2949=AXIS2_PLACEMENT_3D('',#4187,#3408,#3409);
#2950=AXIS2_PLACEMENT_3D('',#4189,#3410,#3411);
#2951=AXIS2_PLACEMENT_3D('',#4193,#3413,#3414);
#2952=AXIS2_PLACEMENT_3D('',#4194,#3415,#3416);
#2953=AXIS2_PLACEMENT_3D('',#4195,#3417,#3418);
#2954=AXIS2_PLACEMENT_3D('',#4199,#3420,#3421);
#2955=AXIS2_PLACEMENT_3D('',#4205,#3425,#3426);
#2956=AXIS2_PLACEMENT_3D('',#4209,#3429,#3430);
#2957=AXIS2_PLACEMENT_3D('',#4224,#3438,#3439);
#2958=AXIS2_PLACEMENT_3D('',#4225,#3440,#3441);
#2959=AXIS2_PLACEMENT_3D('',#4233,#3446,#3447);
#2960=AXIS2_PLACEMENT_3D('',#4238,#3450,#3451);
#2961=AXIS2_PLACEMENT_3D('',#4239,#3452,#3453);
#2962=AXIS2_PLACEMENT_3D('',#4257,#3462,#3463);
#2963=AXIS2_PLACEMENT_3D('',#4258,#3464,#3465);
#2964=AXIS2_PLACEMENT_3D('',#4260,#3466,#3467);
#2965=AXIS2_PLACEMENT_3D('',#4262,#3468,#3469);
#2966=AXIS2_PLACEMENT_3D('',#4264,#3470,#3471);
#2967=AXIS2_PLACEMENT_3D('',#4267,#3473,#3474);
#2968=AXIS2_PLACEMENT_3D('',#4268,#3475,#3476);
#2969=AXIS2_PLACEMENT_3D('',#4269,#3477,#3478);
#2970=AXIS2_PLACEMENT_3D('',#4275,#3482,#3483);
#2971=AXIS2_PLACEMENT_3D('',#4281,#3487,#3488);
#2972=AXIS2_PLACEMENT_3D('',#4284,#3490,#3491);
#2973=AXIS2_PLACEMENT_3D('',#4285,#3492,#3493);
#2974=AXIS2_PLACEMENT_3D('',#4287,#3494,#3495);
#2975=AXIS2_PLACEMENT_3D('',#4288,#3496,#3497);
#2976=AXIS2_PLACEMENT_3D('',#4291,#3499,#3500);
#2977=AXIS2_PLACEMENT_3D('',#4292,#3501,#3502);
#2978=AXIS2_PLACEMENT_3D('',#4294,#3503,#3504);
#2979=AXIS2_PLACEMENT_3D('',#4295,#3505,#3506);
#2980=AXIS2_PLACEMENT_3D('',#4298,#3508,#3509);
#2981=AXIS2_PLACEMENT_3D('',#4299,#3510,#3511);
#2982=AXIS2_PLACEMENT_3D('',#4302,#3513,#3514);
#2983=AXIS2_PLACEMENT_3D('',#4303,#3515,#3516);
#2984=AXIS2_PLACEMENT_3D('',#4309,#3520,#3521);
#2985=AXIS2_PLACEMENT_3D('',#4313,#3524,#3525);
#2986=AXIS2_PLACEMENT_3D('',#4317,#3528,#3529);
#2987=AXIS2_PLACEMENT_3D('',#4321,#3532,#3533);
#2988=AXIS2_PLACEMENT_3D('',#4324,#3536,#3537);
#2989=AXIS2_PLACEMENT_3D('',#4325,#3538,#3539);
#2990=AXIS2_PLACEMENT_3D('',#4331,#3543,#3544);
#2991=AXIS2_PLACEMENT_3D('',#4335,#3547,#3548);
#2992=AXIS2_PLACEMENT_3D('',#4339,#3551,#3552);
#2993=AXIS2_PLACEMENT_3D('',#4343,#3555,#3556);
#2994=AXIS2_PLACEMENT_3D('',#4345,#3558,#3559);
#2995=AXIS2_PLACEMENT_3D('',#4347,#3561,#3562);
#2996=AXIS2_PLACEMENT_3D('',#4351,#3565,#3566);
#2997=AXIS2_PLACEMENT_3D('',#4355,#3569,#3570);
#2998=AXIS2_PLACEMENT_3D('',#4359,#3573,#3574);
#2999=AXIS2_PLACEMENT_3D('',#4363,#3577,#3578);
#3000=AXIS2_PLACEMENT_3D('',#4367,#3581,#3582);
#3001=AXIS2_PLACEMENT_3D('',#4371,#3585,#3586);
#3002=AXIS2_PLACEMENT_3D('',#4375,#3589,#3590);
#3003=AXIS2_PLACEMENT_3D('',#4379,#3593,#3594);
#3004=AXIS2_PLACEMENT_3D('',#4383,#3597,#3598);
#3005=AXIS2_PLACEMENT_3D('',#4387,#3601,#3602);
#3006=AXIS2_PLACEMENT_3D('',#4393,#3606,#3607);
#3007=AXIS2_PLACEMENT_3D('',#4396,#3610,#3611);
#3008=AXIS2_PLACEMENT_3D('',#4398,#3613,#3614);
#3009=AXIS2_PLACEMENT_3D('',#4407,#3619,#3620);
#3010=AXIS2_PLACEMENT_3D('',#4410,#3623,#3624);
#3011=AXIS2_PLACEMENT_3D('',#4412,#3626,#3627);
#3012=AXIS2_PLACEMENT_3D('',#4425,#3634,#3635);
#3013=AXIS2_PLACEMENT_3D('',#4431,#3639,#3640);
#3014=AXIS2_PLACEMENT_3D('',#4441,#3646,#3647);
#3015=AXIS2_PLACEMENT_3D('',#4447,#3651,#3652);
#3016=AXIS2_PLACEMENT_3D('',#4456,#3657,#3658);
#3017=AXIS2_PLACEMENT_3D('',#4462,#3662,#3663);
#3018=AXIS2_PLACEMENT_3D('',#4468,#3667,#3668);
#3019=AXIS2_PLACEMENT_3D('',#4474,#3672,#3673);
#3020=AXIS2_PLACEMENT_3D('',#4480,#3677,#3678);
#3021=AXIS2_PLACEMENT_3D('',#4486,#3682,#3683);
#3022=AXIS2_PLACEMENT_3D('',#4492,#3687,#3688);
#3023=AXIS2_PLACEMENT_3D('',#4498,#3692,#3693);
#3024=AXIS2_PLACEMENT_3D('',#4504,#3697,#3698);
#3025=AXIS2_PLACEMENT_3D('',#4510,#3702,#3703);
#3026=AXIS2_PLACEMENT_3D('',#4516,#3707,#3708);
#3027=AXIS2_PLACEMENT_3D('',#4523,#3713,#3714);
#3028=AXIS2_PLACEMENT_3D('',#4527,#3717,#3718);
#3029=AXIS2_PLACEMENT_3D('',#4531,#3721,#3722);
#3030=AXIS2_PLACEMENT_3D('',#4535,#3725,#3726);
#3031=AXIS2_PLACEMENT_3D('',#4539,#3729,#3730);
#3032=AXIS2_PLACEMENT_3D('',#4543,#3733,#3734);
#3033=AXIS2_PLACEMENT_3D('',#4547,#3737,#3738);
#3034=AXIS2_PLACEMENT_3D('',#4551,#3741,#3742);
#3035=AXIS2_PLACEMENT_3D('',#4555,#3745,#3746);
#3036=AXIS2_PLACEMENT_3D('',#4559,#3749,#3750);
#3037=AXIS2_PLACEMENT_3D('',#4563,#3753,#3754);
#3038=AXIS2_PLACEMENT_3D('',#4567,#3757,#3758);
#3039=AXIS2_PLACEMENT_3D('',#4572,#3762,#3763);
#3040=AXIS2_PLACEMENT_3D('',#4574,#3765,#3766);
#3041=AXIS2_PLACEMENT_3D('',#4575,#3767,#3768);
#3042=AXIS2_PLACEMENT_3D('',#4577,#3770,#3771);
#3043=AXIS2_PLACEMENT_3D('',#4580,#3774,#3775);
#3044=AXIS2_PLACEMENT_3D('',#4582,#3777,#3778);
#3045=AXIS2_PLACEMENT_3D('',#4584,#3780,#3781);
#3046=AXIS2_PLACEMENT_3D('',#4586,#3783,#3784);
#3047=AXIS2_PLACEMENT_3D('',#4588,#3786,#3787);
#3048=DIRECTION('axis',(0.,0.,1.));
#3049=DIRECTION('refdir',(1.,0.,0.));
#3050=DIRECTION('center_axis',(0.,-1.,0.));
#3051=DIRECTION('ref_axis',(1.,0.,0.));
#3052=DIRECTION('center_axis',(0.,1.,0.));
#3053=DIRECTION('ref_axis',(1.,0.,0.));
#3054=DIRECTION('',(1.,0.,0.));
#3055=DIRECTION('center_axis',(0.,1.,0.));
#3056=DIRECTION('ref_axis',(1.,-7.85046229341887E-17,0.));
#3057=DIRECTION('',(0.,0.,1.));
#3058=DIRECTION('',(-1.,0.,0.));
#3059=DIRECTION('',(0.,0.,1.));
#3060=DIRECTION('center_axis',(-0.707106782537409,0.707106779835686,0.));
#3061=DIRECTION('ref_axis',(0.707106779835686,0.707106782537409,0.));
#3062=DIRECTION('center_axis',(-5.66244122701676E-9,1.,0.));
#3063=DIRECTION('ref_axis',(1.,5.66244128476552E-9,0.));
#3064=DIRECTION('',(0.707106782537409,-0.707106779835686,0.));
#3065=DIRECTION('center_axis',(1.,0.,0.));
#3066=DIRECTION('ref_axis',(0.,1.,0.));
#3067=DIRECTION('center_axis',(0.,-1.,0.));
#3068=DIRECTION('ref_axis',(1.,0.,0.));
#3069=DIRECTION('',(-0.707106782537409,0.707106779835686,0.));
#3070=DIRECTION('center_axis',(0.,1.,0.));
#3071=DIRECTION('ref_axis',(-1.,0.,0.));
#3072=DIRECTION('',(0.,0.,1.));
#3073=DIRECTION('',(1.,0.,0.));
#3074=DIRECTION('',(0.,0.,1.));
#3075=DIRECTION('center_axis',(0.,-1.,0.));
#3076=DIRECTION('ref_axis',(1.,-7.85046229341887E-17,0.));
#3077=DIRECTION('',(-1.,0.,0.));
#3078=DIRECTION('center_axis',(0.,0.,1.));
#3079=DIRECTION('ref_axis',(1.,0.,0.));
#3080=DIRECTION('',(-0.707106781186548,-0.707106781186547,0.));
#3081=DIRECTION('center_axis',(0.707106781186548,0.707106781186547,0.));
#3082=DIRECTION('ref_axis',(0.707106781186547,-0.707106781186548,0.));
#3083=DIRECTION('',(0.707106781186548,0.707106781186547,0.));
#3084=DIRECTION('center_axis',(-5.66244122701676E-9,1.,0.));
#3085=DIRECTION('ref_axis',(1.,5.6624412314566E-9,0.));
#3086=DIRECTION('center_axis',(-1.,0.,0.));
#3087=DIRECTION('ref_axis',(0.,-1.,0.));
#3088=DIRECTION('center_axis',(0.,0.,-1.));
#3089=DIRECTION('ref_axis',(-1.,0.,0.));
#3090=DIRECTION('center_axis',(0.,0.,-1.));
#3091=DIRECTION('ref_axis',(-1.,0.,0.));
#3092=DIRECTION('',(0.,0.,-1.));
#3093=DIRECTION('center_axis',(0.,0.,1.));
#3094=DIRECTION('ref_axis',(-1.,0.,0.));
#3095=DIRECTION('center_axis',(0.,0.,-1.));
#3096=DIRECTION('ref_axis',(-1.,0.,0.));
#3097=DIRECTION('center_axis',(0.,0.,-1.));
#3098=DIRECTION('ref_axis',(-1.,0.,0.));
#3099=DIRECTION('',(0.,0.,-1.));
#3100=DIRECTION('center_axis',(0.,0.,1.));
#3101=DIRECTION('ref_axis',(-1.,0.,0.));
#3102=DIRECTION('center_axis',(0.707106781186547,0.707106781186548,0.));
#3103=DIRECTION('ref_axis',(0.,0.,-1.));
#3104=DIRECTION('',(0.707106781186548,-0.707106781186547,0.));
#3105=DIRECTION('',(0.,0.,-1.));
#3106=DIRECTION('',(-0.707106781186548,0.707106781186547,0.));
#3107=DIRECTION('',(0.,0.,1.));
#3108=DIRECTION('center_axis',(0.,1.,0.));
#3109=DIRECTION('ref_axis',(-1.,0.,0.));
#3110=DIRECTION('',(-1.,0.,0.));
#3111=DIRECTION('',(0.,0.,1.));
#3112=DIRECTION('',(-1.,0.,0.));
#3113=DIRECTION('center_axis',(-0.707106781186547,0.707106781186548,0.));
#3114=DIRECTION('ref_axis',(0.,0.,1.));
#3115=DIRECTION('',(-0.707106781186548,-0.707106781186547,0.));
#3116=DIRECTION('',(0.,0.,1.));
#3117=DIRECTION('',(0.707106781186548,0.707106781186547,0.));
#3118=DIRECTION('',(0.,0.,-1.));
#3119=DIRECTION('center_axis',(0.,1.,0.));
#3120=DIRECTION('ref_axis',(-1.,0.,0.));
#3121=DIRECTION('',(-1.,0.,0.));
#3122=DIRECTION('',(0.,0.,-1.));
#3123=DIRECTION('',(-1.,0.,0.));
#3124=DIRECTION('center_axis',(-0.707106779184571,-0.707106783188524,0.));
#3125=DIRECTION('ref_axis',(0.,0.,1.));
#3126=DIRECTION('',(-0.707106783188524,0.707106779184571,0.));
#3127=DIRECTION('',(0.,0.,-1.));
#3128=DIRECTION('',(0.707106783188524,-0.707106779184571,0.));
#3129=DIRECTION('',(0.,0.,1.));
#3130=DIRECTION('center_axis',(-1.,0.,0.));
#3131=DIRECTION('ref_axis',(0.,-1.,0.));
#3132=DIRECTION('',(0.,-1.,0.));
#3133=DIRECTION('',(0.,0.,1.));
#3134=DIRECTION('',(0.,-1.,0.));
#3135=DIRECTION('center_axis',(-0.707106781186547,0.707106781186548,0.));
#3136=DIRECTION('ref_axis',(0.,0.,1.));
#3137=DIRECTION('',(0.707106781186548,0.707106781186547,0.));
#3138=DIRECTION('',(-0.707106781186548,-0.707106781186547,0.));
#3139=DIRECTION('center_axis',(0.707106783188523,-0.707106779184572,0.));
#3140=DIRECTION('ref_axis',(0.,0.,-1.));
#3141=DIRECTION('',(-0.707106779184572,-0.707106783188523,0.));
#3142=DIRECTION('',(0.,0.,-1.));
#3143=DIRECTION('',(0.707106779184572,0.707106783188523,0.));
#3144=DIRECTION('',(0.,0.,1.));
#3145=DIRECTION('center_axis',(1.,0.,0.));
#3146=DIRECTION('ref_axis',(0.,1.,0.));
#3147=DIRECTION('',(0.,1.,0.));
#3148=DIRECTION('',(0.,0.,-1.));
#3149=DIRECTION('',(0.,1.,0.));
#3150=DIRECTION('center_axis',(0.707106781186547,0.707106781186548,0.));
#3151=DIRECTION('ref_axis',(0.,0.,-1.));
#3152=DIRECTION('',(0.707106781186548,-0.707106781186547,0.));
#3153=DIRECTION('',(-0.707106781186548,0.707106781186547,0.));
#3154=DIRECTION('center_axis',(5.66244122701676E-9,-1.,0.));
#3155=DIRECTION('ref_axis',(1.,5.66244122701676E-9,0.));
#3156=DIRECTION('',(1.,5.66244122701676E-9,0.));
#3157=DIRECTION('',(1.,5.66244122701676E-9,0.));
#3158=DIRECTION('center_axis',(5.66244122701676E-9,-1.,0.));
#3159=DIRECTION('ref_axis',(1.,5.66244122701676E-9,0.));
#3160=DIRECTION('',(1.,5.66244122701676E-9,0.));
#3161=DIRECTION('',(1.,5.66244122701676E-9,0.));
#3162=DIRECTION('center_axis',(0.,0.,1.));
#3163=DIRECTION('ref_axis',(1.,0.,0.));
#3164=DIRECTION('',(0.,1.,0.));
#3165=DIRECTION('',(-1.,2.77555756156289E-17,0.));
#3166=DIRECTION('',(0.,-1.,0.));
#3167=DIRECTION('center_axis',(0.,1.,0.));
#3168=DIRECTION('ref_axis',(-1.,0.,0.));
#3169=DIRECTION('',(1.,0.,0.));
#3170=DIRECTION('',(0.,0.,1.));
#3171=DIRECTION('',(-1.,0.,0.));
#3172=DIRECTION('',(0.,0.,1.));
#3173=DIRECTION('center_axis',(0.,0.,1.));
#3174=DIRECTION('ref_axis',(1.,0.,0.));
#3175=DIRECTION('',(-1.,0.,0.));
#3176=DIRECTION('',(0.,-1.,0.));
#3177=DIRECTION('',(1.,-2.77555756156289E-17,0.));
#3178=DIRECTION('',(0.,1.,0.));
#3179=DIRECTION('center_axis',(2.77555756156289E-17,1.,0.));
#3180=DIRECTION('ref_axis',(-1.,2.77555756156289E-17,0.));
#3181=DIRECTION('',(0.,0.,-1.));
#3182=DIRECTION('',(0.,0.,1.));
#3183=DIRECTION('center_axis',(0.,1.,0.));
#3184=DIRECTION('ref_axis',(-1.,0.,0.));
#3185=DIRECTION('',(1.,0.,0.));
#3186=DIRECTION('',(0.,0.,1.));
#3187=DIRECTION('',(-1.,2.22044604925032E-15,0.));
#3188=DIRECTION('',(0.,0.,1.));
#3189=DIRECTION('center_axis',(1.,0.,0.));
#3190=DIRECTION('ref_axis',(0.,1.,0.));
#3191=DIRECTION('',(0.,-1.,0.));
#3192=DIRECTION('',(0.,0.,1.));
#3193=DIRECTION('',(0.,1.,0.));
#3194=DIRECTION('center_axis',(0.,-1.,0.));
#3195=DIRECTION('ref_axis',(1.,0.,0.));
#3196=DIRECTION('',(-1.,0.,0.));
#3197=DIRECTION('',(0.,0.,1.));
#3198=DIRECTION('',(1.,0.,0.));
#3199=DIRECTION('center_axis',(-1.,0.,0.));
#3200=DIRECTION('ref_axis',(0.,-1.,0.));
#3201=DIRECTION('',(0.,1.,0.));
#3202=DIRECTION('',(0.,-1.,0.));
#3203=DIRECTION('center_axis',(0.,0.,1.));
#3204=DIRECTION('ref_axis',(1.,0.,0.));
#3205=DIRECTION('',(1.,0.,0.));
#3206=DIRECTION('',(0.,1.,0.));
#3207=DIRECTION('',(0.,-1.,0.));
#3208=DIRECTION('center_axis',(0.,0.,1.));
#3209=DIRECTION('ref_axis',(1.,0.,0.));
#3210=DIRECTION('',(-1.,0.,0.));
#3211=DIRECTION('',(0.,1.,0.));
#3212=DIRECTION('',(1.,0.,0.));
#3213=DIRECTION('',(0.,-1.,0.));
#3214=DIRECTION('center_axis',(0.,0.,-1.));
#3215=DIRECTION('ref_axis',(1.,0.,0.));
#3216=DIRECTION('center_axis',(0.,0.,-1.));
#3217=DIRECTION('ref_axis',(1.,0.,0.));
#3218=DIRECTION('center_axis',(0.,1.,0.));
#3219=DIRECTION('ref_axis',(-1.,0.,0.));
#3220=DIRECTION('',(0.,0.,-1.));
#3221=DIRECTION('',(0.,0.,1.));
#3222=DIRECTION('center_axis',(0.,-1.,0.));
#3223=DIRECTION('ref_axis',(1.,0.,0.));
#3224=DIRECTION('',(0.,0.,-1.));
#3225=DIRECTION('',(0.,0.,1.));
#3226=DIRECTION('center_axis',(0.,0.,1.));
#3227=DIRECTION('ref_axis',(1.,0.,0.));
#3228=DIRECTION('center_axis',(0.,0.,1.));
#3229=DIRECTION('ref_axis',(1.,0.,0.));
#3230=DIRECTION('center_axis',(0.,0.,1.));
#3231=DIRECTION('ref_axis',(1.,0.,0.));
#3232=DIRECTION('',(0.,0.,-1.));
#3233=DIRECTION('center_axis',(0.,0.,1.));
#3234=DIRECTION('ref_axis',(1.,0.,0.));
#3235=DIRECTION('center_axis',(0.,0.,1.));
#3236=DIRECTION('ref_axis',(1.,0.,0.));
#3237=DIRECTION('center_axis',(0.,0.,1.));
#3238=DIRECTION('ref_axis',(1.,0.,0.));
#3239=DIRECTION('',(0.,0.,-1.));
#3240=DIRECTION('center_axis',(0.,1.,0.));
#3241=DIRECTION('ref_axis',(1.,0.,0.));
#3242=DIRECTION('',(1.,0.,0.));
#3243=DIRECTION('',(0.,0.,-1.));
#3244=DIRECTION('',(-1.,0.,0.));
#3245=DIRECTION('',(0.,0.,1.));
#3246=DIRECTION('center_axis',(-0.707106781186548,0.707106781186548,0.));
#3247=DIRECTION('ref_axis',(0.,0.,1.));
#3248=DIRECTION('',(0.707106781186548,0.707106781186548,0.));
#3249=DIRECTION('',(0.,0.,1.));
#3250=DIRECTION('',(0.707106781186548,0.707106781186548,0.));
#3251=DIRECTION('center_axis',(-1.,0.,0.));
#3252=DIRECTION('ref_axis',(0.,1.,0.));
#3253=DIRECTION('',(0.,1.,0.));
#3254=DIRECTION('',(0.,0.,-1.));
#3255=DIRECTION('',(1.70803410862785E-16,-1.,0.));
#3256=DIRECTION('center_axis',(0.707106781186548,0.707106781186548,0.));
#3257=DIRECTION('ref_axis',(0.,0.,-1.));
#3258=DIRECTION('',(0.707106781186548,-0.707106781186548,0.));
#3259=DIRECTION('',(0.707106781186548,-0.707106781186548,0.));
#3260=DIRECTION('',(0.,0.,-1.));
#3261=DIRECTION('center_axis',(0.,-1.,0.));
#3262=DIRECTION('ref_axis',(-1.,0.,0.));
#3263=DIRECTION('',(-1.,0.,0.));
#3264=DIRECTION('',(0.,0.,-1.));
#3265=DIRECTION('',(1.,0.,0.));
#3266=DIRECTION('',(0.,0.,1.));
#3267=DIRECTION('center_axis',(0.707106781186547,-0.707106781186548,0.));
#3268=DIRECTION('ref_axis',(0.,0.,-1.));
#3269=DIRECTION('',(-0.707106781186548,-0.707106781186547,0.));
#3270=DIRECTION('',(-0.707106781186548,-0.707106781186547,0.));
#3271=DIRECTION('',(0.,0.,-1.));
#3272=DIRECTION('center_axis',(1.,0.,0.));
#3273=DIRECTION('ref_axis',(0.,-1.,0.));
#3274=DIRECTION('',(0.,-1.,0.));
#3275=DIRECTION('',(0.,1.,0.));
#3276=DIRECTION('',(0.,0.,1.));
#3277=DIRECTION('center_axis',(0.707106781186547,-0.707106781186548,0.));
#3278=DIRECTION('ref_axis',(0.,0.,-1.));
#3279=DIRECTION('',(-0.707106781186548,-0.707106781186547,0.));
#3280=DIRECTION('',(-0.707106781186548,-0.707106781186547,0.));
#3281=DIRECTION('center_axis',(0.,0.,-1.));
#3282=DIRECTION('ref_axis',(-1.,0.,0.));
#3283=DIRECTION('',(0.,1.,0.));
#3284=DIRECTION('',(1.,0.,0.));
#3285=DIRECTION('',(0.,-1.,0.));
#3286=DIRECTION('',(0.707106781186548,-0.707106781186547,0.));
#3287=DIRECTION('',(1.,0.,0.));
#3288=DIRECTION('',(0.707106781186548,-0.707106781186547,0.));
#3289=DIRECTION('',(0.,-1.,0.));
#3290=DIRECTION('',(-0.707106781186547,-0.707106781186547,0.));
#3291=DIRECTION('',(-1.,0.,0.));
#3292=DIRECTION('',(-0.707106781186547,0.707106781186547,0.));
#3293=DIRECTION('',(0.,1.,0.));
#3294=DIRECTION('',(0.707106781186548,0.707106781186547,0.));
#3295=DIRECTION('',(1.,0.,0.));
#3296=DIRECTION('',(0.707106781186548,0.707106781186547,0.));
#3297=DIRECTION('center_axis',(0.,-0.707106781186548,-0.707106781186547));
#3298=DIRECTION('ref_axis',(-1.,0.,0.));
#3299=DIRECTION('',(-0.577350269189626,-0.577350269189626,0.577350269189626));
#3300=DIRECTION('',(-1.,0.,0.));
#3301=DIRECTION('',(-0.577350326544222,0.577350240512326,-0.577350240512326));
#3302=DIRECTION('',(0.,-0.707106781186547,0.707106781186548));
#3303=DIRECTION('',(-1.,0.,0.));
#3304=DIRECTION('',(0.,0.707106781186547,-0.707106781186548));
#3305=DIRECTION('center_axis',(-0.707106781186547,-0.707106781186548,0.));
#3306=DIRECTION('ref_axis',(0.,0.,1.));
#3307=DIRECTION('',(-0.707106781186548,0.707106781186547,0.));
#3308=DIRECTION('',(0.,0.,1.));
#3309=DIRECTION('',(-0.707106781186548,0.707106781186547,0.));
#3310=DIRECTION('',(0.,0.,-1.));
#3311=DIRECTION('center_axis',(0.,-1.,0.));
#3312=DIRECTION('ref_axis',(-1.,0.,0.));
#3313=DIRECTION('',(-1.,0.,0.));
#3314=DIRECTION('',(1.,0.,0.));
#3315=DIRECTION('',(0.,0.,1.));
#3316=DIRECTION('center_axis',(-0.707106781186547,-0.707106781186548,0.));
#3317=DIRECTION('ref_axis',(0.,0.,1.));
#3318=DIRECTION('',(-0.707106781186548,0.707106781186547,0.));
#3319=DIRECTION('',(-0.707106781186548,0.707106781186547,0.));
#3320=DIRECTION('center_axis',(-0.5,-0.500000000000001,-0.707106781186547));
#3321=DIRECTION('ref_axis',(-0.816496580927726,0.,0.577350269189626));
#3322=DIRECTION('',(-0.678598344545848,-0.281084637714818,0.678598344545847));
#3323=DIRECTION('',(-0.281084637714821,-0.678598344545846,0.678598344545847));
#3324=DIRECTION('center_axis',(-0.499999999999999,-0.5,-0.707106781186548));
#3325=DIRECTION('ref_axis',(-0.816496580927727,0.,0.577350269189624));
#3326=DIRECTION('',(0.678598344545847,0.281084637714822,-0.678598344545846));
#3327=DIRECTION('',(-0.281084637714822,-0.678598344545846,0.678598344545847));
#3328=DIRECTION('center_axis',(-0.707106781186547,0.,-0.707106781186548));
#3329=DIRECTION('ref_axis',(-0.707106781186548,0.,0.707106781186547));
#3330=DIRECTION('',(-0.678598344545848,0.281084637714818,0.678598344545847));
#3331=DIRECTION('center_axis',(-0.500000000000001,0.500000000000001,-0.707106781186547));
#3332=DIRECTION('ref_axis',(-0.816496580927726,0.,0.577350269189627));
#3333=DIRECTION('',(-0.281084637714818,0.678598344545848,0.678598344545847));
#3334=DIRECTION('center_axis',(0.,-0.382683432365089,-0.923879532511287));
#3335=DIRECTION('ref_axis',(-1.,0.,0.));
#3336=DIRECTION('',(-0.357406790791226,0.862856193036823,-0.357406737533468));
#3337=DIRECTION('',(-0.357406744336593,-0.862856209461017,0.357406744336592));
#3338=DIRECTION('center_axis',(0.,0.707106781186547,-0.707106781186548));
#3339=DIRECTION('ref_axis',(-1.,0.,0.));
#3340=DIRECTION('',(0.281084637714818,0.678598344545848,0.678598344545847));
#3341=DIRECTION('center_axis',(0.500000000000001,0.500000000000001,-0.707106781186547));
#3342=DIRECTION('ref_axis',(-0.816496580927726,0.,-0.577350269189627));
#3343=DIRECTION('',(0.678598344545848,0.281084637714818,0.678598344545847));
#3344=DIRECTION('center_axis',(0.707106781186547,0.,-0.707106781186548));
#3345=DIRECTION('ref_axis',(-0.707106781186548,0.,-0.707106781186547));
#3346=DIRECTION('',(0.678598344545847,-0.281084637714821,0.678598344545847));
#3347=DIRECTION('center_axis',(0.5,-0.500000000000001,-0.707106781186547));
#3348=DIRECTION('ref_axis',(-0.816496580927726,0.,-0.577350269189626));
#3349=DIRECTION('',(0.281084637714821,-0.678598344545846,0.678598344545847));
#3350=DIRECTION('center_axis',(0.,-0.707106781186548,-0.707106781186547));
#3351=DIRECTION('ref_axis',(-1.,0.,0.));
#3352=DIRECTION('',(0.281084637714822,-0.678598344545846,0.678598344545847));
#3353=DIRECTION('center_axis',(0.499999999999999,-0.5,-0.707106781186548));
#3354=DIRECTION('ref_axis',(-0.816496580927727,0.,-0.577350269189624));
#3355=DIRECTION('',(0.678598418387798,-0.281084525297257,0.678598317268761));
#3356=DIRECTION('center_axis',(0.707106728502985,0.,-0.707106833870106));
#3357=DIRECTION('ref_axis',(-0.707106833870106,0.,-0.707106728502985));
#3358=DIRECTION('',(0.,-1.,0.));
#3359=DIRECTION('center_axis',(-0.707106781186548,0.,-0.707106781186547));
#3360=DIRECTION('ref_axis',(-0.707106781186547,0.,0.707106781186548));
#3361=DIRECTION('',(0.,1.,0.));
#3362=DIRECTION('center_axis',(0.,-0.707106781186548,-0.707106781186547));
#3363=DIRECTION('ref_axis',(-1.,0.,0.));
#3364=DIRECTION('center_axis',(1.,0.,0.));
#3365=DIRECTION('ref_axis',(0.,1.,0.));
#3366=DIRECTION('',(0.,1.,0.));
#3367=DIRECTION('center_axis',(-1.,0.,0.));
#3368=DIRECTION('ref_axis',(0.,-1.,0.));
#3369=DIRECTION('',(0.,-1.,0.));
#3370=DIRECTION('center_axis',(0.,0.,1.));
#3371=DIRECTION('ref_axis',(1.,0.,0.));
#3372=DIRECTION('',(0.,1.,0.));
#3373=DIRECTION('',(0.,-1.,0.));
#3374=DIRECTION('center_axis',(-1.,0.,0.));
#3375=DIRECTION('ref_axis',(0.,1.,0.));
#3376=DIRECTION('',(0.,1.,0.));
#3377=DIRECTION('center_axis',(0.,0.,1.));
#3378=DIRECTION('ref_axis',(1.,0.,0.));
#3379=DIRECTION('',(0.,-1.,0.));
#3380=DIRECTION('center_axis',(1.,0.,0.));
#3381=DIRECTION('ref_axis',(0.,1.,0.));
#3382=DIRECTION('center_axis',(1.,0.,0.));
#3383=DIRECTION('ref_axis',(0.,0.,-1.));
#3384=DIRECTION('',(0.,0.,1.));
#3385=DIRECTION('',(0.,1.,0.));
#3386=DIRECTION('',(0.,0.,1.));
#3387=DIRECTION('',(0.,1.,0.));
#3388=DIRECTION('center_axis',(0.707106781186548,0.,0.707106781186548));
#3389=DIRECTION('ref_axis',(0.707106781186548,0.,-0.707106781186548));
#3390=DIRECTION('',(-0.707106781186548,0.,0.707106781186548));
#3391=DIRECTION('',(-0.707106781186548,0.,0.707106781186548));
#3392=DIRECTION('',(0.,1.,0.));
#3393=DIRECTION('center_axis',(1.88748042775602E-8,-1.,0.));
#3394=DIRECTION('ref_axis',(1.,1.88748042775602E-8,0.));
#3395=DIRECTION('center_axis',(-1.88748042775602E-8,1.,0.));
#3396=DIRECTION('ref_axis',(1.,1.88748043225868E-8,0.));
#3397=DIRECTION('',(1.,1.88748042775602E-8,0.));
#3398=DIRECTION('',(0.,0.,-1.));
#3399=DIRECTION('',(1.,1.88748042775602E-8,0.));
#3400=DIRECTION('center_axis',(-0.707106782537409,0.707106779835686,0.));
#3401=DIRECTION('ref_axis',(1.11022302462516E-16,5.55111512312578E-17,1.));
#3402=DIRECTION('',(-0.707106782537409,0.707106779835686,0.));
#3403=DIRECTION('center_axis',(-1.33465020982316E-8,0.707106781186546,-0.707106781186549));
#3404=DIRECTION('ref_axis',(0.816496579399083,-0.4082482842869,-0.408248299698111));
#3405=DIRECTION('',(0.707106782537409,-0.707106779835686,0.));
#3406=DIRECTION('center_axis',(-1.,-3.82081157141749E-9,0.));
#3407=DIRECTION('ref_axis',(-3.82081143390377E-9,1.,0.));
#3408=DIRECTION('center_axis',(-0.707106782537409,0.707106779835686,0.));
#3409=DIRECTION('ref_axis',(0.707106779835686,0.707106782537409,0.));
#3410=DIRECTION('center_axis',(0.,1.,0.));
#3411=DIRECTION('ref_axis',(1.,0.,0.));
#3412=DIRECTION('',(0.707106782537409,-0.707106779835686,0.));
#3413=DIRECTION('center_axis',(0.,-1.,0.));
#3414=DIRECTION('ref_axis',(1.,0.,0.));
#3415=DIRECTION('center_axis',(1.,0.,0.));
#3416=DIRECTION('ref_axis',(0.,1.,0.));
#3417=DIRECTION('center_axis',(0.,1.,0.));
#3418=DIRECTION('ref_axis',(-1.,0.,0.));
#3419=DIRECTION('',(-1.,0.,0.));
#3420=DIRECTION('center_axis',(0.,-1.,0.));
#3421=DIRECTION('ref_axis',(1.,-7.85046229341887E-17,0.));
#3422=DIRECTION('',(0.,0.,1.));
#3423=DIRECTION('',(-1.,0.,0.));
#3424=DIRECTION('',(0.,0.,1.));
#3425=DIRECTION('center_axis',(0.,0.,1.));
#3426=DIRECTION('ref_axis',(-1.,0.,0.));
#3427=DIRECTION('',(1.,0.,0.));
#3428=DIRECTION('',(0.707106781186548,0.707106781186547,0.));
#3429=DIRECTION('center_axis',(0.,0.,1.));
#3430=DIRECTION('ref_axis',(1.,0.,0.));
#3431=DIRECTION('',(-1.,-1.88748042775602E-8,0.));
#3432=DIRECTION('',(-0.707106774513297,-0.707106787859798,0.));
#3433=DIRECTION('',(0.,-1.,0.));
#3434=DIRECTION('',(0.707106781186548,-0.707106781186547,0.));
#3435=DIRECTION('',(1.,0.,0.));
#3436=DIRECTION('',(0.707106782537409,-0.707106779835686,0.));
#3437=DIRECTION('',(-3.82081157141749E-9,1.,0.));
#3438=DIRECTION('center_axis',(0.,0.,-1.));
#3439=DIRECTION('ref_axis',(-1.,0.,0.));
#3440=DIRECTION('center_axis',(0.707106782537409,-0.707106779835686,0.));
#3441=DIRECTION('ref_axis',(0.,0.,-1.));
#3442=DIRECTION('',(0.,0.,1.));
#3443=DIRECTION('',(-0.577350267718994,-0.577350269924942,0.577350269924941));
#3444=DIRECTION('',(-0.577350267718993,-0.577350269924941,-0.577350269924943));
#3445=DIRECTION('',(0.,0.,-1.));
#3446=DIRECTION('center_axis',(0.,-1.,0.));
#3447=DIRECTION('ref_axis',(1.,0.,0.));
#3448=DIRECTION('',(1.,0.,0.));
#3449=DIRECTION('',(0.,0.,1.));
#3450=DIRECTION('center_axis',(0.,1.,0.));
#3451=DIRECTION('ref_axis',(1.,-7.85046229341887E-17,0.));
#3452=DIRECTION('center_axis',(0.,0.,1.));
#3453=DIRECTION('ref_axis',(1.,0.,0.));
#3454=DIRECTION('',(0.707106781186548,0.707106781186547,0.));
#3455=DIRECTION('',(0.,-1.,0.));
#3456=DIRECTION('',(0.707106781186548,0.707106781186547,0.));
#3457=DIRECTION('',(1.,-1.48029736616688E-16,0.));
#3458=DIRECTION('',(0.707106781186548,0.707106781186547,0.));
#3459=DIRECTION('',(0.,1.,0.));
#3460=DIRECTION('',(-0.707106781186548,0.707106781186547,0.));
#3461=DIRECTION('',(-1.,0.,0.));
#3462=DIRECTION('center_axis',(0.,0.,-1.));
#3463=DIRECTION('ref_axis',(-1.,0.,0.));
#3464=DIRECTION('center_axis',(0.707106781186548,0.707106781186547,0.));
#3465=DIRECTION('ref_axis',(0.,-1.11022302462516E-16,1.));
#3466=DIRECTION('center_axis',(1.,0.,0.));
#3467=DIRECTION('ref_axis',(0.,-1.,0.));
#3468=DIRECTION('center_axis',(0.,0.707106781186547,-0.707106781186548));
#3469=DIRECTION('ref_axis',(0.816496580927726,0.408248290463864,0.408248290463863));
#3470=DIRECTION('center_axis',(0.,1.,0.));
#3471=DIRECTION('ref_axis',(1.,0.,0.));
#3472=DIRECTION('',(-0.707106781186548,-0.707106781186547,0.));
#3473=DIRECTION('center_axis',(-1.,0.,0.));
#3474=DIRECTION('ref_axis',(0.,-1.,0.));
#3475=DIRECTION('center_axis',(0.707106781186548,0.707106781186548,0.));
#3476=DIRECTION('ref_axis',(0.707106781186547,-0.707106781186548,0.));
#3477=DIRECTION('center_axis',(-0.707106781186548,-0.707106781186548,0.));
#3478=DIRECTION('ref_axis',(0.,0.,1.));
#3479=DIRECTION('',(-0.577350269189625,0.577350269189625,0.577350269189627));
#3480=DIRECTION('',(-0.577350269189626,0.577350269189626,-0.577350269189626));
#3481=DIRECTION('',(0.,0.,-1.));
#3482=DIRECTION('center_axis',(0.,-1.,0.));
#3483=DIRECTION('ref_axis',(1.,0.,0.));
#3484=DIRECTION('',(1.,0.,0.));
#3485=DIRECTION('',(0.,0.,1.));
#3486=DIRECTION('',(1.,0.,0.));
#3487=DIRECTION('center_axis',(0.,0.,-1.));
#3488=DIRECTION('ref_axis',(-1.,0.,0.));
#3489=DIRECTION('',(0.,0.,-1.));
#3490=DIRECTION('center_axis',(0.,0.,-1.));
#3491=DIRECTION('ref_axis',(-1.,0.,0.));
#3492=DIRECTION('center_axis',(0.,0.,1.));
#3493=DIRECTION('ref_axis',(-1.,0.,0.));
#3494=DIRECTION('center_axis',(0.,0.,1.));
#3495=DIRECTION('ref_axis',(-1.,0.,0.));
#3496=DIRECTION('center_axis',(0.,0.,-1.));
#3497=DIRECTION('ref_axis',(-1.,0.,0.));
#3498=DIRECTION('',(0.,0.,-1.));
#3499=DIRECTION('center_axis',(0.,0.,-1.));
#3500=DIRECTION('ref_axis',(-1.,0.,0.));
#3501=DIRECTION('center_axis',(0.,0.,1.));
#3502=DIRECTION('ref_axis',(-1.,0.,0.));
#3503=DIRECTION('center_axis',(0.,0.,1.));
#3504=DIRECTION('ref_axis',(-1.,0.,0.));
#3505=DIRECTION('center_axis',(0.,0.,-1.));
#3506=DIRECTION('ref_axis',(-1.,0.,0.));
#3507=DIRECTION('',(0.,0.,-1.));
#3508=DIRECTION('center_axis',(0.,0.,1.));
#3509=DIRECTION('ref_axis',(-1.,0.,0.));
#3510=DIRECTION('center_axis',(0.,0.,-1.));
#3511=DIRECTION('ref_axis',(-1.,0.,0.));
#3512=DIRECTION('',(0.,0.,-1.));
#3513=DIRECTION('center_axis',(0.,0.,1.));
#3514=DIRECTION('ref_axis',(-1.,0.,0.));
#3515=DIRECTION('center_axis',(0.499999999044797,0.500000000955203,0.707106781186548));
#3516=DIRECTION('ref_axis',(0.816496581447673,0.,-0.577350268454309));
#3517=DIRECTION('',(-0.707106782537409,0.707106779835686,0.));
#3518=DIRECTION('',(-3.1196795864181E-9,0.816496581447673,-0.57735026845431));
#3519=DIRECTION('',(0.28108463701541,0.6785983446907,-0.678598344690699));
#3520=DIRECTION('center_axis',(0.,0.707106781186547,0.707106781186548));
#3521=DIRECTION('ref_axis',(1.,0.,0.));
#3522=DIRECTION('',(0.28108463771481,0.67859834454585,-0.678598344545848));
#3523=DIRECTION('',(-1.,0.,0.));
#3524=DIRECTION('center_axis',(0.500000000000002,0.500000000000002,0.707106781186544));
#3525=DIRECTION('ref_axis',(0.816496580927724,0.,-0.577350269189629));
#3526=DIRECTION('',(0.67859834454585,0.28108463771481,-0.678598344545848));
#3527=DIRECTION('',(-0.707106781186548,0.707106781186547,0.));
#3528=DIRECTION('center_axis',(0.707106781186547,0.,0.707106781186548));
#3529=DIRECTION('ref_axis',(0.707106781186548,0.,-0.707106781186547));
#3530=DIRECTION('',(0.678598345261422,-0.28108463425972,-0.678598345261421));
#3531=DIRECTION('',(0.,1.,0.));
#3532=DIRECTION('center_axis',(0.500000004718702,-0.4999999952813,0.707106781186546));
#3533=DIRECTION('ref_axis',(0.81649657835919,0.,-0.577350272822084));
#3534=DIRECTION('',(0.28108464706813,-0.678598339956005,-0.678598345261421));
#3535=DIRECTION('',(0.707106774513297,0.707106787859798,0.));
#3536=DIRECTION('center_axis',(1.33465020982316E-8,-0.707106781186546,0.707106781186549));
#3537=DIRECTION('ref_axis',(1.,0.,-1.88748042775601E-8));
#3538=DIRECTION('center_axis',(0.707106779835686,0.707106782537409,0.));
#3539=DIRECTION('ref_axis',(0.,0.,-1.));
#3540=DIRECTION('',(0.,0.,-1.));
#3541=DIRECTION('',(-0.707106782537409,0.707106779835686,0.));
#3542=DIRECTION('',(0.,0.,1.));
#3543=DIRECTION('center_axis',(0.,1.,0.));
#3544=DIRECTION('ref_axis',(-1.,0.,0.));
#3545=DIRECTION('',(0.,0.,1.));
#3546=DIRECTION('',(-1.,0.,0.));
#3547=DIRECTION('center_axis',(0.707106781186547,0.707106781186548,0.));
#3548=DIRECTION('ref_axis',(0.,0.,-1.));
#3549=DIRECTION('',(0.,0.,-1.));
#3550=DIRECTION('',(-0.707106781186548,0.707106781186547,0.));
#3551=DIRECTION('center_axis',(1.,0.,0.));
#3552=DIRECTION('ref_axis',(0.,1.,0.));
#3553=DIRECTION('',(0.,0.,1.));
#3554=DIRECTION('',(0.,1.,0.));
#3555=DIRECTION('center_axis',(0.707106787859798,-0.707106774513297,0.));
#3556=DIRECTION('ref_axis',(0.,0.,-1.));
#3557=DIRECTION('',(0.707106774513297,0.707106787859798,0.));
#3558=DIRECTION('center_axis',(0.,-0.707106781186547,0.707106781186548));
#3559=DIRECTION('ref_axis',(1.,0.,0.));
#3560=DIRECTION('',(-0.281084637714815,-0.678598344545849,-0.678598344545847));
#3561=DIRECTION('center_axis',(-0.500000000000001,-0.500000000000002,0.707106781186545));
#3562=DIRECTION('ref_axis',(0.816496580927724,0.,0.577350269189628));
#3563=DIRECTION('',(0.707106781186548,-0.707106781186547,0.));
#3564=DIRECTION('',(-0.678598344545849,-0.281084637714817,-0.678598344545847));
#3565=DIRECTION('center_axis',(-0.707106781186547,0.,0.707106781186548));
#3566=DIRECTION('ref_axis',(0.707106781186548,0.,0.707106781186547));
#3567=DIRECTION('',(0.,-1.,0.));
#3568=DIRECTION('',(-0.67859834454585,0.28108463771481,-0.678598344545848));
#3569=DIRECTION('center_axis',(-0.500000000000002,0.500000000000002,0.707106781186544));
#3570=DIRECTION('ref_axis',(0.816496580927724,0.,0.577350269189629));
#3571=DIRECTION('',(-0.707106781186548,-0.707106781186547,0.));
#3572=DIRECTION('',(-0.28108463771481,0.67859834454585,-0.678598344545849));
#3573=DIRECTION('center_axis',(1.04672830578918E-16,0.707106781186547,0.707106781186548));
#3574=DIRECTION('ref_axis',(1.,0.,-1.48029736616687E-16));
#3575=DIRECTION('',(-1.,1.48029736616688E-16,0.));
#3576=DIRECTION('',(-0.281084637714822,0.678598344545847,-0.678598344545847));
#3577=DIRECTION('center_axis',(-0.5,0.5,0.707106781186548));
#3578=DIRECTION('ref_axis',(0.816496580927726,0.,0.577350269189625));
#3579=DIRECTION('',(0.,-0.816496580927726,0.577350269189625));
#3580=DIRECTION('',(-0.707106781186548,-0.707106781186547,0.));
#3581=DIRECTION('center_axis',(-0.707106781186547,-0.707106781186548,0.));
#3582=DIRECTION('ref_axis',(0.,0.,1.));
#3583=DIRECTION('',(0.,0.,-1.));
#3584=DIRECTION('',(0.707106781186548,-0.707106781186547,0.));
#3585=DIRECTION('center_axis',(-1.,0.,0.));
#3586=DIRECTION('ref_axis',(0.,-1.,0.));
#3587=DIRECTION('',(0.,0.,1.));
#3588=DIRECTION('',(0.,-1.,0.));
#3589=DIRECTION('center_axis',(-0.707106781186547,0.707106781186548,0.));
#3590=DIRECTION('ref_axis',(0.,0.,1.));
#3591=DIRECTION('',(0.,0.,-1.));
#3592=DIRECTION('',(-0.707106781186548,-0.707106781186547,0.));
#3593=DIRECTION('center_axis',(1.48029736616688E-16,1.,0.));
#3594=DIRECTION('ref_axis',(-1.,1.48029736616688E-16,0.));
#3595=DIRECTION('',(0.,0.,1.));
#3596=DIRECTION('',(-1.,1.48029736616688E-16,0.));
#3597=DIRECTION('center_axis',(-0.707106781186547,0.707106781186548,0.));
#3598=DIRECTION('ref_axis',(0.,0.,1.));
#3599=DIRECTION('',(0.,0.,-1.));
#3600=DIRECTION('',(-0.707106781186548,-0.707106781186547,0.));
#3601=DIRECTION('center_axis',(0.,-0.707106781186549,0.707106781186546));
#3602=DIRECTION('ref_axis',(1.,0.,0.));
#3603=DIRECTION('',(0.577350270660257,-0.577350268454309,-0.577350268454311));
#3604=DIRECTION('',(-1.,0.,0.));
#3605=DIRECTION('',(-0.577350269189626,-0.577350269189624,-0.577350269189627));
#3606=DIRECTION('center_axis',(1.,3.82081157141749E-9,0.));
#3607=DIRECTION('ref_axis',(-3.82081157141749E-9,1.,0.));
#3608=DIRECTION('',(-3.82081157141749E-9,1.,0.));
#3609=DIRECTION('',(-3.82081157141749E-9,1.,0.));
#3610=DIRECTION('center_axis',(0.707106781186548,2.70172177178534E-9,0.707106781186548));
#3611=DIRECTION('ref_axis',(0.707106781186548,0.,-0.707106781186548));
#3612=DIRECTION('',(3.82081157141749E-9,-1.,0.));
#3613=DIRECTION('center_axis',(0.,-1.,0.));
#3614=DIRECTION('ref_axis',(1.,0.,0.));
#3615=DIRECTION('',(0.,0.,1.));
#3616=DIRECTION('',(1.,0.,0.));
#3617=DIRECTION('',(0.,0.,-1.));
#3618=DIRECTION('',(1.,0.,0.));
#3619=DIRECTION('center_axis',(-1.,0.,0.));
#3620=DIRECTION('ref_axis',(0.,-1.,0.));
#3621=DIRECTION('',(0.,-1.,0.));
#3622=DIRECTION('',(0.,-1.,0.));
#3623=DIRECTION('center_axis',(0.,0.,1.));
#3624=DIRECTION('ref_axis',(-1.,0.,0.));
#3625=DIRECTION('',(0.,1.,0.));
#3626=DIRECTION('center_axis',(0.,0.707106781186548,0.707106781186548));
#3627=DIRECTION('ref_axis',(1.,0.,0.));
#3628=DIRECTION('',(-0.577350269189626,0.577350269189626,-0.577350269189626));
#3629=DIRECTION('',(0.,-0.707106781186548,0.707106781186548));
#3630=DIRECTION('',(1.,0.,0.));
#3631=DIRECTION('',(-2.70172177178534E-9,0.707106781186548,-0.707106781186548));
#3632=DIRECTION('',(0.577350267718995,0.577350269924941,-0.577350269924941));
#3633=DIRECTION('',(1.,0.,0.));
#3634=DIRECTION('center_axis',(0.,1.,0.));
#3635=DIRECTION('ref_axis',(-1.,0.,0.));
#3636=DIRECTION('',(-1.,0.,0.));
#3637=DIRECTION('',(0.,0.,1.));
#3638=DIRECTION('',(0.,0.,1.));
#3639=DIRECTION('center_axis',(0.,0.707106781186548,0.707106781186548));
#3640=DIRECTION('ref_axis',(1.,0.,0.));
#3641=DIRECTION('',(-0.577350267718995,-0.577350269924941,0.577350269924941));
#3642=DIRECTION('',(-2.70172177178534E-9,0.707106781186548,-0.707106781186548));
#3643=DIRECTION('',(0.,-0.707106781186548,0.707106781186548));
#3644=DIRECTION('',(-0.577350269189625,0.577350269189626,-0.577350269189626));
#3645=DIRECTION('',(-1.,0.,0.));
#3646=DIRECTION('center_axis',(0.,0.38268343236509,0.923879532511287));
#3647=DIRECTION('ref_axis',(1.,0.,0.));
#3648=DIRECTION('',(-0.357406744336592,0.862856209461017,-0.357406744336593));
#3649=DIRECTION('',(1.,0.,0.));
#3650=DIRECTION('',(0.357406741460915,0.862856210477722,-0.357406744757727));
#3651=DIRECTION('center_axis',(0.707106782537409,-0.707106779835686,0.));
#3652=DIRECTION('ref_axis',(0.,0.,-1.));
#3653=DIRECTION('',(0.707106779835686,0.707106782537409,0.));
#3654=DIRECTION('',(0.,0.,-1.));
#3655=DIRECTION('',(0.707106779835686,0.707106782537409,0.));
#3656=DIRECTION('',(0.,0.,1.));
#3657=DIRECTION('center_axis',(0.,-1.,0.));
#3658=DIRECTION('ref_axis',(1.,0.,0.));
#3659=DIRECTION('',(1.,0.,0.));
#3660=DIRECTION('',(1.,0.,0.));
#3661=DIRECTION('',(0.,0.,-1.));
#3662=DIRECTION('center_axis',(0.707106781186547,-0.707106781186548,0.));
#3663=DIRECTION('ref_axis',(0.,0.,-1.));
#3664=DIRECTION('',(0.707106781186548,0.707106781186547,0.));
#3665=DIRECTION('',(0.707106781186548,0.707106781186547,0.));
#3666=DIRECTION('',(0.,0.,1.));
#3667=DIRECTION('center_axis',(1.,0.,0.));
#3668=DIRECTION('ref_axis',(0.,1.,0.));
#3669=DIRECTION('',(0.,1.,0.));
#3670=DIRECTION('',(0.,1.,0.));
#3671=DIRECTION('',(0.,0.,-1.));
#3672=DIRECTION('center_axis',(0.707106781186548,0.707106781186548,0.));
#3673=DIRECTION('ref_axis',(0.,0.,-1.));
#3674=DIRECTION('',(-0.707106781186548,0.707106781186548,0.));
#3675=DIRECTION('',(-0.707106781186548,0.707106781186548,0.));
#3676=DIRECTION('',(0.,0.,1.));
#3677=DIRECTION('center_axis',(0.,1.,0.));
#3678=DIRECTION('ref_axis',(-1.,0.,0.));
#3679=DIRECTION('',(-1.,0.,0.));
#3680=DIRECTION('',(-1.,0.,0.));
#3681=DIRECTION('',(0.,0.,-1.));
#3682=DIRECTION('center_axis',(-0.707106781186546,0.707106781186549,0.));
#3683=DIRECTION('ref_axis',(0.,0.,1.));
#3684=DIRECTION('',(-0.707106781186549,-0.707106781186546,0.));
#3685=DIRECTION('',(-0.707106781186549,-0.707106781186546,0.));
#3686=DIRECTION('',(0.,0.,1.));
#3687=DIRECTION('center_axis',(-1.,-3.4160682172557E-16,0.));
#3688=DIRECTION('ref_axis',(3.4160682172557E-16,-1.,0.));
#3689=DIRECTION('',(3.4160682172557E-16,-1.,0.));
#3690=DIRECTION('',(3.4160682172557E-16,-1.,0.));
#3691=DIRECTION('',(0.,0.,-1.));
#3692=DIRECTION('center_axis',(-0.707106781186547,-0.707106781186548,0.));
#3693=DIRECTION('ref_axis',(0.,0.,1.));
#3694=DIRECTION('',(0.707106781186548,-0.707106781186547,0.));
#3695=DIRECTION('',(0.707106781186548,-0.707106781186547,0.));
#3696=DIRECTION('',(0.,0.,1.));
#3697=DIRECTION('center_axis',(8.88178419700126E-16,-1.,0.));
#3698=DIRECTION('ref_axis',(1.,8.88178419700126E-16,0.));
#3699=DIRECTION('',(1.,8.88178419700126E-16,0.));
#3700=DIRECTION('',(1.,8.88178419700126E-16,0.));
#3701=DIRECTION('',(0.,0.,-1.));
#3702=DIRECTION('center_axis',(-0.707106781186548,-0.707106781186547,0.));
#3703=DIRECTION('ref_axis',(0.,0.,1.));
#3704=DIRECTION('',(0.707106781186547,-0.707106781186548,0.));
#3705=DIRECTION('',(0.707106781186547,-0.707106781186548,0.));
#3706=DIRECTION('',(0.,0.,1.));
#3707=DIRECTION('center_axis',(0.707106781186548,2.70172177178534E-9,0.707106781186548));
#3708=DIRECTION('ref_axis',(0.707106781186548,0.,-0.707106781186548));
#3709=DIRECTION('',(3.82081157141749E-9,-1.,0.));
#3710=DIRECTION('',(0.357406741460916,0.862856210477722,-0.357406744757727));
#3711=DIRECTION('',(-3.82081157141749E-9,1.,0.));
#3712=DIRECTION('',(0.678598345474966,-0.281084635821433,-0.678598344400994));
#3713=DIRECTION('center_axis',(0.500000000955204,-0.499999999044798,0.707106781186547));
#3714=DIRECTION('ref_axis',(0.816496580407779,0.,-0.577350269924942));
#3715=DIRECTION('',(-0.707106779835686,-0.707106782537409,0.));
#3716=DIRECTION('',(0.28108463841423,-0.678598344400994,-0.678598344400994));
#3717=DIRECTION('center_axis',(0.,-0.707106781186548,0.707106781186548));
#3718=DIRECTION('ref_axis',(1.,0.,0.));
#3719=DIRECTION('',(-1.,0.,0.));
#3720=DIRECTION('',(0.28108463771482,-0.678598344545847,-0.678598344545847));
#3721=DIRECTION('center_axis',(0.5,-0.500000000000001,0.707106781186547));
#3722=DIRECTION('ref_axis',(0.816496580927726,0.,-0.577350269189626));
#3723=DIRECTION('',(-0.707106781186548,-0.707106781186547,0.));
#3724=DIRECTION('',(0.678598344545849,-0.281084637714818,-0.678598344545846));
#3725=DIRECTION('center_axis',(0.707106781186547,0.,0.707106781186548));
#3726=DIRECTION('ref_axis',(0.707106781186548,0.,-0.707106781186547));
#3727=DIRECTION('',(0.,-1.,0.));
#3728=DIRECTION('',(0.678598344545848,0.281084637714818,-0.678598344545847));
#3729=DIRECTION('center_axis',(0.5,0.5,0.707106781186547));
#3730=DIRECTION('ref_axis',(0.816496580927726,0.,-0.577350269189627));
#3731=DIRECTION('',(0.707106781186548,-0.707106781186548,0.));
#3732=DIRECTION('',(0.281084637714818,0.678598344545848,-0.678598344545847));
#3733=DIRECTION('center_axis',(0.,0.707106781186547,0.707106781186548));
#3734=DIRECTION('ref_axis',(1.,0.,0.));
#3735=DIRECTION('',(1.,0.,0.));
#3736=DIRECTION('',(-0.281084637714817,0.678598344545849,-0.678598344545847));
#3737=DIRECTION('center_axis',(-0.5,0.500000000000002,0.707106781186546));
#3738=DIRECTION('ref_axis',(0.816496580927726,0.,0.577350269189626));
#3739=DIRECTION('',(0.707106781186549,0.707106781186546,0.));
#3740=DIRECTION('',(-0.678598344545848,0.281084637714818,-0.678598344545847));
#3741=DIRECTION('center_axis',(-0.707106781186547,-2.41552500141734E-16,
0.707106781186548));
#3742=DIRECTION('ref_axis',(0.707106781186548,0.,0.707106781186547));
#3743=DIRECTION('',(-3.4160682172557E-16,1.,0.));
#3744=DIRECTION('',(-0.678598344545848,-0.281084637714821,-0.678598344545846));
#3745=DIRECTION('center_axis',(-0.5,-0.500000000000001,0.707106781186547));
#3746=DIRECTION('ref_axis',(0.816496580927726,0.,0.577350269189626));
#3747=DIRECTION('',(-0.707106781186548,0.707106781186547,0.));
#3748=DIRECTION('',(-0.281084637714816,-0.678598344545849,-0.678598344545846));
#3749=DIRECTION('center_axis',(6.2803698347351E-16,-0.707106781186547,0.707106781186548));
#3750=DIRECTION('ref_axis',(1.,0.,-8.88178419700124E-16));
#3751=DIRECTION('',(-1.,-8.88178419700126E-16,0.));
#3752=DIRECTION('',(-0.281084637714821,-0.678598344545848,-0.678598344545846));
#3753=DIRECTION('center_axis',(-0.5,-0.499999999999999,0.707106781186548));
#3754=DIRECTION('ref_axis',(0.816496580927726,0.,0.577350269189625));
#3755=DIRECTION('',(-0.707106781186547,0.707106781186548,0.));
#3756=DIRECTION('',(-0.678598344545847,-0.281084637714821,-0.678598344545846));
#3757=DIRECTION('center_axis',(-0.707106781186547,0.,0.707106781186548));
#3758=DIRECTION('ref_axis',(0.707106781186548,0.,0.707106781186547));
#3759=DIRECTION('',(0.,-1.,0.));
#3760=DIRECTION('',(0.357406744336594,-0.862856209461017,0.357406744336593));
#3761=DIRECTION('',(0.,1.,0.));
#3762=DIRECTION('center_axis',(0.,0.,1.));
#3763=DIRECTION('ref_axis',(1.,0.,0.));
#3764=DIRECTION('',(-1.,0.,0.));
#3765=DIRECTION('center_axis',(0.,0.38268343236509,0.923879532511287));
#3766=DIRECTION('ref_axis',(1.,0.,0.));
#3767=DIRECTION('center_axis',(1.,0.,0.));
#3768=DIRECTION('ref_axis',(0.,1.,0.));
#3769=DIRECTION('',(0.,1.,0.));
#3770=DIRECTION('center_axis',(-1.,0.,0.));
#3771=DIRECTION('ref_axis',(0.,-1.,0.));
#3772=DIRECTION('',(0.,-1.,0.));
#3773=DIRECTION('',(0.,-1.,0.));
#3774=DIRECTION('center_axis',(0.,0.,1.));
#3775=DIRECTION('ref_axis',(-1.,0.,0.));
#3776=DIRECTION('',(-3.82081157141749E-9,1.,0.));
#3777=DIRECTION('center_axis',(1.,3.82081157141749E-9,0.));
#3778=DIRECTION('ref_axis',(-3.82081157141749E-9,1.,0.));
#3779=DIRECTION('',(-3.82081157141749E-9,1.,0.));
#3780=DIRECTION('center_axis',(0.707106781186548,2.70172177178534E-9,0.707106781186548));
#3781=DIRECTION('ref_axis',(0.707106781186548,0.,-0.707106781186548));
#3782=DIRECTION('',(3.82081157141749E-9,-1.,0.));
#3783=DIRECTION('center_axis',(0.,0.,1.));
#3784=DIRECTION('ref_axis',(1.,0.,0.));
#3785=DIRECTION('',(0.,1.,0.));
#3786=DIRECTION('center_axis',(-0.707106781186548,0.,0.707106781186547));
#3787=DIRECTION('ref_axis',(0.707106781186547,0.,0.707106781186548));
#3788=CARTESIAN_POINT('',(0.,0.,0.));
#3789=CARTESIAN_POINT('Origin',(-10.,-33.0000002831221,0.));
#3790=CARTESIAN_POINT('',(10.0000001490116,-33.0000002831221,4.00001010128433));
#3791=CARTESIAN_POINT('',(7.16152251441435,-33.0000002831221,5.));
#3792=CARTESIAN_POINT('Origin',(9.98994964456399,-33.0000002831221,6.5));
#3793=CARTESIAN_POINT('',(-7.16152236891498,-33.0000002831221,5.));
#3794=CARTESIAN_POINT('',(-10.,-33.0000002831221,5.));
#3795=CARTESIAN_POINT('',(-10.,-33.0000002831221,4.00001010128817));
#3796=CARTESIAN_POINT('Origin',(-9.98994949366117,-33.0000002831221,6.5));
#3797=CARTESIAN_POINT('',(-10.,-33.0000002831221,0.));
#3798=CARTESIAN_POINT('',(-10.,-33.0000002831221,0.));
#3799=CARTESIAN_POINT('',(10.0000001490116,-33.0000002831221,0.));
#3800=CARTESIAN_POINT('',(10.0000001490116,-33.0000002831221,0.));
#3801=CARTESIAN_POINT('',(10.0000001490116,-33.0000002831221,0.));
#3802=CARTESIAN_POINT('Origin',(9.49497489489659,-32.5050255353459,6.5));
#3803=CARTESIAN_POINT('',(12.8183765605693,-33.0000000689777,5.));
#3804=CARTESIAN_POINT('Origin',(9.98994944643545,-33.0000000849935,6.5));
#3805=CARTESIAN_POINT('',(8.00000000000001,-28.1816235268186,5.));
#3806=CARTESIAN_POINT('',(10.909188454568,-31.0908119702711,5.));
#3807=CARTESIAN_POINT('',(8.00000000000001,-31.,4.00001010156927));
#3808=CARTESIAN_POINT('Origin',(8.00000000000001,-31.0100506461613,6.5));
#3809=CARTESIAN_POINT('',(5.16152222365066,-31.,5.));
#3810=CARTESIAN_POINT('Origin',(7.9899493538003,-31.,6.5));
#3811=CARTESIAN_POINT('',(8.08076133522522,-33.9192391004207,5.));
#3812=CARTESIAN_POINT('Origin',(8.00000000000001,-31.,2.));
#3813=CARTESIAN_POINT('',(8.00000000000001,-31.,2.));
#3814=CARTESIAN_POINT('',(8.00000000000001,-31.,2.));
#3815=CARTESIAN_POINT('',(-8.,-31.,2.));
#3816=CARTESIAN_POINT('',(4.00000003725291,-31.,2.));
#3817=CARTESIAN_POINT('',(-8.,-31.,4.00001010185729));
#3818=CARTESIAN_POINT('',(-8.,-31.,2.));
#3819=CARTESIAN_POINT('',(-5.16152208579292,-31.,5.));
#3820=CARTESIAN_POINT('Origin',(-7.98994921053911,-31.,6.5));
#3821=CARTESIAN_POINT('',(-10.,-31.,5.));
#3822=CARTESIAN_POINT('Origin',(0.,-7.00000014156103,5.));
#3823=CARTESIAN_POINT('',(-8.08076118445749,-33.9192390986646,5.));
#3824=CARTESIAN_POINT('Origin',(-9.49497474683058,-32.5050255362915,6.5));
#3825=CARTESIAN_POINT('',(-12.8183765494296,-33.0000002141443,5.));
#3826=CARTESIAN_POINT('',(-8.,-28.1816236647147,5.));
#3827=CARTESIAN_POINT('',(-10.9091883092037,-31.0908119739184,5.));
#3828=CARTESIAN_POINT('Origin',(-9.98994940866764,-33.0000001981285,6.5));
#3829=CARTESIAN_POINT('Origin',(-8.,-31.0100507894609,6.5));
#3830=CARTESIAN_POINT('Origin',(17.5,-25.500000141561,7.));
#3831=CARTESIAN_POINT('',(19.,-25.500000141561,5.));
#3832=CARTESIAN_POINT('Origin',(17.5,-25.500000141561,5.));
#3833=CARTESIAN_POINT('',(19.,-25.500000141561,0.));
#3834=CARTESIAN_POINT('',(19.,-25.500000141561,7.));
#3835=CARTESIAN_POINT('Origin',(17.5,-25.500000141561,0.));
#3836=CARTESIAN_POINT('Origin',(-17.5,-25.5000002831221,7.));
#3837=CARTESIAN_POINT('',(-16.,-25.5000002831221,5.));
#3838=CARTESIAN_POINT('Origin',(-17.5,-25.5000002831221,5.));
#3839=CARTESIAN_POINT('',(-16.,-25.5000002831221,0.));
#3840=CARTESIAN_POINT('',(-16.,-25.5000002831221,7.));
#3841=CARTESIAN_POINT('Origin',(-17.5,-25.5000002831221,0.));
#3842=CARTESIAN_POINT('Origin',(11.0000001490116,-17.,0.));
#3843=CARTESIAN_POINT('',(10.0000001490116,-16.,5.));
#3844=CARTESIAN_POINT('',(12.0000001490116,-18.,5.));
#3845=CARTESIAN_POINT('',(5.75000014714897,-11.7499999981374,5.));
#3846=CARTESIAN_POINT('',(12.0000001490116,-18.,0.));
#3847=CARTESIAN_POINT('',(12.0000001490116,-18.,0.));
#3848=CARTESIAN_POINT('',(10.0000001490116,-16.,0.));
#3849=CARTESIAN_POINT('',(9.25000016577542,-15.2500000167638,0.));
#3850=CARTESIAN_POINT('',(10.0000001490116,-16.,0.));
#3851=CARTESIAN_POINT('Origin',(25.,-18.,0.));
#3852=CARTESIAN_POINT('',(23.,-18.,5.));
#3853=CARTESIAN_POINT('',(25.,-18.,5.));
#3854=CARTESIAN_POINT('',(23.,-18.,0.));
#3855=CARTESIAN_POINT('',(23.,-18.,0.));
#3856=CARTESIAN_POINT('',(25.,-18.,0.));
#3857=CARTESIAN_POINT('Origin',(-11.,-17.,0.));
#3858=CARTESIAN_POINT('',(-10.,-16.,0.));
#3859=CARTESIAN_POINT('',(-12.,-18.,0.));
#3860=CARTESIAN_POINT('',(-9.2500000167638,-15.2500000167638,0.));
#3861=CARTESIAN_POINT('',(-12.,-18.,5.));
#3862=CARTESIAN_POINT('',(-12.,-18.,0.));
#3863=CARTESIAN_POINT('',(-10.,-16.,5.));
#3864=CARTESIAN_POINT('',(-5.75000003539026,-11.7500000353903,5.));
#3865=CARTESIAN_POINT('',(-10.,-16.,0.));
#3866=CARTESIAN_POINT('Origin',(-10.,-18.,0.));
#3867=CARTESIAN_POINT('',(-23.,-18.,0.));
#3868=CARTESIAN_POINT('',(25.,-18.,0.));
#3869=CARTESIAN_POINT('',(-23.,-18.,5.));
#3870=CARTESIAN_POINT('',(-23.,-18.,0.));
#3871=CARTESIAN_POINT('',(25.,-18.,5.));
#3872=CARTESIAN_POINT('Origin',(-24.,-32.0000002774596,0.));
#3873=CARTESIAN_POINT('',(-23.,-33.0000002717972,5.));
#3874=CARTESIAN_POINT('',(-25.,-31.0000002831221,5.));
#3875=CARTESIAN_POINT('',(-24.25,-31.7500002788752,5.));
#3876=CARTESIAN_POINT('',(-25.,-31.0000002831221,0.));
#3877=CARTESIAN_POINT('',(-25.,-31.0000002831221,0.));
#3878=CARTESIAN_POINT('',(-23.,-33.0000002717972,0.));
#3879=CARTESIAN_POINT('',(-20.7499999813735,-35.2500002776831,0.));
#3880=CARTESIAN_POINT('',(-23.,-33.0000002717972,0.));
#3881=CARTESIAN_POINT('Origin',(-25.,-18.,0.));
#3882=CARTESIAN_POINT('',(-25.,-20.,5.));
#3883=CARTESIAN_POINT('',(-25.,-18.,5.));
#3884=CARTESIAN_POINT('',(-25.,-20.,0.));
#3885=CARTESIAN_POINT('',(-25.,-20.,0.));
#3886=CARTESIAN_POINT('',(-25.,-18.,0.));
#3887=CARTESIAN_POINT('Origin',(-24.,-19.,0.));
#3888=CARTESIAN_POINT('',(-15.0000000353903,-10.0000000353903,5.));
#3889=CARTESIAN_POINT('',(-18.5000000167638,-13.5000000167638,0.));
#3890=CARTESIAN_POINT('Origin',(24.,-32.0000000056624,0.));
#3891=CARTESIAN_POINT('',(25.,-31.,5.));
#3892=CARTESIAN_POINT('',(23.,-33.0000000113249,5.));
#3893=CARTESIAN_POINT('',(24.25,-31.7500000042468,5.));
#3894=CARTESIAN_POINT('',(23.,-33.0000000113249,0.));
#3895=CARTESIAN_POINT('',(23.,-33.0000000113249,0.));
#3896=CARTESIAN_POINT('',(25.,-31.,0.));
#3897=CARTESIAN_POINT('',(20.7500000186265,-35.2500000054389,0.));
#3898=CARTESIAN_POINT('',(25.,-31.,0.));
#3899=CARTESIAN_POINT('Origin',(25.,-33.,0.));
#3900=CARTESIAN_POINT('',(25.,-20.,0.));
#3901=CARTESIAN_POINT('',(25.,-33.,0.));
#3902=CARTESIAN_POINT('',(25.,-20.,5.));
#3903=CARTESIAN_POINT('',(25.,-20.,0.));
#3904=CARTESIAN_POINT('',(25.,-33.,5.));
#3905=CARTESIAN_POINT('Origin',(24.,-19.,0.));
#3906=CARTESIAN_POINT('',(15.0000000353903,-10.0000000353903,5.));
#3907=CARTESIAN_POINT('',(18.5000000540167,-13.5000000540167,0.));
#3908=CARTESIAN_POINT('Origin',(10.0000001490116,-33.0000000849366,0.));
#3909=CARTESIAN_POINT('',(-25.,-33.0000002831221,0.));
#3910=CARTESIAN_POINT('',(-25.,-33.0000002831221,5.));
#3911=CARTESIAN_POINT('Origin',(-25.,-33.0000002831221,0.));
#3912=CARTESIAN_POINT('',(-25.,-33.0000002831221,5.));
#3913=CARTESIAN_POINT('',(-25.,-33.0000002831221,0.));
#3914=CARTESIAN_POINT('Origin',(7.45058059692383E-8,-7.00000014156103,2.));
#3915=CARTESIAN_POINT('',(8.00000000000001,5.,2.));
#3916=CARTESIAN_POINT('',(8.00000000000001,-6.50000507078052,2.));
#3917=CARTESIAN_POINT('',(-8.,5.,2.));
#3918=CARTESIAN_POINT('',(-10.,5.,2.));
#3919=CARTESIAN_POINT('',(-8.,-26.0000000707805,2.));
#3920=CARTESIAN_POINT('Origin',(-8.,21.99999,0.));
#3921=CARTESIAN_POINT('',(-10.5,21.99999,0.));
#3922=CARTESIAN_POINT('',(-8.,21.99999,0.));
#3923=CARTESIAN_POINT('',(-5.,21.99999,0.));
#3924=CARTESIAN_POINT('',(-10.5,21.99999,5.));
#3925=CARTESIAN_POINT('',(-10.5,21.99999,0.));
#3926=CARTESIAN_POINT('',(-8.,21.99999,5.));
#3927=CARTESIAN_POINT('',(-10.,21.99999,5.));
#3928=CARTESIAN_POINT('',(-8.,21.99999,0.));
#3929=CARTESIAN_POINT('Origin',(0.,19.,0.));
#3930=CARTESIAN_POINT('',(8.,8.99999,0.));
#3931=CARTESIAN_POINT('',(-8.,8.99999,0.));
#3932=CARTESIAN_POINT('',(-4.,8.99999,0.));
#3933=CARTESIAN_POINT('',(-8.,5.,0.));
#3934=CARTESIAN_POINT('',(-8.,12.,0.));
#3935=CARTESIAN_POINT('',(8.00000000000001,5.,0.));
#3936=CARTESIAN_POINT('',(-10.,5.,0.));
#3937=CARTESIAN_POINT('',(8.00000000000001,20.499995,0.));
#3938=CARTESIAN_POINT('Origin',(10.,5.,0.));
#3939=CARTESIAN_POINT('',(8.00000000000001,5.,0.));
#3940=CARTESIAN_POINT('',(-8.,5.,0.));
#3941=CARTESIAN_POINT('Origin',(10.,21.99999,0.));
#3942=CARTESIAN_POINT('',(8.00000000000001,21.99999,0.));
#3943=CARTESIAN_POINT('',(10.5,21.99999,0.));
#3944=CARTESIAN_POINT('',(5.25,21.99999,0.));
#3945=CARTESIAN_POINT('',(8.00000000000001,21.99999,5.));
#3946=CARTESIAN_POINT('',(8.00000000000001,21.99999,0.));
#3947=CARTESIAN_POINT('',(10.5,21.99999,5.));
#3948=CARTESIAN_POINT('',(10.,21.99999,5.));
#3949=CARTESIAN_POINT('',(10.5,21.99999,0.));
#3950=CARTESIAN_POINT('Origin',(-10.5,21.99999,0.));
#3951=CARTESIAN_POINT('',(-10.5,30.99999,0.));
#3952=CARTESIAN_POINT('',(-10.5,20.499995,0.));
#3953=CARTESIAN_POINT('',(-10.5,30.99999,5.));
#3954=CARTESIAN_POINT('',(-10.5,30.99999,0.));
#3955=CARTESIAN_POINT('',(-10.5,21.99999,5.));
#3956=CARTESIAN_POINT('Origin',(-10.5,30.99999,0.));
#3957=CARTESIAN_POINT('',(10.5,30.99999,0.));
#3958=CARTESIAN_POINT('',(-5.25,30.99999,0.));
#3959=CARTESIAN_POINT('',(10.5,30.99999,5.));
#3960=CARTESIAN_POINT('',(10.5,30.99999,0.));
#3961=CARTESIAN_POINT('',(-10.5,30.99999,5.));
#3962=CARTESIAN_POINT('Origin',(10.5,30.99999,0.));
#3963=CARTESIAN_POINT('',(10.5,24.999995,0.));
#3964=CARTESIAN_POINT('',(10.5,30.99999,5.));
#3965=CARTESIAN_POINT('Origin',(0.,19.,0.));
#3966=CARTESIAN_POINT('',(-8.,19.99999,0.));
#3967=CARTESIAN_POINT('',(8.,19.99999,0.));
#3968=CARTESIAN_POINT('',(4.,19.99999,0.));
#3969=CARTESIAN_POINT('',(8.00000000000001,20.499995,0.));
#3970=CARTESIAN_POINT('',(-8.,12.,0.));
#3971=CARTESIAN_POINT('Origin',(2.22044604925031E-15,14.49999,1.5));
#3972=CARTESIAN_POINT('',(8.,19.99999,1.5));
#3973=CARTESIAN_POINT('',(-8.,19.99999,1.5));
#3974=CARTESIAN_POINT('',(12.5,19.99999,1.5));
#3975=CARTESIAN_POINT('',(-8.,8.99999,1.5));
#3976=CARTESIAN_POINT('',(-8.,9.749995,1.5));
#3977=CARTESIAN_POINT('',(8.,8.99999,1.5));
#3978=CARTESIAN_POINT('',(8.,8.99999,1.5));
#3979=CARTESIAN_POINT('',(8.00000000000001,18.24999,1.5));
#3980=CARTESIAN_POINT('',(5.25,18.99999,1.5));
#3981=CARTESIAN_POINT('Origin',(5.75,18.99999,1.5));
#3982=CARTESIAN_POINT('',(-6.25,18.99999,1.5));
#3983=CARTESIAN_POINT('Origin',(-5.75,18.99999,1.5));
#3984=CARTESIAN_POINT('Origin',(8.,19.99999,0.));
#3985=CARTESIAN_POINT('',(-8.,19.99999,0.));
#3986=CARTESIAN_POINT('',(8.00000000000001,19.99999,0.));
#3987=CARTESIAN_POINT('Origin',(-8.,8.99999,0.));
#3988=CARTESIAN_POINT('',(8.00000000000001,8.99999,0.));
#3989=CARTESIAN_POINT('',(-8.,8.99999,0.));
#3990=CARTESIAN_POINT('Origin',(5.75,18.99999,3.));
#3991=CARTESIAN_POINT('',(5.25,18.99999,3.));
#3992=CARTESIAN_POINT('Origin',(5.75,18.99999,3.));
#3993=CARTESIAN_POINT('Origin',(5.75,18.99999,0.));
#3994=CARTESIAN_POINT('',(5.25,18.99999,0.));
#3995=CARTESIAN_POINT('Origin',(-5.75,18.99999,3.));
#3996=CARTESIAN_POINT('',(-6.25,18.99999,3.));
#3997=CARTESIAN_POINT('Origin',(-5.75,18.99999,3.));
#3998=CARTESIAN_POINT('Origin',(-5.75,18.99999,0.));
#3999=CARTESIAN_POINT('',(-6.25,18.99999,0.));
#4000=CARTESIAN_POINT('Origin',(-12.5,33.,0.));
#4001=CARTESIAN_POINT('',(-11.5,33.,-1.));
#4002=CARTESIAN_POINT('',(11.5,33.,-1.));
#4003=CARTESIAN_POINT('',(-6.25,33.,-1.));
#4004=CARTESIAN_POINT('',(-11.5,33.,5.));
#4005=CARTESIAN_POINT('',(-11.5,33.,0.));
#4006=CARTESIAN_POINT('',(11.5,33.,5.));
#4007=CARTESIAN_POINT('',(12.5,33.,5.));
#4008=CARTESIAN_POINT('',(11.5,33.,0.));
#4009=CARTESIAN_POINT('Origin',(-12.,32.5,0.));
#4010=CARTESIAN_POINT('',(-12.5,32.,-1.));
#4011=CARTESIAN_POINT('',(-12.375,32.125,-1.));
#4012=CARTESIAN_POINT('',(-12.5,32.,5.));
#4013=CARTESIAN_POINT('',(-12.5,32.,0.));
#4014=CARTESIAN_POINT('',(-15.3750000353903,29.1249999646097,5.));
#4015=CARTESIAN_POINT('Origin',(-12.5,19.99999,0.));
#4016=CARTESIAN_POINT('',(-12.5,20.99999,-1.));
#4017=CARTESIAN_POINT('',(-12.5,19.499995,-1.));
#4018=CARTESIAN_POINT('',(-12.5,20.99999,5.));
#4019=CARTESIAN_POINT('',(-12.5,20.99999,0.));
#4020=CARTESIAN_POINT('',(-12.5,33.,5.));
#4021=CARTESIAN_POINT('Origin',(12.,32.5,0.));
#4022=CARTESIAN_POINT('',(12.5,32.,-1.));
#4023=CARTESIAN_POINT('',(12.375,32.125,-1.));
#4024=CARTESIAN_POINT('',(12.5,32.,5.));
#4025=CARTESIAN_POINT('',(15.3750000353903,29.1249999646097,5.));
#4026=CARTESIAN_POINT('',(12.5,32.,0.));
#4027=CARTESIAN_POINT('Origin',(12.5,19.99999,0.));
#4028=CARTESIAN_POINT('',(11.5,19.99999,-1.));
#4029=CARTESIAN_POINT('',(11.0000001490116,19.99999,-1.));
#4030=CARTESIAN_POINT('',(6.25,19.99999,-1.));
#4031=CARTESIAN_POINT('',(11.5,19.99999,5.));
#4032=CARTESIAN_POINT('',(11.5,19.99999,0.));
#4033=CARTESIAN_POINT('',(11.0000001490116,19.99999,5.));
#4034=CARTESIAN_POINT('',(10.,19.99999,5.));
#4035=CARTESIAN_POINT('',(11.0000001490116,19.99999,0.));
#4036=CARTESIAN_POINT('Origin',(10.5000001490116,19.49999,0.));
#4037=CARTESIAN_POINT('',(10.0000001490116,18.99999,-1.00000000000001));
#4038=CARTESIAN_POINT('',(7.7500026117587,16.7499924627471,-1.));
#4039=CARTESIAN_POINT('',(10.0000001490116,18.99999,5.));
#4040=CARTESIAN_POINT('',(4.75000257636845,13.7499924273568,5.));
#4041=CARTESIAN_POINT('',(10.0000001490116,18.99999,0.));
#4042=CARTESIAN_POINT('Origin',(12.5,33.,0.));
#4043=CARTESIAN_POINT('',(12.5,20.99999,-1.));
#4044=CARTESIAN_POINT('',(12.5,26.,-1.));
#4045=CARTESIAN_POINT('',(12.5,20.99999,5.));
#4046=CARTESIAN_POINT('',(12.5,19.99999,5.));
#4047=CARTESIAN_POINT('',(12.5,20.99999,0.));
#4048=CARTESIAN_POINT('Origin',(12.,20.49999,0.));
#4049=CARTESIAN_POINT('',(8.62500249999999,17.1249925,-1.));
#4050=CARTESIAN_POINT('',(5.62500246460973,14.1249924646097,5.));
#4051=CARTESIAN_POINT('Origin',(0.,19.,-2.));
#4052=CARTESIAN_POINT('',(9.,5.9,-2.));
#4053=CARTESIAN_POINT('',(9.,19.4142034133615,-2.));
#4054=CARTESIAN_POINT('',(9.,-1.41561031785642E-7,-2.));
#4055=CARTESIAN_POINT('',(-9.,5.9,-2.));
#4056=CARTESIAN_POINT('',(2.50000001862645,5.9,-2.));
#4057=CARTESIAN_POINT('',(-9.,19.4142035623731,-2.));
#4058=CARTESIAN_POINT('',(-9.,12.,-2.));
#4059=CARTESIAN_POINT('',(-10.5857864376269,20.99999,-2.));
#4060=CARTESIAN_POINT('',(-7.04289571881345,17.4570992811865,-2.));
#4061=CARTESIAN_POINT('',(-11.0857864376269,20.99999,-2.));
#4062=CARTESIAN_POINT('',(-5.,20.99999,-2.));
#4063=CARTESIAN_POINT('',(-11.5,21.4142035623731,-2.));
#4064=CARTESIAN_POINT('',(-7.91789571881345,17.8320992811865,-2.));
#4065=CARTESIAN_POINT('',(-11.5,31.5857864376269,-2.));
#4066=CARTESIAN_POINT('',(-11.5,19.499995,-2.));
#4067=CARTESIAN_POINT('',(-11.0857864376269,32.,-2.));
#4068=CARTESIAN_POINT('',(-11.6678932188135,31.4178932188135,-2.));
#4069=CARTESIAN_POINT('',(11.0857864376269,32.,-2.));
#4070=CARTESIAN_POINT('',(-6.25,32.,-2.));
#4071=CARTESIAN_POINT('',(11.5,31.5857864376269,-2.));
#4072=CARTESIAN_POINT('',(11.6678932188135,31.4178932188135,-2.));
#4073=CARTESIAN_POINT('',(11.5,21.4142035623731,-2.));
#4074=CARTESIAN_POINT('',(11.5,26.,-2.));
#4075=CARTESIAN_POINT('',(11.0857864376269,20.99999,-2.));
#4076=CARTESIAN_POINT('',(7.91789571881345,17.8320992811865,-2.));
#4077=CARTESIAN_POINT('',(10.5857865866385,20.99999,-2.));
#4078=CARTESIAN_POINT('',(6.25,20.99999,-2.));
#4079=CARTESIAN_POINT('',(7.04289583057216,17.4570992439336,-2.));
#4080=CARTESIAN_POINT('Origin',(5.0000000372529,3.9,-1.));
#4081=CARTESIAN_POINT('',(-9.70710678118655,4.19289321881346,-1.29289321881345));
#4082=CARTESIAN_POINT('',(-10.,3.9,-1.));
#4083=CARTESIAN_POINT('',(-5.98333332712452,7.91666667287548,-5.01666667287548));
#4084=CARTESIAN_POINT('',(9.70710688655367,4.19289321881346,-1.29289321881345));
#4085=CARTESIAN_POINT('',(2.50000001862645,4.19289321881346,-1.29289321881345));
#4086=CARTESIAN_POINT('',(10.0000001490116,3.90000000000001,-1.00000000000001));
#4087=CARTESIAN_POINT('',(9.64999998758235,4.25000010927518,-1.35000010927519));
#4088=CARTESIAN_POINT('',(10.0000001490116,2.9,0.));
#4089=CARTESIAN_POINT('',(10.0000001490116,-2.07500007078051,4.97500007078051));
#4090=CARTESIAN_POINT('',(-10.,2.9,0.));
#4091=CARTESIAN_POINT('',(5.0000000372529,2.9,0.));
#4092=CARTESIAN_POINT('',(-10.,3.925,-1.025));
#4093=CARTESIAN_POINT('Origin',(-10.5,19.49999,0.));
#4094=CARTESIAN_POINT('',(-10.,18.99999,-1.));
#4095=CARTESIAN_POINT('',(-11.,19.99999,-1.));
#4096=CARTESIAN_POINT('',(-7.7500025,16.7499925,-1.));
#4097=CARTESIAN_POINT('',(-10.,18.99999,5.));
#4098=CARTESIAN_POINT('',(-10.,18.99999,0.));
#4099=CARTESIAN_POINT('',(-11.,19.99999,5.));
#4100=CARTESIAN_POINT('',(-4.75000246460974,13.7499924646097,5.));
#4101=CARTESIAN_POINT('',(-11.,19.99999,0.));
#4102=CARTESIAN_POINT('Origin',(-10.,19.99999,0.));
#4103=CARTESIAN_POINT('',(-11.5,19.99999,-1.));
#4104=CARTESIAN_POINT('',(-5.,19.99999,-1.));
#4105=CARTESIAN_POINT('',(-11.5,19.99999,5.));
#4106=CARTESIAN_POINT('',(-12.5,19.99999,5.));
#4107=CARTESIAN_POINT('',(-11.5,19.99999,0.));
#4108=CARTESIAN_POINT('Origin',(-12.,20.49999,0.));
#4109=CARTESIAN_POINT('',(-8.62500249999999,17.1249925,-1.));
#4110=CARTESIAN_POINT('',(-5.62500246460973,14.1249924646097,5.));
#4111=CARTESIAN_POINT('Origin',(-8.27144910940672,17.4785458905933,-1.5));
#4112=CARTESIAN_POINT('',(-11.5,21.4142035623731,-2.));
#4113=CARTESIAN_POINT('',(-11.0857864376269,20.99999,-2.));
#4114=CARTESIAN_POINT('Origin',(-7.39644910940672,17.1035458905933,-1.5));
#4115=CARTESIAN_POINT('',(-10.,18.99999,-1.));
#4116=CARTESIAN_POINT('',(-10.5857864376269,20.99999,-2.));
#4117=CARTESIAN_POINT('Origin',(-12.,19.499995,-1.5));
#4118=CARTESIAN_POINT('',(-11.5,31.5857864376269,-2.));
#4119=CARTESIAN_POINT('Origin',(-12.0214466094067,31.7714466094067,-1.5));
#4120=CARTESIAN_POINT('',(-11.0857864376269,32.,-2.));
#4121=CARTESIAN_POINT('Origin',(2.50000001862645,5.04644660940673,-1.64644660940673));
#4122=CARTESIAN_POINT('',(9.70710688655367,4.19289321881346,-1.29289321881345));
#4123=CARTESIAN_POINT('',(-9.,5.9,-2.));
#4124=CARTESIAN_POINT('Origin',(-6.25,32.5,-1.5));
#4125=CARTESIAN_POINT('',(11.0857864376269,32.,-2.));
#4126=CARTESIAN_POINT('Origin',(12.0214466094067,31.7714466094067,-1.5));
#4127=CARTESIAN_POINT('',(11.5,31.5857864376269,-2.));
#4128=CARTESIAN_POINT('Origin',(12.,26.,-1.5));
#4129=CARTESIAN_POINT('',(11.5,21.4142035623731,-2.));
#4130=CARTESIAN_POINT('Origin',(8.27144910940672,17.4785458905933,-1.5));
#4131=CARTESIAN_POINT('',(11.0857864376269,20.99999,-2.));
#4132=CARTESIAN_POINT('Origin',(6.25,20.49999,-1.5));
#4133=CARTESIAN_POINT('',(10.5857865866385,20.99999,-2.));
#4134=CARTESIAN_POINT('Origin',(7.39644922116543,17.1035458533404,-1.5));
#4135=CARTESIAN_POINT('',(9.,19.4142034133615,-2.));
#4136=CARTESIAN_POINT('Origin',(9.50000007450581,-1.41561031785642E-7,-1.50000000000001));
#4137=CARTESIAN_POINT('',(10.0000001490116,-1.41561031785642E-7,-1.00000000000001));
#4138=CARTESIAN_POINT('Origin',(-9.5,12.,-1.5));
#4139=CARTESIAN_POINT('',(-10.,12.,-1.));
#4140=CARTESIAN_POINT('Origin',(-5.,20.49999,-1.5));
#4141=CARTESIAN_POINT('Origin',(-8.,5.,0.));
#4142=CARTESIAN_POINT('',(-8.,-26.,5.));
#4143=CARTESIAN_POINT('Origin',(8.00000000000001,21.99999,0.));
#4144=CARTESIAN_POINT('',(8.00000000000001,-12.,5.));
#4145=CARTESIAN_POINT('Origin',(0.,6.99999985843897,5.));
#4146=CARTESIAN_POINT('',(10.0000001490116,-12.,5.));
#4147=CARTESIAN_POINT('',(-10.,-26.,5.));
#4148=CARTESIAN_POINT('Origin',(-10.,5.,0.));
#4149=CARTESIAN_POINT('',(-10.,-26.,0.));
#4150=CARTESIAN_POINT('Origin',(7.45058059692383E-8,-7.00000014156103,0.));
#4151=CARTESIAN_POINT('',(10.0000001490116,-12.,0.));
#4152=CARTESIAN_POINT('Origin',(10.0000001490116,-19.0000002831221,0.));
#4153=CARTESIAN_POINT('Origin',(10.0000000725954,-13.0000002831221,11.));
#4154=CARTESIAN_POINT('',(10.0000000725954,-13.0000002831221,5.));
#4155=CARTESIAN_POINT('',(10.0000000725954,-13.0000002831221,11.));
#4156=CARTESIAN_POINT('',(10.0000000725954,-13.0000002831221,5.));
#4157=CARTESIAN_POINT('',(10.0000000725954,0.999999716877937,5.));
#4158=CARTESIAN_POINT('',(10.0000000725954,-13.0000002831221,5.));
#4159=CARTESIAN_POINT('',(10.0000000725954,0.999999716877937,11.));
#4160=CARTESIAN_POINT('',(10.0000000725954,0.999999716877937,5.));
#4161=CARTESIAN_POINT('',(10.0000000725954,-13.0000002831221,11.));
#4162=CARTESIAN_POINT('Origin',(9.00000007259538,-13.0000002831221,12.));
#4163=CARTESIAN_POINT('',(9.00000007259538,-13.0000002831221,12.));
#4164=CARTESIAN_POINT('',(8.75000005229734,-13.0000002831221,12.250000020298));
#4165=CARTESIAN_POINT('',(9.00000007259538,0.999999716877937,12.));
#4166=CARTESIAN_POINT('',(8.75000005229734,0.999999716877937,12.250000020298));
#4167=CARTESIAN_POINT('',(9.00000007259538,-13.0000002831221,12.));
#4168=CARTESIAN_POINT('Origin',(10.0000001490116,-33.0000002831221,5.));
#4169=CARTESIAN_POINT('',(13.454051201125,-33.0000002179275,6.));
#4170=CARTESIAN_POINT('',(12.8183767215173,-33.0000002299258,5.));
#4171=CARTESIAN_POINT('Origin',(9.98994964475369,-33.0000002833118,6.5));
#4172=CARTESIAN_POINT('',(23.,-33.0000000377496,5.));
#4173=CARTESIAN_POINT('',(10.0000001490116,-33.0000002831221,5.));
#4174=CARTESIAN_POINT('',(23.,-33.0000000377496,6.));
#4175=CARTESIAN_POINT('',(23.,-33.0000000377496,5.));
#4176=CARTESIAN_POINT('',(13.7500001452863,-33.0000002123415,6.));
#4177=CARTESIAN_POINT('Origin',(9.49497489489659,-32.5050255353459,6.5));
#4178=CARTESIAN_POINT('',(8.00000000000001,-28.1816235268186,5.));
#4179=CARTESIAN_POINT('',(10.909188454568,-31.0908119702711,5.));
#4180=CARTESIAN_POINT('',(12.454051216179,-32.0000002368023,7.));
#4181=CARTESIAN_POINT('Origin',(9.48994965228068,-32.5000002927492,6.5));
#4182=CARTESIAN_POINT('',(10.0000001358143,-29.5459491658141,7.));
#4183=CARTESIAN_POINT('',(11.2270256991565,-30.7729747244681,7.));
#4184=CARTESIAN_POINT('',(10.0000001451908,-32.0000002831221,8.89580862991633));
#4185=CARTESIAN_POINT('Origin',(10.00000014905,-33.0100507875697,6.5));
#4186=CARTESIAN_POINT('',(9.00000014901161,-33.0000002831221,8.9));
#4187=CARTESIAN_POINT('Origin',(9.49497489489659,-32.5050255353459,6.5));
#4188=CARTESIAN_POINT('',(7.16152251441435,-33.0000002831221,5.));
#4189=CARTESIAN_POINT('Origin',(9.98994964456399,-33.0000002831221,6.5));
#4190=CARTESIAN_POINT('',(5.16152222365066,-31.,5.));
#4191=CARTESIAN_POINT('',(8.08076133522522,-33.9192391004207,5.));
#4192=CARTESIAN_POINT('',(8.00000000000001,-31.,8.99998989843073));
#4193=CARTESIAN_POINT('Origin',(7.9899493538003,-31.,6.5));
#4194=CARTESIAN_POINT('Origin',(8.00000000000001,-31.0100506461613,6.5));
#4195=CARTESIAN_POINT('Origin',(8.00000000000001,-31.,5.));
#4196=CARTESIAN_POINT('',(-5.16152208579292,-31.,5.));
#4197=CARTESIAN_POINT('',(8.00000000000001,-31.,5.));
#4198=CARTESIAN_POINT('',(-8.,-31.,8.99998989814271));
#4199=CARTESIAN_POINT('Origin',(-7.98994921053911,-31.,6.5));
#4200=CARTESIAN_POINT('',(-8.,-31.,10.));
#4201=CARTESIAN_POINT('',(-8.,-31.,5.));
#4202=CARTESIAN_POINT('',(8.00000000000001,-31.,10.));
#4203=CARTESIAN_POINT('',(8.00000000000001,-31.,10.));
#4204=CARTESIAN_POINT('',(8.00000000000001,-31.,5.));
#4205=CARTESIAN_POINT('Origin',(-2.22044604925031E-15,7.499995,5.));
#4206=CARTESIAN_POINT('',(-7.16152236891498,-33.0000002831221,5.));
#4207=CARTESIAN_POINT('',(-25.,-33.0000002831221,5.));
#4208=CARTESIAN_POINT('',(-8.08076118445749,-33.9192390986646,5.));
#4209=CARTESIAN_POINT('Origin',(17.5,-25.500000141561,7.));
#4210=CARTESIAN_POINT('',(22.5857864242804,-32.0000000455678,7.));
#4211=CARTESIAN_POINT('',(13.7500001264115,-32.0000002123415,7.));
#4212=CARTESIAN_POINT('',(24.,-30.5857864431552,7.));
#4213=CARTESIAN_POINT('',(23.2928932121402,-31.2928932443615,7.));
#4214=CARTESIAN_POINT('',(24.,-20.4142135623731,7.));
#4215=CARTESIAN_POINT('',(24.,-29.2500000707805,7.));
#4216=CARTESIAN_POINT('',(22.5857864376269,-19.,7.));
#4217=CARTESIAN_POINT('',(23.2928932542037,-19.7071068165768,7.));
#4218=CARTESIAN_POINT('',(11.5857865304454,-19.,7.));
#4219=CARTESIAN_POINT('',(21.25,-19.,7.));
#4220=CARTESIAN_POINT('',(10.0000000894613,-17.4142135650748,7.));
#4221=CARTESIAN_POINT('',(14.0428933276724,-21.4571067878388,7.));
#4222=CARTESIAN_POINT('',(10.0000000792818,-14.7500050851086,7.));
#4223=CARTESIAN_POINT('',(20.0000002607703,-25.5000001713634,7.));
#4224=CARTESIAN_POINT('Origin',(17.5000002607703,-25.5000001713634,7.));
#4225=CARTESIAN_POINT('Origin',(9.50000014710121,-32.5000002831221,5.));
#4226=CARTESIAN_POINT('',(10.0000001451908,-32.0000002831221,11.));
#4227=CARTESIAN_POINT('',(10.0000001451908,-32.0000002831221,5.));
#4228=CARTESIAN_POINT('',(9.50000014710121,-32.5000002831221,11.5));
#4229=CARTESIAN_POINT('',(14.2083322488434,-27.7916681633902,6.79166788026814));
#4230=CARTESIAN_POINT('',(9.00000014901161,-33.0000002831221,11.));
#4231=CARTESIAN_POINT('',(6.00000014248441,-36.0000003011117,7.99999998201034));
#4232=CARTESIAN_POINT('',(9.00000014901161,-33.0000002831221,5.));
#4233=CARTESIAN_POINT('Origin',(-10.,-33.0000002831221,5.));
#4234=CARTESIAN_POINT('',(-9.,-33.0000002831221,11.));
#4235=CARTESIAN_POINT('',(-4.9999999627471,-33.0000002831221,11.));
#4236=CARTESIAN_POINT('',(-8.99999999999999,-33.0000002831221,8.9));
#4237=CARTESIAN_POINT('',(-9.,-33.0000002831221,5.));
#4238=CARTESIAN_POINT('Origin',(-9.98994949366117,-33.0000002831221,6.5));
#4239=CARTESIAN_POINT('Origin',(-17.5,-25.500000141561,7.));
#4240=CARTESIAN_POINT('',(-12.4540511087989,-32.0000002831221,7.));
#4241=CARTESIAN_POINT('',(-10.,-29.5459491743231,7.));
#4242=CARTESIAN_POINT('',(-11.2270255543995,-30.7729747287226,7.));
#4243=CARTESIAN_POINT('',(-10.,-17.4142135623731,7.));
#4244=CARTESIAN_POINT('',(-10.,-9.75000507078052,7.));
#4245=CARTESIAN_POINT('',(-11.5857864376269,-19.,7.));
#4246=CARTESIAN_POINT('',(-14.0428932542037,-21.4571068165768,7.));
#4247=CARTESIAN_POINT('',(-22.5857864376269,-19.,7.));
#4248=CARTESIAN_POINT('',(-13.75,-19.,7.));
#4249=CARTESIAN_POINT('',(-24.,-20.4142135623731,7.));
#4250=CARTESIAN_POINT('',(-23.2928932542037,-19.7071068165768,7.));
#4251=CARTESIAN_POINT('',(-24.,-30.585786720749,7.));
#4252=CARTESIAN_POINT('',(-24.,-21.7500000707805,7.));
#4253=CARTESIAN_POINT('',(-22.5857864376269,-32.0000002831221,7.));
#4254=CARTESIAN_POINT('',(-23.2928932542037,-31.2928934665453,7.));
#4255=CARTESIAN_POINT('',(-13.75,-32.0000002831221,7.));
#4256=CARTESIAN_POINT('',(-15.,-25.5000002831221,7.));
#4257=CARTESIAN_POINT('Origin',(-17.5,-25.5000002831221,7.));
#4258=CARTESIAN_POINT('Origin',(-9.49497474683058,-32.5050255362915,6.5));
#4259=CARTESIAN_POINT('',(-10.,-32.0000002831221,8.89580862911092));
#4260=CARTESIAN_POINT('Origin',(-10.,-33.0100507894609,6.5));
#4261=CARTESIAN_POINT('',(-13.4540511087989,-33.0000002831221,6.));
#4262=CARTESIAN_POINT('Origin',(-9.48994949366117,-32.5000002831221,6.5));
#4263=CARTESIAN_POINT('',(-12.8183766184074,-33.0000002831221,5.));
#4264=CARTESIAN_POINT('Origin',(-9.98994949366117,-33.0000002831221,6.5));
#4265=CARTESIAN_POINT('',(-8.,-28.1816236647147,5.));
#4266=CARTESIAN_POINT('',(-10.9091883092037,-31.0908119739184,5.));
#4267=CARTESIAN_POINT('Origin',(-8.,-31.0100507894609,6.5));
#4268=CARTESIAN_POINT('Origin',(-9.49497474683058,-32.5050255362915,6.5));
#4269=CARTESIAN_POINT('Origin',(-9.5,-32.5000002831221,5.));
#4270=CARTESIAN_POINT('',(-9.5,-32.5000002831221,11.5));
#4271=CARTESIAN_POINT('',(-7.66666666045785,-34.3333336226642,9.66666666045784));
#4272=CARTESIAN_POINT('',(-10.,-32.0000002831221,11.));
#4273=CARTESIAN_POINT('',(-15.0416654520569,-26.9583348310651,5.95833454794307));
#4274=CARTESIAN_POINT('',(-10.,-32.0000002831221,5.));
#4275=CARTESIAN_POINT('Origin',(-10.,-33.0000002831221,5.));
#4276=CARTESIAN_POINT('',(-23.,-33.0000002831221,6.));
#4277=CARTESIAN_POINT('',(-13.75,-33.0000002831221,6.));
#4278=CARTESIAN_POINT('',(-23.,-33.0000002831221,5.));
#4279=CARTESIAN_POINT('',(-23.,-33.0000002831221,5.));
#4280=CARTESIAN_POINT('',(-25.,-33.0000002831221,5.));
#4281=CARTESIAN_POINT('Origin',(-17.5,-25.5000002831221,7.));
#4282=CARTESIAN_POINT('',(-15.,-25.5000002831221,6.));
#4283=CARTESIAN_POINT('',(-15.,-25.5000002831221,7.));
#4284=CARTESIAN_POINT('Origin',(-17.5,-25.5000002831221,6.));
#4285=CARTESIAN_POINT('Origin',(-17.5,-25.5000002831221,6.));
#4286=CARTESIAN_POINT('',(-16.,-25.5000002831221,6.));
#4287=CARTESIAN_POINT('Origin',(-17.5,-25.5000002831221,6.));
#4288=CARTESIAN_POINT('Origin',(17.5000002607703,-25.5000001713634,7.));
#4289=CARTESIAN_POINT('',(20.0000002607703,-25.5000001713634,6.));
#4290=CARTESIAN_POINT('',(20.0000002607703,-25.5000001713634,7.));
#4291=CARTESIAN_POINT('Origin',(17.5000002607703,-25.5000001713634,6.));
#4292=CARTESIAN_POINT('Origin',(17.5000002607703,-25.5000001713634,6.));
#4293=CARTESIAN_POINT('',(19.,-25.500000141561,6.));
#4294=CARTESIAN_POINT('Origin',(17.5,-25.500000141561,6.));
#4295=CARTESIAN_POINT('Origin',(17.5,-25.500000141561,7.));
#4296=CARTESIAN_POINT('',(19.,-25.500000141561,5.));
#4297=CARTESIAN_POINT('',(19.,-25.500000141561,7.));
#4298=CARTESIAN_POINT('Origin',(17.5,-25.500000141561,5.));
#4299=CARTESIAN_POINT('Origin',(-17.5,-25.5000002831221,7.));
#4300=CARTESIAN_POINT('',(-16.,-25.5000002831221,5.));
#4301=CARTESIAN_POINT('',(-16.,-25.5000002831221,7.));
#4302=CARTESIAN_POINT('Origin',(-17.5,-25.5000002831221,5.));
#4303=CARTESIAN_POINT('Origin',(14.3964467175902,-21.1035533965701,6.5));
#4304=CARTESIAN_POINT('',(12.0000000916994,-18.,6.));
#4305=CARTESIAN_POINT('',(10.0000000840578,-16.,6.));
#4306=CARTESIAN_POINT('',(14.750000107508,-20.7500000053014,6.));
#4307=CARTESIAN_POINT('',(10.0000000748242,-13.5833366714055,4.29116097577058));
#4308=CARTESIAN_POINT('',(11.5857865304454,-19.,7.));
#4309=CARTESIAN_POINT('Origin',(21.25,-18.5,6.5));
#4310=CARTESIAN_POINT('',(23.,-18.,6.));
#4311=CARTESIAN_POINT('',(22.5857864376269,-19.,7.));
#4312=CARTESIAN_POINT('',(21.25,-18.,6.));
#4313=CARTESIAN_POINT('Origin',(23.646446644797,-19.3535534259835,6.5));
#4314=CARTESIAN_POINT('',(25.,-20.,6.));
#4315=CARTESIAN_POINT('',(24.,-20.4142135623731,7.));
#4316=CARTESIAN_POINT('',(24.0000000353903,-19.0000000353903,6.));
#4317=CARTESIAN_POINT('Origin',(24.5,-29.2500000707805,6.5));
#4318=CARTESIAN_POINT('',(25.,-31.,6.));
#4319=CARTESIAN_POINT('',(24.,-30.5857864431552,7.));
#4320=CARTESIAN_POINT('',(25.,-29.2500000707805,6.));
#4321=CARTESIAN_POINT('Origin',(23.6464466060701,-31.6464466316182,6.5));
#4322=CARTESIAN_POINT('',(22.5857864242804,-32.0000000455678,7.));
#4323=CARTESIAN_POINT('',(24.,-32.0000000188748,6.));
#4324=CARTESIAN_POINT('Origin',(13.7500001358489,-32.5000002123415,6.5));
#4325=CARTESIAN_POINT('Origin',(11.0000000878786,-17.,5.));
#4326=CARTESIAN_POINT('',(12.0000000916994,-18.,5.));
#4327=CARTESIAN_POINT('',(12.0000000916994,-18.,5.));
#4328=CARTESIAN_POINT('',(10.0000000840578,-16.,5.));
#4329=CARTESIAN_POINT('',(2.12500130540173,-8.12500125143282,5.));
#4330=CARTESIAN_POINT('',(10.0000000840578,-16.,5.));
#4331=CARTESIAN_POINT('Origin',(25.,-18.,5.));
#4332=CARTESIAN_POINT('',(23.,-18.,5.));
#4333=CARTESIAN_POINT('',(23.,-18.,5.));
#4334=CARTESIAN_POINT('',(25.,-18.,5.));
#4335=CARTESIAN_POINT('Origin',(24.,-19.,5.));
#4336=CARTESIAN_POINT('',(25.,-20.,5.));
#4337=CARTESIAN_POINT('',(25.,-20.,5.));
#4338=CARTESIAN_POINT('',(11.37500125,-6.37500125000001,5.));
#4339=CARTESIAN_POINT('Origin',(25.,-33.,5.));
#4340=CARTESIAN_POINT('',(25.,-31.,5.));
#4341=CARTESIAN_POINT('',(25.,-31.,5.));
#4342=CARTESIAN_POINT('',(25.,-33.,5.));
#4343=CARTESIAN_POINT('Origin',(24.,-32.0000000188748,5.));
#4344=CARTESIAN_POINT('',(27.8749988679675,-28.1250010777675,5.));
#4345=CARTESIAN_POINT('Origin',(-13.75,-32.5000002831221,6.5));
#4346=CARTESIAN_POINT('',(-22.5857864376269,-32.0000002831221,7.));
#4347=CARTESIAN_POINT('Origin',(-23.646446644797,-31.6464468571385,6.5));
#4348=CARTESIAN_POINT('',(-25.,-31.0000002831221,6.));
#4349=CARTESIAN_POINT('',(-24.0000000353903,-32.0000002477318,6.));
#4350=CARTESIAN_POINT('',(-24.,-30.585786720749,7.));
#4351=CARTESIAN_POINT('Origin',(-24.5,-21.7500000707805,6.5));
#4352=CARTESIAN_POINT('',(-25.,-20.,6.));
#4353=CARTESIAN_POINT('',(-25.,-21.7500000707805,6.));
#4354=CARTESIAN_POINT('',(-24.,-20.4142135623731,7.));
#4355=CARTESIAN_POINT('Origin',(-23.646446644797,-19.3535534259835,6.5));
#4356=CARTESIAN_POINT('',(-23.,-18.,6.));
#4357=CARTESIAN_POINT('',(-24.0000000353903,-19.0000000353903,6.));
#4358=CARTESIAN_POINT('',(-22.5857864376269,-19.,7.));
#4359=CARTESIAN_POINT('Origin',(-13.75,-18.5,6.5));
#4360=CARTESIAN_POINT('',(-12.,-18.,6.));
#4361=CARTESIAN_POINT('',(-13.75,-18.,6.));
#4362=CARTESIAN_POINT('',(-11.5857864376269,-19.,7.));
#4363=CARTESIAN_POINT('Origin',(-14.396446644797,-21.1035534259835,6.5));
#4364=CARTESIAN_POINT('',(-10.,-16.,6.));
#4365=CARTESIAN_POINT('',(-10.,-10.2500033451301,1.93413837354152));
#4366=CARTESIAN_POINT('',(-14.7500000353903,-20.7500000353903,6.));
#4367=CARTESIAN_POINT('Origin',(-24.,-32.0000002831221,5.));
#4368=CARTESIAN_POINT('',(-25.,-31.0000002831221,5.));
#4369=CARTESIAN_POINT('',(-25.,-31.0000002831221,5.));
#4370=CARTESIAN_POINT('',(-27.8749988207805,-28.1250014623416,5.));
#4371=CARTESIAN_POINT('Origin',(-25.,-18.,5.));
#4372=CARTESIAN_POINT('',(-25.,-20.,5.));
#4373=CARTESIAN_POINT('',(-25.,-20.,5.));
#4374=CARTESIAN_POINT('',(-25.,-18.,5.));
#4375=CARTESIAN_POINT('Origin',(-24.,-19.,5.));
#4376=CARTESIAN_POINT('',(-23.,-18.,5.));
#4377=CARTESIAN_POINT('',(-23.,-18.,5.));
#4378=CARTESIAN_POINT('',(-11.37500125,-6.37500125000001,5.));
#4379=CARTESIAN_POINT('Origin',(-10.,-18.,5.));
#4380=CARTESIAN_POINT('',(-12.,-18.,5.));
#4381=CARTESIAN_POINT('',(-12.,-18.,5.));
#4382=CARTESIAN_POINT('',(-10.,-18.,5.));
#4383=CARTESIAN_POINT('Origin',(-11.,-17.,5.));
#4384=CARTESIAN_POINT('',(-10.,-16.,5.));
#4385=CARTESIAN_POINT('',(-10.,-16.,5.));
#4386=CARTESIAN_POINT('',(-2.12500125,-8.12500125000001,5.));
#4387=CARTESIAN_POINT('Origin',(-4.9999999627471,-32.5000002831221,11.5));
#4388=CARTESIAN_POINT('',(9.0000001451908,-32.0000002831221,12.));
#4389=CARTESIAN_POINT('',(9.0000001451908,-32.0000002831221,12.));
#4390=CARTESIAN_POINT('',(-9.,-32.0000002831221,12.));
#4391=CARTESIAN_POINT('',(-4.9999999627471,-32.0000002831221,12.));
#4392=CARTESIAN_POINT('',(-9.,-32.0000002831221,12.));
#4393=CARTESIAN_POINT('Origin',(10.0000000382081,-4.00001,5.));
#4394=CARTESIAN_POINT('',(10.0000000639986,-10.7500075516765,11.));
#4395=CARTESIAN_POINT('',(10.0000001490116,-33.0000002831221,5.));
#4396=CARTESIAN_POINT('Origin',(9.50000006399858,-10.7500075535869,11.5));
#4397=CARTESIAN_POINT('',(9.00000006399858,-10.7500075554973,12.));
#4398=CARTESIAN_POINT('Origin',(-10.,9.99999,5.));
#4399=CARTESIAN_POINT('',(8.00000000000001,9.99999,5.));
#4400=CARTESIAN_POINT('',(8.00000000000001,9.99999,10.));
#4401=CARTESIAN_POINT('',(8.00000000000001,9.99999,5.));
#4402=CARTESIAN_POINT('',(-8.,9.99999,10.));
#4403=CARTESIAN_POINT('',(-12.5000001862645,9.99999,10.));
#4404=CARTESIAN_POINT('',(-8.,9.99999,5.));
#4405=CARTESIAN_POINT('',(-8.,9.99999,5.));
#4406=CARTESIAN_POINT('',(-12.5000001862645,9.99999,5.));
#4407=CARTESIAN_POINT('Origin',(8.00000000000001,9.99999,5.));
#4408=CARTESIAN_POINT('',(8.00000000000001,7.99999,10.));
#4409=CARTESIAN_POINT('',(8.00000000000001,7.99999,5.));
#4410=CARTESIAN_POINT('Origin',(7.45058059692383E-8,-3.50000514156103,10.));
#4411=CARTESIAN_POINT('',(-8.,-31.,10.));
#4412=CARTESIAN_POINT('Origin',(5.00000001528324,12.99999,8.));
#4413=CARTESIAN_POINT('',(-10.,14.99999,6.));
#4414=CARTESIAN_POINT('',(-8.29289321881345,13.2928832188134,7.70710678118655));
#4415=CARTESIAN_POINT('',(-7.62500041411946,12.6249904141195,8.37499958588054));
#4416=CARTESIAN_POINT('',(-10.,11.99999,9.));
#4417=CARTESIAN_POINT('',(-10.,15.49999,5.5));
#4418=CARTESIAN_POINT('',(10.0000000305665,11.99999,9.));
#4419=CARTESIAN_POINT('',(5.00000001528324,11.99999,9.));
#4420=CARTESIAN_POINT('',(10.0000000191041,14.99999,6.));
#4421=CARTESIAN_POINT('',(10.0000000267457,12.999990004776,7.99999999522398));
#4422=CARTESIAN_POINT('',(8.29289324444004,13.2928832188134,7.70710678118655));
#4423=CARTESIAN_POINT('',(8.45833377632114,13.4583237513267,7.54166624867333));
#4424=CARTESIAN_POINT('',(2.50000000764162,13.2928832188134,7.70710678118655));
#4425=CARTESIAN_POINT('Origin',(10.0000000305665,11.99999,7.));
#4426=CARTESIAN_POINT('',(10.0000000305665,11.99999,10.));
#4427=CARTESIAN_POINT('',(-10.,11.99999,10.));
#4428=CARTESIAN_POINT('',(5.00000005253615,11.99999,10.));
#4429=CARTESIAN_POINT('',(10.0000000305665,11.99999,7.));
#4430=CARTESIAN_POINT('',(-10.,11.99999,7.));
#4431=CARTESIAN_POINT('Origin',(5.00000005253615,10.99999,11.));
#4432=CARTESIAN_POINT('',(10.0000000343873,10.99999,11.));
#4433=CARTESIAN_POINT('',(9.70710681669294,10.7070967811865,11.2928932188135));
#4434=CARTESIAN_POINT('',(7.70833378983727,8.70832374669394,13.2916662533061));
#4435=CARTESIAN_POINT('',(10.0000000296113,12.249990004776,9.74999999522399));
#4436=CARTESIAN_POINT('',(-10.,10.99999,11.));
#4437=CARTESIAN_POINT('',(-10.,14.74999,7.25));
#4438=CARTESIAN_POINT('',(-9.70710678118655,10.7070967811865,11.2928932188135));
#4439=CARTESIAN_POINT('',(-6.87500039611389,7.87499039611389,14.1249996038861));
#4440=CARTESIAN_POINT('',(2.50000006352098,10.7070967811865,11.2928932188135));
#4441=CARTESIAN_POINT('Origin',(2.50000006352098,9.85354339059327,11.6464466094067));
#4442=CARTESIAN_POINT('',(-9.,8.99999,12.));
#4443=CARTESIAN_POINT('',(-9.,8.99999,12.));
#4444=CARTESIAN_POINT('',(9.00000004202893,8.99999,12.));
#4445=CARTESIAN_POINT('',(2.50000006352098,8.99999,12.));
#4446=CARTESIAN_POINT('',(9.00000004202893,8.99999,12.));
#4447=CARTESIAN_POINT('Origin',(10.5000000019104,19.49999,5.));
#4448=CARTESIAN_POINT('',(10.0000000038208,18.99999,6.));
#4449=CARTESIAN_POINT('',(11.,19.99999,6.));
#4450=CARTESIAN_POINT('',(8.37500126146243,17.3749912514328,6.));
#4451=CARTESIAN_POINT('',(10.0000000038208,18.99999,5.));
#4452=CARTESIAN_POINT('',(10.0000000038208,18.99999,5.));
#4453=CARTESIAN_POINT('',(11.,19.99999,5.));
#4454=CARTESIAN_POINT('',(8.37500126146244,17.3749912514328,5.));
#4455=CARTESIAN_POINT('',(11.,19.99999,5.));
#4456=CARTESIAN_POINT('Origin',(10.,19.99999,5.));
#4457=CARTESIAN_POINT('',(11.5,19.99999,6.));
#4458=CARTESIAN_POINT('',(5.,19.99999,6.));
#4459=CARTESIAN_POINT('',(11.5,19.99999,5.));
#4460=CARTESIAN_POINT('',(10.,19.99999,5.));
#4461=CARTESIAN_POINT('',(11.5,19.99999,5.));
#4462=CARTESIAN_POINT('Origin',(12.,20.49999,5.));
#4463=CARTESIAN_POINT('',(12.5,20.99999,6.));
#4464=CARTESIAN_POINT('',(9.25000124999999,17.74999125,6.));
#4465=CARTESIAN_POINT('',(12.5,20.99999,5.));
#4466=CARTESIAN_POINT('',(9.25000124999999,17.74999125,5.));
#4467=CARTESIAN_POINT('',(12.5,20.99999,5.));
#4468=CARTESIAN_POINT('Origin',(12.5,19.99999,5.));
#4469=CARTESIAN_POINT('',(12.5,32.,6.));
#4470=CARTESIAN_POINT('',(12.5,20.7499925,6.));
#4471=CARTESIAN_POINT('',(12.5,32.,5.));
#4472=CARTESIAN_POINT('',(12.5,19.99999,5.));
#4473=CARTESIAN_POINT('',(12.5,32.,5.));
#4474=CARTESIAN_POINT('Origin',(12.,32.5,5.));
#4475=CARTESIAN_POINT('',(11.5,33.,6.));
#4476=CARTESIAN_POINT('',(11.75000125,32.74999875,6.));
#4477=CARTESIAN_POINT('',(11.5,33.,5.));
#4478=CARTESIAN_POINT('',(11.75000125,32.74999875,5.));
#4479=CARTESIAN_POINT('',(11.5,33.,5.));
#4480=CARTESIAN_POINT('Origin',(12.5,33.,5.));
#4481=CARTESIAN_POINT('',(-11.5,33.,6.));
#4482=CARTESIAN_POINT('',(6.25,33.,6.));
#4483=CARTESIAN_POINT('',(-11.5,33.,5.));
#4484=CARTESIAN_POINT('',(12.5,33.,5.));
#4485=CARTESIAN_POINT('',(-11.5,33.,5.));
#4486=CARTESIAN_POINT('Origin',(-12.,32.5,5.));
#4487=CARTESIAN_POINT('',(-12.5,32.,6.));
#4488=CARTESIAN_POINT('',(-11.75000125,32.74999875,6.));
#4489=CARTESIAN_POINT('',(-12.5,32.,5.));
#4490=CARTESIAN_POINT('',(-11.75000125,32.74999875,5.));
#4491=CARTESIAN_POINT('',(-12.5,32.,5.));
#4492=CARTESIAN_POINT('Origin',(-12.5,33.,5.));
#4493=CARTESIAN_POINT('',(-12.5,20.99999,6.));
#4494=CARTESIAN_POINT('',(-12.5,27.2499975,6.));
#4495=CARTESIAN_POINT('',(-12.5,20.99999,5.));
#4496=CARTESIAN_POINT('',(-12.5,33.,5.));
#4497=CARTESIAN_POINT('',(-12.5,20.99999,5.));
#4498=CARTESIAN_POINT('Origin',(-12.,20.49999,5.));
#4499=CARTESIAN_POINT('',(-11.5,19.99999,6.));
#4500=CARTESIAN_POINT('',(-9.25000124999999,17.74999125,6.));
#4501=CARTESIAN_POINT('',(-11.5,19.99999,5.));
#4502=CARTESIAN_POINT('',(-9.25000124999999,17.74999125,5.));
#4503=CARTESIAN_POINT('',(-11.5,19.99999,5.));
#4504=CARTESIAN_POINT('Origin',(-12.5,19.99999,5.));
#4505=CARTESIAN_POINT('',(-11.,19.99999,6.));
#4506=CARTESIAN_POINT('',(-6.25,19.99999,6.));
#4507=CARTESIAN_POINT('',(-11.,19.99999,5.));
#4508=CARTESIAN_POINT('',(-12.5,19.99999,5.));
#4509=CARTESIAN_POINT('',(-11.,19.99999,5.));
#4510=CARTESIAN_POINT('Origin',(-10.5,19.49999,5.));
#4511=CARTESIAN_POINT('',(-10.,18.99999,6.));
#4512=CARTESIAN_POINT('',(-8.37500125000001,17.37499125,6.));
#4513=CARTESIAN_POINT('',(-10.,18.99999,5.));
#4514=CARTESIAN_POINT('',(-8.37500125000001,17.37499125,5.));
#4515=CARTESIAN_POINT('',(-10.,18.99999,5.));
#4516=CARTESIAN_POINT('Origin',(9.50000001623844,15.7499925171937,6.5));
#4517=CARTESIAN_POINT('',(9.00000000223818,19.4142035596714,7.));
#4518=CARTESIAN_POINT('',(9.00000001910406,14.99999,7.));
#4519=CARTESIAN_POINT('',(9.00000001623844,15.7499925152832,7.));
#4520=CARTESIAN_POINT('',(8.61016773649125,14.058851607584,7.38983228620872));
#4521=CARTESIAN_POINT('',(10.0000000162384,15.7499925191041,6.));
#4522=CARTESIAN_POINT('',(9.00000000223818,19.4142035596714,7.));
#4523=CARTESIAN_POINT('Origin',(8.02144787019373,17.7285446413506,6.5));
#4524=CARTESIAN_POINT('',(10.5857864365078,20.99999,7.));
#4525=CARTESIAN_POINT('',(7.66789447892503,18.0820980312685,7.));
#4526=CARTESIAN_POINT('',(10.5857864365078,20.99999,7.));
#4527=CARTESIAN_POINT('Origin',(5.,20.49999,6.5));
#4528=CARTESIAN_POINT('',(11.0857864376269,20.99999,7.));
#4529=CARTESIAN_POINT('',(5.,20.99999,7.));
#4530=CARTESIAN_POINT('',(11.0857864376269,20.99999,7.));
#4531=CARTESIAN_POINT('Origin',(8.89644785940672,18.1035446405933,6.5));
#4532=CARTESIAN_POINT('',(11.5,21.4142035623731,7.));
#4533=CARTESIAN_POINT('',(8.54289446881344,18.4570980311865,7.));
#4534=CARTESIAN_POINT('',(11.5,21.4142035623731,7.));
#4535=CARTESIAN_POINT('Origin',(12.,20.7499925,6.5));
#4536=CARTESIAN_POINT('',(11.5,31.5857864376269,7.));
#4537=CARTESIAN_POINT('',(11.5,20.7499925,7.));
#4538=CARTESIAN_POINT('',(11.5,31.5857864376269,7.));
#4539=CARTESIAN_POINT('Origin',(11.3964478594067,32.3964453594067,6.5));
#4540=CARTESIAN_POINT('',(11.0857864376269,32.,7.));
#4541=CARTESIAN_POINT('',(11.0428944688135,32.0428919688134,7.));
#4542=CARTESIAN_POINT('',(11.0857864376269,32.,7.));
#4543=CARTESIAN_POINT('Origin',(6.25,32.5,6.5));
#4544=CARTESIAN_POINT('',(-11.0857864376269,32.,7.));
#4545=CARTESIAN_POINT('',(6.25,32.,7.));
#4546=CARTESIAN_POINT('',(-11.0857864376269,32.,7.));
#4547=CARTESIAN_POINT('Origin',(-11.3964478594067,32.3964453594067,6.5));
#4548=CARTESIAN_POINT('',(-11.5,31.5857864376269,7.));
#4549=CARTESIAN_POINT('',(-11.0428944688134,32.0428919688135,7.));
#4550=CARTESIAN_POINT('',(-11.5,31.5857864376269,7.));
#4551=CARTESIAN_POINT('Origin',(-12.,27.2499975,6.5));
#4552=CARTESIAN_POINT('',(-11.5,21.4142035623731,7.));
#4553=CARTESIAN_POINT('',(-11.5,27.2499975,7.));
#4554=CARTESIAN_POINT('',(-11.5,21.4142035623731,7.));
#4555=CARTESIAN_POINT('Origin',(-8.89644785940672,18.1035446405933,6.5));
#4556=CARTESIAN_POINT('',(-11.0857864376269,20.99999,7.));
#4557=CARTESIAN_POINT('',(-8.54289446881345,18.4570980311865,7.));
#4558=CARTESIAN_POINT('',(-11.0857864376269,20.99999,7.));
#4559=CARTESIAN_POINT('Origin',(-6.25,20.49999,6.5));
#4560=CARTESIAN_POINT('',(-10.5857864376269,20.99999,7.));
#4561=CARTESIAN_POINT('',(-6.25,20.99999,7.));
#4562=CARTESIAN_POINT('',(-10.5857864376269,20.99999,7.));
#4563=CARTESIAN_POINT('Origin',(-8.02144785940673,17.7285446405933,6.5));
#4564=CARTESIAN_POINT('',(-9.,19.4142035623731,7.));
#4565=CARTESIAN_POINT('',(-7.66789446881346,18.0820980311865,7.));
#4566=CARTESIAN_POINT('',(-9.,19.4142035623731,7.));
#4567=CARTESIAN_POINT('Origin',(-9.5,20.7499925,6.5));
#4568=CARTESIAN_POINT('',(-10.,20.7499925,6.));
#4569=CARTESIAN_POINT('',(-9.,14.99999,7.));
#4570=CARTESIAN_POINT('',(-9.06179532834291,15.1491771197767,6.93820467165709));
#4571=CARTESIAN_POINT('',(-9.,20.7499925,7.));
#4572=CARTESIAN_POINT('Origin',(-2.22044604925031E-15,21.499995,7.));
#4573=CARTESIAN_POINT('',(2.50000000764162,14.99999,7.));
#4574=CARTESIAN_POINT('Origin',(2.50000000764162,14.1464366094067,7.35355339059327));
#4575=CARTESIAN_POINT('Origin',(-8.,-17.,5.));
#4576=CARTESIAN_POINT('',(-8.,-17.,5.));
#4577=CARTESIAN_POINT('Origin',(-10.,19.99999,5.));
#4578=CARTESIAN_POINT('',(-10.,8.24999242921948,11.));
#4579=CARTESIAN_POINT('',(-10.,5.99999,5.));
#4580=CARTESIAN_POINT('Origin',(-2.22044604925031E-15,21.499995,5.));
#4581=CARTESIAN_POINT('',(10.0000001490116,-19.0000002831221,5.));
#4582=CARTESIAN_POINT('Origin',(10.0000000382081,9.99999,5.));
#4583=CARTESIAN_POINT('',(10.0000000639986,3.24999244832354,11.));
#4584=CARTESIAN_POINT('Origin',(9.50000006399858,3.24999244641313,11.5));
#4585=CARTESIAN_POINT('',(9.00000006399858,3.24999244450273,12.));
#4586=CARTESIAN_POINT('Origin',(7.45058059692383E-8,-3.50000514156103,12.));
#4587=CARTESIAN_POINT('',(-9.,8.24999242921948,12.));
#4588=CARTESIAN_POINT('Origin',(-9.5,8.24999242921948,11.5));
#4589=UNCERTAINTY_MEASURE_WITH_UNIT(LENGTH_MEASURE(0.01),#4593,
'DISTANCE_ACCURACY_VALUE',
'Maximum model space distance between geometric entities at asserted c
onnectivities');
#4590=UNCERTAINTY_MEASURE_WITH_UNIT(LENGTH_MEASURE(0.01),#4593,
'DISTANCE_ACCURACY_VALUE',
'Maximum model space distance between geometric entities at asserted c
onnectivities');
#4591=(
GEOMETRIC_REPRESENTATION_CONTEXT(3)
GLOBAL_UNCERTAINTY_ASSIGNED_CONTEXT((#4589))
GLOBAL_UNIT_ASSIGNED_CONTEXT((#4593,#4595,#4596))
REPRESENTATION_CONTEXT('','3D')
);
#4592=(
GEOMETRIC_REPRESENTATION_CONTEXT(3)
GLOBAL_UNCERTAINTY_ASSIGNED_CONTEXT((#4590))
GLOBAL_UNIT_ASSIGNED_CONTEXT((#4593,#4595,#4596))
REPRESENTATION_CONTEXT('','3D')
);
#4593=(
LENGTH_UNIT()
NAMED_UNIT(*)
SI_UNIT(.MILLI.,.METRE.)
);
#4594=(
LENGTH_UNIT()
NAMED_UNIT(*)
SI_UNIT($,.METRE.)
);
#4595=(
NAMED_UNIT(*)
PLANE_ANGLE_UNIT()
SI_UNIT($,.RADIAN.)
);
#4596=(
NAMED_UNIT(*)
SI_UNIT($,.STERADIAN.)
SOLID_ANGLE_UNIT()
);
#4597=SHAPE_DEFINITION_REPRESENTATION(#4598,#4599);
#4598=PRODUCT_DEFINITION_SHAPE('',$,#4601);
#4599=SHAPE_REPRESENTATION('',(#2857),#4591);
#4600=PRODUCT_DEFINITION_CONTEXT('part definition',#4605,'design');
#4601=PRODUCT_DEFINITION('new_window_sensor','new_window_sensor v3',#4602,
#4600);
#4602=PRODUCT_DEFINITION_FORMATION('',$,#4607);
#4603=PRODUCT_RELATED_PRODUCT_CATEGORY('new_window_sensor v3',
'new_window_sensor v3',(#4607));
#4604=APPLICATION_PROTOCOL_DEFINITION('international standard',
'automotive_design',2009,#4605);
#4605=APPLICATION_CONTEXT(
'Core Data for Automotive Mechanical Design Process');
#4606=PRODUCT_CONTEXT('part definition',#4605,'mechanical');
#4607=PRODUCT('new_window_sensor','new_window_sensor v3',$,(#4606));
#4608=PRESENTATION_STYLE_ASSIGNMENT((#4609));
#4609=SURFACE_STYLE_USAGE(.BOTH.,#4610);
#4610=SURFACE_SIDE_STYLE('',(#4611));
#4611=SURFACE_STYLE_FILL_AREA(#4612);
#4612=FILL_AREA_STYLE('Stahl - satiniert',(#4613));
#4613=FILL_AREA_STYLE_COLOUR('Stahl - satiniert',#4614);
#4614=COLOUR_RGB('Stahl - satiniert',0.627450980392157,0.627450980392157,
0.627450980392157);
ENDSEC;
END-ISO-10303-21;
